{
  "active_participant_rows": 36380,
  "eligible_rows": 26726,
  "feature_count": 122,
  "feature_missing_rate": {
    "age": 0.0,
    "age_missing": 0.0,
    "coach_history_missing": 0.0,
    "division_game": 0.0,
    "dome": 0.0,
    "draft_number": 0.0,
    "expected_points_missing": 0.0,
    "implied_team_points": 0.0,
    "injury_doubtful": 0.0,
    "injury_out": 0.0,
    "injury_questionable": 0.0,
    "is_home": 0.0,
    "line_missing": 0.0,
    "opponent_rest": 0.0,
    "outdoors": 0.0,
    "practice_dnp": 0.0,
    "practice_limited": 0.0,
    "pre_air_yards_share_ewm4": 0.023920978285525744,
    "pre_attempts_ewm4": 0.023920978285525744,
    "pre_attempts_trend_2v8": 0.023920978285525744,
    "pre_carries_ewm4": 0.023920978285525744,
    "pre_carries_trend_2v8": 0.023920978285525744,
    "pre_carry_share_ewm4": 0.023920978285525744,
    "pre_carry_share_trend_2v8": 0.023920978285525744,
    "pre_catch_rate_ewm8": 0.36580537397150104,
    "pre_coach_pace_ewm8": 0.02450869197616151,
    "pre_coach_pass_rate_ewm8": 0.02450869197616151,
    "pre_coach_qb_rush_share_ewm8": 0.02450869197616151,
    "pre_coach_rb_target_share_ewm8": 0.02450869197616151,
    "pre_coach_te_target_share_ewm8": 0.02450869197616151,
    "pre_coach_wr_target_share_ewm8": 0.02450869197616151,
    "pre_current_qb_id_games": 0.0,
    "pre_current_qb_id_uplift": 0.0,
    "pre_expected_completions_ewm4": 0.023920978285525744,
    "pre_expected_first_downs_ewm4": 0.023920978285525744,
    "pre_expected_interceptions_ewm8": 0.023920978285525744,
    "pre_expected_pass_points_ewm4": 0.023920978285525744,
    "pre_expected_points_ewm2": 0.023920978285525744,
    "pre_expected_points_ewm4": 0.023920978285525744,
    "pre_expected_points_ewm8": 0.023920978285525744,
    "pre_expected_points_trend_2v8": 0.023920978285525744,
    "pre_expected_receiving_points_ewm4": 0.023920978285525744,
    "pre_expected_receptions_ewm4": 0.023920978285525744,
    "pre_expected_rush_points_ewm4": 0.023920978285525744,
    "pre_expected_touchdowns_ewm4": 0.023920978285525744,
    "pre_expected_touchdowns_ewm8": 0.023920978285525744,
    "pre_expected_yards_ewm4": 0.023920978285525744,
    "pre_fantasy_points_ewm2": 0.023920978285525744,
    "pre_fantasy_points_ewm4": 0.023920978285525744,
    "pre_fantasy_points_ewm8": 0.023920978285525744,
    "pre_fantasy_points_sd8": 0.04528488647846081,
    "pre_offense_pct_ewm4": 0.023920978285525744,
    "pre_offense_pct_trend_2v8": 0.023920978285525744,
    "pre_opponent_position_points_ewm8": 0.011589301548677128,
    "pre_opportunities_ewm4": 0.023920978285525744,
    "pre_opportunities_trend_2v8": 0.023920978285525744,
    "pre_passing_cpoe_ewm8": 0.023920978285525744,
    "pre_passing_epa_ewm8": 0.023920978285525744,
    "pre_played_games": 0.0,
    "pre_points_over_expected_ewm4": 0.023920978285525744,
    "pre_position_role_rank": 0.0,
    "pre_primetime_key_uplift": 0.0,
    "pre_receiving_epa_ewm8": 0.023920978285525744,
    "pre_receptions_ewm4": 0.023920978285525744,
    "pre_receptions_trend_2v8": 0.023920978285525744,
    "pre_reconciled_attempt_share": 0.0,
    "pre_reconciled_carry_share": 0.0,
    "pre_reconciled_target_share": 0.0,
    "pre_referee_uplift": 0.0,
    "pre_roster_weeks": 0.0,
    "pre_rushing_epa_ewm8": 0.023920978285525744,
    "pre_stadium_uplift": 0.0,
    "pre_surface_uplift": 0.0,
    "pre_target_share_calc_ewm4": 0.023920978285525744,
    "pre_target_share_calc_trend_2v8": 0.023920978285525744,
    "pre_targets_ewm4": 0.023920978285525744,
    "pre_targets_trend_2v8": 0.023920978285525744,
    "pre_td_per_opportunity_ewm8": 0.2777411172746582,
    "pre_team_expected_points_ewm4": 0.01038294186789846,
    "pre_team_pass_attempts_ewm4": 0.01038294186789846,
    "pre_team_points_ewm4": 0.01038294186789846,
    "pre_team_rush_attempts_ewm4": 0.01038294186789846,
    "pre_topdown_attempts": 0.01038294186789846,
    "pre_topdown_carries": 0.01038294186789846,
    "pre_topdown_opportunities": 0.01038294186789846,
    "pre_topdown_targets": 0.01038294186789846,
    "pre_touches_ewm4": 0.023920978285525744,
    "pre_usage_share_overflow": 0.0,
    "pre_wopr_ewm4": 0.023920978285525744,
    "pre_yards_per_attempt_ewm8": 0.8456993792918566,
    "pre_yards_per_carry_ewm8": 0.520930855999835,
    "pre_yards_per_target_ewm8": 0.36580537397150104,
    "primetime": 0.0,
    "qb_changed": 0.0,
    "rb1_out": 0.0,
    "rest": 0.0,
    "rest_advantage": 0.0,
    "roster_snapshot_carried": 0.0,
    "schedule_missing": 0.0,
    "snaps_missing": 0.0,
    "status_inactive": 0.0,
    "te1_out": 0.0,
    "team_changed": 0.0,
    "team_spread": 0.0,
    "temperature": 0.0,
    "total_line": 0.0,
    "turf": 0.0,
    "unavailable_skill_count": 0.0,
    "vacated_carry_share": 0.0,
    "vacated_target_share": 0.0,
    "weather_missing": 0.0,
    "wind": 0.0,
    "wr1_out": 0.0,
    "years_exp": 0.0,
    "z_carry_share_ewm4": 0.0,
    "z_expected_points_ewm4": 0.0,
    "z_fantasy_points_ewm4": 0.0,
    "z_offense_pct_ewm4": 0.0,
    "z_opportunities_ewm4": 0.0,
    "z_points_over_expected_ewm4": 0.0,
    "z_target_share_calc_ewm4": 0.0,
    "z_total_tds_ewm8": 0.0
  },
  "positions": {
    "QB": 13320,
    "RB": 23948,
    "TE": 21008,
    "WR": 38710
  },
  "roster_sources": {
    "both": 40256,
    "left_only": 56692,
    "right_only": 38
  },
  "rows": 96986,
  "seasons": [
    2019,
    2020,
    2021,
    2022,
    2023,
    2024,
    2025
  ]
}
