player_id,player_name,position,team,games_played,mu_pergame_raw,mu_pergame,sigma_own,age,draft_number,basis,sigma_pergame,availability_rate,mu_post_sd,avail_alpha,avail_beta,age_multiplier,team_changed,season_mean,season_median,season_p10,season_p90,expected_games,replacement_rank,vor_mean,vor_p90,draft_score,overall_rank,tier,position_rank,adp,adp_sd,adp_round,value_gap
00-0039139,Jahmyr Gibbs,RB,DET,17,20.5285648290008,19.25868099880245,13.527205702496252,24.451745379876797,12.0,model+realized+hier_bayes,12.72885478684709,0.9798685019229049,1.4665101279299328,35.48847723041076,0.7291143757769886,1.0,False,282.5718553643585,295.34288240497466,182.7026503860307,371.7894521586791,14.52775,45,178.1783299027846,220.3202935720925,201.35640992090396,1,1,1,1.7,0.8,1,0.7
00-0038542,Bijan Robinson,RB,ATL,17,20.638880599247237,19.356831958863513,10.258404015302597,24.58590006844627,8.0,model+realized+hier_bayes,10.523604954539286,0.9798685019229049,1.4665101279299328,35.48847723041076,0.7291143757769886,1.0,False,280.8754951934922,295.9729901863625,184.76928372509164,361.4451223596924,14.47375,45,176.48196973191833,209.97596377310578,194.9036664545714,2,1,2,1.9,0.8,1,-0.10000000000000009
00-0036223,Jonathan Taylor,RB,IND,17,20.33449696114831,18.5134331001016,12.441507261629376,27.616700889801507,41.0,model+realized+hier_bayes+age_prior,11.959731662945392,0.8970358267792751,1.4665101279299328,32.48847723041076,3.7291143757769887,0.97,False,249.13511987782508,258.05809937314905,156.31101331289068,332.7448063431517,13.28125,45,144.7415944162512,181.2756477565651,164.83532375342384,3,2,3,6.9,1.7,1,3.9000000000000004
00-0039040,De'Von Achane,RB,MIA,16,18.963889794658527,17.805943470906307,7.015364091288017,24.88432580424367,84.0,model+realized+hier_bayes,8.068190048550127,0.9522576102083615,1.5064616570287144,34.48847723041076,1.7291143757769887,1.0,False,249.69224221608184,263.1086030477457,161.44188713186384,322.99719737888137,13.9825,45,145.29871675450795,171.52803879229475,159.72484387529067,4,2,4,9.5,1.5,1,5.5
00-0036963,Amon-Ra St. Brown,WR,DET,17,18.80049278505516,17.130781657956017,10.929207360527652,26.855578370978783,112.0,model+realized+hier_bayes,10.97205031652344,0.9760181213721644,1.3383930949033485,35.583018793447586,0.8743153628303015,1.0,False,255.87591526219674,264.51204040964814,182.6532417512544,328.03866492203787,14.74575,45,133.26024640715877,160.1606417520087,148.05546384682623,5,2,1,7.7,1.4,1,2.7
00-0038543,Jaxon Smith-Njigba,WR,SEA,17,18.89011149809175,17.206238089010547,7.481206846649338,24.54483230663929,20.0,model+realized+hier_bayes,8.643032412216254,0.9760181213721644,1.3383930949033485,35.583018793447586,0.8743153628303015,1.0,False,251.91721464770217,262.94804527509723,179.0572062232503,320.01289562096497,14.55325,45,129.30154579266417,152.1348724509358,141.85987545471357,6,2,2,6.3,1.6,1,0.2999999999999998
00-0036900,Ja'Marr Chase,WR,CIN,16,18.923497894114,17.146329325642117,10.26268320989529,26.50239561943874,5.0,model+realized+hier_bayes,10.519340732118305,0.9485887982155835,1.372821169069146,34.583018793447586,1.8743153628303015,1.0,False,245.19982915668317,254.83975921819524,163.35825311996697,319.2314285532846,14.17275,45,122.58416030164518,151.35340538325545,138.40724509653083,7,2,3,4.2,1.2,1,-2.8
00-0039075,Puka Nacua,WR,LAR,16,20.8311075431019,18.174671216360952,10.20881155342449,25.259411362080765,177.0,model+realized+hier_bayes+team_change_prior,12.447901042169793,0.7840128592760982,1.372821169069146,28.58301879344759,7.874315362830302,1.0,True,231.7943624992209,237.9243027892431,142.07850856880003,319.2726303507686,12.56325,45,109.17869364418293,151.39460718073946,132.39744608928902,8,2,4,2.8,0.7,1,-5.2
00-0037248,James Cook,RB,BUF,17,16.549020347508822,15.24643221532525,9.20159832663358,26.934976043805612,63.0,model+realized+hier_bayes+age_prior,9.1548706908117,0.9522576102083615,1.4665101279299328,34.48847723041076,1.7291143757769887,0.97,False,216.28222064114496,225.78056837875252,129.11196809698686,287.57146633461224,14.0365,45,111.88869517957107,136.10230774802562,125.20618209222107,9,2,5,12.9,2.9,1,3.9000000000000004
00-0037840,Kyren Williams,RB,LAR,17,15.737557037190804,14.400649427067021,6.1148264849606715,26.015058179329227,164.0,model+realized+hier_bayes+team_change_prior+age_prior,7.965911034449437,0.9522576102083615,1.4665101279299328,34.48847723041076,1.7291143757769887,0.97,True,215.72382216314128,226.41060788228972,136.79298755185854,282.866862449333,14.9525,45,111.33029670156739,131.39770386274637,122.36737064021582,10,2,6,33.1,4.2,3,23.1
00-0037744,Trey McBride,TE,ARI,17,17.215506882967873,15.183046473057884,8.366468437617335,26.77618069815195,55.0,model+realized+hier_bayes,9.44072728656229,0.9413296897692613,1.1183088379776585,34.87139720698554,2.1734315984601,1.0,False,220.10124725533515,226.4869992450906,156.4494158949026,283.6961757670368,14.298,18,109.12378731128403,125.25594481055313,117.99647393588204,11,2,1,31.5,5.8,3,20.5
00-0040122,Ashton Jeanty,RB,LV,17,14.809150074023059,14.169961154536983,8.685277434696433,22.748802190280628,6.0,model+realized+hier_bayes,8.527210273755468,0.9620600546250434,1.4665101279299328,18.48847723041076,0.7291143757769886,1.0,False,203.47712103880997,211.82842018739308,128.99732138470202,270.1825413772836,14.231,45,99.08359557723608,118.71338279069698,109.87997854463958,12,2,7,11.9,2.6,1,-0.09999999999999964
00-0032764,Derrick Henry,RB,BAL,17,16.36298256858361,13.37510566902908,10.002690814446469,32.6570841889117,45.0,model+realized+hier_bayes+age_prior,9.670041826418629,0.9798685019229049,1.4665101279299328,35.48847723041076,0.7291143757769886,0.86,False,199.0708599750391,206.19041514588096,123.94807412046634,266.58183295064555,14.51525,45,94.67733451346521,115.11267436405893,105.91677143129175,13,2,8,15.3,2.6,2,2.3000000000000007
00-0034857,Josh Allen,QB,BUF,16,22.53698044687907,21.21145376652731,10.404942335255877,30.28062970568104,7.0,model+realized+hier_bayes,10.512341317486946,0.9188977925404505,1.7798316104297243,33.13892034178933,2.924851506188567,1.0,False,300.03025536801516,306.72814826028116,220.84810819334666,380.9983196460198,14.0715,15,95.06331655595298,111.26103936535327,103.97206410112314,14,2,1,27.5,6.7,3,13.5
00-0038597,Chase Brown,RB,CIN,17,15.140360908406167,14.030709043950978,7.346132435826753,26.4476386036961,163.0,model+realized+hier_bayes+age_prior,7.669239508047864,0.9522576102083615,1.4665101279299328,34.48847723041076,1.7291143757769887,0.97,False,199.1272075212401,207.5715464345466,127.80357445721609,262.4749800588784,14.0875,45,94.73368205966622,111.00582147229176,103.68335873661027,15,2,9,15.9,3.4,2,0.9000000000000004
00-0035700,Josh Jacobs,RB,GB,15,15.856945879623474,13.962998607399465,9.019222857451798,28.553045859000683,24.0,model+realized+hier_bayes+age_prior,8.871096268171543,0.9246467184938183,1.549866966338062,33.48847723041076,2.7291143757769887,0.93,False,193.65972824185639,201.8626467578918,121.82480015282047,258.7094497080499,13.77675,45,89.2662027802825,107.24029112146326,99.15195136793193,16,2,10,25.9,3.3,3,9.899999999999999
00-0034844,Saquon Barkley,RB,PHI,16,15.836895515442974,13.989817642580338,7.193721220620104,29.557837097878167,2.0,model+realized+hier_bayes+age_prior,7.677637207809207,0.9246467184938183,1.5064616570287144,33.48847723041076,2.7291143757769887,0.93,False,191.983751481635,199.09539670026834,120.31724129687932,255.31642543536674,13.6415,45,87.59022602006112,103.84726684878012,96.53159847585657,17,2,11,17.8,3.1,2,0.8000000000000007
00-0036997,Javonte Williams,RB,DAL,16,14.875165496219104,13.767204321560943,6.01703138322102,26.351813826146476,35.0,model+realized+hier_bayes+age_prior,6.736489897697028,0.9522576102083615,1.5064616570287144,34.48847723041076,1.7291143757769887,0.97,False,194.02946734752064,203.77824714060176,121.91363938070411,253.61327646263106,14.0205,45,89.63594188594675,102.14411787604445,96.51543868050048,18,2,12,33.0,4.6,3,15.0
00-0036973,Travis Etienne,RB,NO,17,14.444589112683257,13.295930918239819,6.9443269271102315,27.59753593429158,25.0,model+realized+hier_bayes+team_change_prior+age_prior,8.378227139553209,0.9246467184938183,1.4665101279299328,33.48847723041076,2.7291143757769887,0.97,True,184.41664807914555,191.8664543806957,110.96256915266078,249.85594398542912,13.67375,45,80.02312261757166,98.3867853988425,90.12313714727063,19,3,13,38.6,5.2,4,19.6
00-0037247,George Pickens,WR,DAL,17,15.57143700443437,14.412007680671168,9.650632408415158,25.49486652977413,52.0,model+realized+hier_bayes,9.539726343313855,0.8937301519024218,1.3383930949033485,32.583018793447586,3.8743153628303015,1.0,False,196.3586460369983,201.42240996243052,125.35714159477375,264.35644719424795,13.43875,45,73.74297718196031,96.47842402421878,86.24747294520247,20,3,5,21.0,3.1,2,1.0
00-0038120,Breece Hall,RB,NYJ,16,13.441487315873783,12.926142620666106,7.621515050609469,25.253935660506503,36.0,model+realized+hier_bayes,7.57256730305909,0.9246467184938183,1.5064616570287144,33.48847723041076,2.7291143757769887,1.0,False,179.80790448709,186.30145903766422,111.68853693885953,242.70423040381482,13.7215,45,75.41437902551613,91.2350718172282,84.11576006095777,21,3,14,28.4,3.3,3,7.399999999999999
00-0036275,D'Andre Swift,RB,CHI,16,13.61230867782957,12.684774146326587,6.671419139383564,27.630390143737166,35.0,model+realized+hier_bayes+age_prior,6.967000665050312,0.9522576102083615,1.5064616570287144,34.48847723041076,1.7291143757769887,0.97,False,179.35627918634037,187.2411698595723,111.79951151647658,239.8608017891952,14.04625,45,74.96275372476649,88.39164320260858,82.34864293757963,22,3,15,46.1,4.4,4,24.1
00-0040734,TreVeyon Henderson,RB,NE,17,12.392986203586922,12.02023403013412,9.597054542011989,23.860369609856264,38.0,model+realized+hier_bayes,8.763155807779848,0.9620600546250434,1.4665101279299328,18.48847723041076,0.7291143757769886,1.0,False,172.85360088652624,178.60929279127674,102.21055540233539,237.35649893037905,14.21175,45,68.46007542495235,85.88734034379243,78.0450711303144,23,3,16,57.6,6.0,5,34.6
00-0039064,Zay Flowers,WR,BAL,17,13.883561312598015,12.990863909976031,7.483054385822442,25.971252566735114,22.0,model+realized+hier_bayes,7.771540705394914,0.9760181213721644,1.3383930949033485,35.583018793447586,0.8743153628303015,1.0,False,192.60303319482404,198.83891928772397,133.38643488630106,251.16397393914244,14.71975,45,69.98736433978605,83.28595076911327,77.30158687591603,24,3,6,28.4,4.2,3,4.399999999999999
00-0037238,Drake London,WR,ATL,12,16.03537924313774,14.39687738630877,11.453949299060762,25.10609171800137,8.0,model+realized+hier_bayes,10.51858746605391,0.8388715055892599,1.5430161929787494,30.58301879344759,5.874315362830302,1.0,False,184.65455233854274,189.31183613668026,109.55511728006061,256.1942744158219,12.53225,45,62.03888348350476,88.31625124579273,76.49143575276314,25,3,7,11.2,2.0,1,-13.8
00-0033280,Christian McCaffrey,RB,SF,17,21.69884884710401,17.457926658891886,8.224465832824288,30.234086242299796,8.0,model+realized+hier_bayes+age_prior,9.309014932455069,0.6209269096338427,1.4665101279299328,22.48847723041076,13.72911437577699,0.86,False,162.3532065839154,165.78438685752218,81.52274188254654,238.89537668567112,9.23875,45,57.95968112234152,87.42621809908451,74.16627645955016,26,3,17,4.7,1.2,1,-21.3
00-0036322,Justin Jefferson,WR,MIN,17,13.445538429496871,12.6220609852394,5.792248877493399,27.211498973305954,22.0,model+realized+hier_bayes,6.545436267862932,0.9760181213721644,1.3383930949033485,35.583018793447586,0.8743153628303015,1.0,False,186.488179136285,192.55468647768436,131.38763111114181,240.50553182272498,14.701,45,63.87251028124702,72.62750865269581,68.68775938554384,27,4,8,12.6,2.6,1,-14.4
adp:jeremiyah love,Jeremiyah Love,RB,ARI,0,13.82287703018058,13.82287703018058,,,,rookie_market_prior,6.828903080492568,0.85,,,,1.0,False,164.06334980563935,171.86336001795604,86.41641229658336,227.03606036249096,11.8135,45,59.66982434406546,75.56690177590434,68.41321693157684,28,4,18,22.7,2.6,2,-5.300000000000001
00-0026498,Matthew Stafford,QB,LAR,17,19.2417755978141,17.365590712844405,6.979441659785756,38.56536618754278,1.0,model+realized+hier_bayes+team_change_prior+age_prior,8.9201854260907,0.9466264506579476,1.734456696270876,34.13892034178933,1.924851506188567,0.96,True,269.3863550949922,275.5777040741376,200.78662289847284,340.70271921171565,15.4395,15,64.41941628293003,70.9654389310491,68.01972873939553,29,4,2,97.2,14.0,9,68.2
00-0036139,Rico Dowdle,RB,PIT,17,12.23464078380448,10.93731733907602,9.801819308919436,28.216290212183434,300.0,model+realized+hier_bayes+team_change_prior+age_prior,10.20880984264196,0.9522576102083615,1.4665101279299328,34.48847723041076,1.7291143757769887,0.93,True,159.82051520886526,163.39628978689,88.3380777271135,225.70916240807966,14.0525,45,55.42698974729137,74.24000382149305,65.7741474881023,30,5,19,77.4,6.4,7,47.400000000000006
00-0040730,RJ Harvey,RB,DEN,17,11.449914253678234,11.181157105018002,7.655971333464065,25.571526351813826,60.0,model+realized+hier_bayes,7.293312611009406,0.9620600546250434,1.4665101279299328,18.48847723041076,0.7291143757769886,1.0,False,159.94868866718866,164.8654633638023,97.16518366155812,215.95462538100915,14.2415,45,55.555163205614775,64.48546679442254,60.466830179459045,31,6,20,94.7,14.0,8,63.7
00-0038117,Wan'Dale Robinson,WR,TEN,16,13.116806699721206,11.935922631449577,8.190011701253344,25.65366187542779,43.0,model+realized+hier_bayes+team_change_prior,9.315079911955072,0.9485887982155835,1.372821169069146,34.583018793447586,1.8743153628303015,1.0,True,172.9377052136563,178.54155700891488,108.17047347324211,235.51997406607018,14.18975,45,50.32203635861832,67.64195089604101,59.8479893542008,32,6,9,91.3,14.3,8,59.3
00-0036358,CeeDee Lamb,WR,DAL,13,15.593908943946017,14.14360778278046,5.984509919313275,27.40041067761807,17.0,model+realized+hier_bayes,7.133172101967505,0.8114421824326791,1.4946054579536592,29.58301879344759,6.874315362830302,1.0,False,173.77293526794097,178.55788939807056,112.18482444455024,234.4345949095073,12.2565,45,51.157266412902985,66.55657173947813,59.62688434251932,33,6,10,11.6,2.5,1,-21.4
00-0040129,Emeka Egbuka,WR,TB,17,12.726094792894038,12.016309716073367,8.421318361229226,23.88227241615332,19.0,model+realized+hier_bayes,8.207789210391457,0.9550649973008658,1.3383930949033485,18.58301879344759,0.8743153628303015,1.0,False,175.6935126658276,180.16925954743596,117.71474366861318,232.47799697895255,14.47175,45,53.077843810789616,64.59997380892338,59.41501530976319,34,6,11,42.2,6.0,4,8.200000000000003
00-0039732,Bo Nix,QB,DEN,17,18.2356543465952,17.597340383254192,8.369988228257938,26.5160848733744,12.0,model+realized+hier_bayes,8.567258469210184,0.9743551087754448,1.734456696270876,35.13892034178933,0.924851506188567,1.0,False,263.43590638887883,270.26925085630194,197.72026209806248,328.98335429508984,14.961,15,58.46896757681665,59.2460740144233,58.89637611750031,35,6,3,119.2,10.9,10,84.2
00-0036919,Kenneth Gainwell,RB,PIT,17,11.38221813631671,10.787298236103524,9.377915233016722,27.468856947296374,150.0,model+realized+hier_bayes+age_prior,8.453473782355811,0.9522576102083615,1.4665101279299328,34.48847723041076,1.7291143757769887,0.97,False,155.35657878478952,161.10825816600624,86.29575175627069,214.43454503438977,14.01375,45,50.96305332321563,62.965386447803155,57.56433654173877,36,7,21,,,,
00-0039361,Bucky Irving,RB,TB,10,13.803138091636416,12.969459759619582,5.608178551603602,24.035592060232716,125.0,model+realized+hier_bayes,6.362346312922586,0.7865922599211022,1.842312085983202,28.48847723041076,7.729114375776988,1.0,False,150.24170991920295,153.33896781439876,85.40872063323849,213.16201972398594,11.58025,45,45.84818445762906,61.69286113739932,54.56275663150271,37,8,22,44.7,5.1,4,7.700000000000003
00-0039918,Caleb Williams,QB,CHI,17,18.010399545262658,17.404579747227988,8.227406138310293,24.78576317590691,1.0,model+realized+hier_bayes,8.44007911694068,0.9743551087754448,1.734456696270876,35.13892034178933,0.924851506188567,1.0,False,259.07274946482914,266.43337747368764,194.11808477561698,324.2060154415889,14.87975,15,54.10581065276696,54.468735160922336,54.30541913225242,38,8,4,100.1,14.4,9,62.099999999999994
00-0037228,Jaylen Warren,RB,PIT,16,12.322199181294227,11.578984932481191,5.615421474238006,27.83299110198494,300.0,model+realized+hier_bayes+age_prior,6.052814411558558,0.8970358267792751,1.5064616570287144,32.48847723041076,3.7291143757769887,0.97,False,153.62650138167487,159.37977489893004,88.75343299519292,209.49325291972457,13.209,45,49.232975920100984,58.02409433313795,54.06809104727132,39,8,23,64.0,5.5,6,25.0
00-0037240,Jameson Williams,WR,DET,17,12.694716482981397,11.98989006332111,8.963254234405506,25.43463381245722,12.0,model+realized+hier_bayes,8.570835698277044,0.9211594750590026,1.3383930949033485,33.583018793447586,2.8743153628303015,1.0,False,168.99690064864382,173.89084157316523,108.08372228034771,227.95274912403912,13.8705,45,46.381231793605835,60.07472595400995,53.912653581828096,40,8,12,49.8,5.8,5,9.799999999999997
00-0040124,Tetairoa McMillan,WR,CAR,17,12.50903192686364,11.833548899385073,7.084484912157569,23.408624229979466,8.0,model+realized+hier_bayes,7.260903797188358,0.9550649973008658,1.3383930949033485,18.58301879344759,0.8743153628303015,1.0,False,171.3378964322693,176.89930547365827,114.1231957357705,225.5097660700297,14.3865,45,48.72222757723132,57.631742900000546,53.6224610047544,41,8,13,33.0,3.4,3,-8.0
00-0039915,Ladd McConkey,WR,LAC,16,12.733278432680535,11.985313094948243,6.855408448808867,24.804928131416837,34.0,model+realized+hier_bayes,7.141808415472328,0.9211594750590026,1.372821169069146,33.583018793447586,2.8743153628303015,1.0,False,168.6823941171622,173.1882077068119,110.9373996761864,225.3056495702409,13.8995,45,46.06672526212422,57.42762640021172,52.315220888072346,42,9,14,38.1,5.6,4,-3.8999999999999986
00-0036252,Michael Pittman,WR,PIT,17,12.438835730408364,11.4212123095945,7.4894484600198785,28.906228610540726,34.0,model+realized+hier_bayes+team_change_prior,8.652648670032512,0.9485887982155835,1.3383930949033485,34.583018793447586,1.8743153628303015,1.0,True,166.3628248283711,170.36488347348308,105.35233948058017,225.37612256232688,14.25075,45,43.74715597333311,57.49809939229772,51.31017485376364,43,10,15,69.0,7.6,6,26.0
00-0036355,Justin Herbert,QB,LAC,16,18.197583732049367,17.531218187256236,7.740838886494581,28.479123887748116,6.0,model+realized+hier_bayes,8.139504409191224,0.9466264506579476,1.7798316104297243,34.13892034178933,1.924851506188567,1.0,False,253.59470223203357,260.8962524831122,183.62919779552013,322.7201542831155,14.41275,15,48.62776341997139,52.982874002448966,51.023074240334054,44,10,5,88.6,16.0,8,44.599999999999994
00-0036970,Kyle Pitts,TE,ATL,17,11.228298704300215,10.354194904852985,9.940636297541522,25.90280629705681,4.0,model+realized+hier_bayes,9.167288269585436,0.9683240107648277,1.1183088379776585,35.87139720698554,1.1734315984600998,1.0,False,156.84135128897606,159.52386515726596,101.0943837339937,211.85130372179208,14.72925,18,45.86389134492494,53.41107276530843,50.01484112613586,45,11,2,85.1,13.8,8,40.099999999999994
00-0034348,Courtland Sutton,WR,DEN,17,12.745683414896313,11.671818700306366,7.483943597108805,30.89390828199863,40.0,model+realized+hier_bayes+age_prior,7.573789083655168,0.9485887982155835,1.3383930949033485,34.583018793447586,1.8743153628303015,0.97,False,168.31978563552218,173.488842854847,112.03531937901566,220.94043881518706,14.307,45,45.7041167804842,53.0624156451579,49.751181156054734,46,11,16,70.9,9.0,6,24.900000000000006
00-0039165,Zach Charbonnet,RB,SEA,16,10.733808161789668,10.533536306831303,6.698743663304833,25.645448323066393,52.0,model+realized+hier_bayes,6.516244635357269,0.9522576102083615,1.5064616570287144,34.48847723041076,1.7291143757769887,1.0,False,149.45683186860535,154.95235436109658,90.43794333637918,203.30556108754843,14.1035,45,45.06330640703146,51.83640250096181,48.78850925869315,47,12,24,153.5,22.7,13,106.5
00-0036389,Jalen Hurts,QB,PHI,16,19.06467684327654,18.26659850120025,7.882266911661052,28.0684462696783,53.0,model+realized+hier_bayes,8.353035222648629,0.8911691344229532,1.7798316104297243,32.13892034178933,3.924851506188567,1.0,False,248.8692309115889,255.8882621487751,174.27545015602846,321.96592846987875,13.5985,15,43.902292099526704,52.22864818921221,48.481787948853736,48,12,6,86.6,15.6,8,38.599999999999994
00-0038559,Michael Wilson,WR,ARI,17,11.516969902901458,10.998260630043877,10.602919964080927,26.521560574948666,94.0,model+realized+hier_bayes,9.480502150916395,0.9485887982155835,1.3383930949033485,34.583018793447586,1.8743153628303015,1.0,False,162.04574512627954,165.40266597755374,99.86530918456154,222.9278757912282,14.27525,45,39.43007627124156,55.04985262119902,48.02095326371817,49,12,17,85.2,8.8,8,36.2
00-0033873,Patrick Mahomes,QB,KC,14,19.698443020024648,18.698039526104683,7.995600438592862,30.95687885010267,10.0,model+realized+hier_bayes,8.526439416388486,0.8634404763054561,1.882405335437205,31.138920341789326,4.924851506188567,1.0,False,246.03189187319725,253.44696594653516,167.37508446024933,321.78997863406556,13.12375,15,41.06495306113507,52.05269835339902,47.10821297188025,50,12,7,103.4,16.4,9,53.400000000000006
00-0039851,Drake Maye,QB,NE,17,19.72230895564763,18.869537407677118,5.388321794836115,24.005475701574266,3.0,model+realized+hier_bayes,6.739196966356438,0.8634404763054561,1.734456696270876,31.138920341789326,4.924851506188567,1.0,False,251.04194915570923,256.7061822781171,185.22551104736976,316.9920289306551,13.28375,15,46.07501034364705,47.254748649988585,46.723866412134896,51,12,8,58.0,7.6,5,7.0
00-0036613,Jaylen Waddle,WR,DEN,16,12.945074618562412,11.797038589970608,6.871203194007098,27.76728268309377,6.0,model+realized+hier_bayes+team_change_prior,8.268707216506549,0.8937301519024218,1.372821169069146,32.583018793447586,3.8743153628303015,1.0,True,161.2147694610867,165.05572703992132,104.03986572432699,219.26293376352464,13.478,45,38.59910060604871,51.384910593495476,45.631296099144436,52,13,18,43.5,5.5,4,-8.5
00-0031381,Davante Adams,WR,LAR,14,15.597378786071218,12.14741007308983,6.839385776675988,33.686516084873375,53.0,model+realized+hier_bayes+team_change_prior+age_prior,8.807523791676504,0.8114421824326791,1.4504828413245712,29.58301879344759,6.874315362830302,0.88,True,157.89078582041563,161.61900730256707,89.53561881531091,221.87125815276585,12.85925,45,35.27511696537765,53.99323498273668,45.570081874925116,53,13,19,42.1,4.5,4,-10.899999999999999
00-0033106,Jared Goff,QB,DET,17,17.23893180653706,16.744400203392615,7.5179776692468385,31.88227241615332,1.0,model+realized+hier_bayes,7.854156183262921,0.9743551087754448,1.734456696270876,35.13892034178933,0.924851506188567,1.0,False,248.9715863171174,256.75358286981145,184.16222126981836,313.9865616152516,14.82775,15,44.00464750505523,44.24928133458508,44.13919611129665,54,14,9,101.4,15.1,9,47.400000000000006
00-0039338,Brock Bowers,TE,LV,12,13.108987664078743,11.48603637693431,10.123674623316765,23.718001368925393,13.0,model+realized+hier_bayes,9.42785614657623,0.8333524057869962,1.2804435632472912,30.87139720698554,6.1734315984601,1.0,False,148.67575019549705,151.06742385131793,87.22492913467211,207.65883801404033,12.6435,18,37.698290251445925,49.21860705755668,44.03446449480684,55,14,3,36.7,7.1,3,-18.299999999999997
00-0035676,A.J. Brown,WR,NE,15,14.284911133744494,12.44214835624933,9.751546885836454,29.17180013689254,51.0,model+realized+hier_bayes+team_change_prior+age_prior,10.70725274037388,0.8114421824326791,1.4100505106079215,29.58301879344759,6.874315362830302,0.97,True,155.56270306245665,158.00917591657043,86.26570892416422,220.85818073667758,12.1945,45,32.94703420741867,52.980157566648415,43.965252054995034,56,14,20,15.7,2.8,2,-40.3
00-0040128,Tyler Warren,TE,IND,17,11.743846649161288,10.76999880338741,4.8783811803892965,24.27378507871321,14.0,model+realized+hier_bayes,5.840673339537414,0.9414596348090881,1.1183088379776585,18.87139720698554,1.1734315984600998,1.0,False,154.49496315508134,158.40540664352392,105.99886159462082,201.92398369270768,14.289,18,43.51750321103022,43.483752736224034,43.49894044988682,57,14,4,57.6,9.2,5,0.6000000000000014
00-0038134,Kenneth Walker III,RB,KC,17,11.934633104851407,11.496300486021378,6.529632680417518,25.864476386036962,41.0,model+realized+hier_bayes+team_change_prior,7.5951187961387765,0.8142031516356454,1.4665101279299328,29.48847723041076,6.729114375776988,1.0,True,139.43623612703385,142.5727350577933,73.01761717308571,200.51630613956073,11.98225,45,35.042710665459964,49.04714755297411,42.74515095359274,58,14,25,22.7,4.0,2,-35.3
00-0036912,DeVonta Smith,WR,PHI,17,12.830314047735474,12.104059391905984,7.798698986520312,27.797399041752225,10.0,model+realized+hier_bayes,7.802575665262814,0.8663008287458408,1.3383930949033485,31.58301879344759,4.874315362830302,1.0,False,158.18067566541637,163.5457912049294,97.2802152849387,215.4368594607289,12.99825,45,35.56500681037839,47.55883629069973,42.16161302455513,59,14,21,28.5,3.1,3,-30.5
00-0040784,Quinshon Judkins,RB,CLE,14,11.877985356310822,11.503174335775178,6.729662075346105,22.84188911704312,36.0,model+realized+hier_bayes,6.701930793785829,0.8059530844345618,1.5972541996162548,15.488477230410759,3.7291143757769887,1.0,False,138.1841771656704,141.4758954268073,72.59599744249732,197.9535623097695,11.91925,45,33.79065170409652,46.48440372318288,40.77221531459402,60,15,26,47.7,5.5,4,-12.299999999999997
00-0036554,Nico Collins,WR,HOU,15,14.295341707667422,13.232268102863204,6.499252704294988,27.45516769336071,89.0,model+realized+hier_bayes,7.191503082184256,0.7840128592760982,1.4100505106079215,28.58301879344759,7.874315362830302,1.0,False,155.66908727090356,159.76258818568897,90.48753249253342,214.68668218057266,11.72175,45,33.05341841586558,46.808659010543494,40.61880074293843,61,15,22,24.3,3.0,2,-36.7
00-0035261,Tony Pollard,RB,TEN,17,10.730989171743332,9.803604098279342,5.619471139026603,29.338809034907598,128.0,model+realized+hier_bayes+age_prior,5.79421527496714,0.9522576102083615,1.4665101279299328,34.48847723041076,1.7291143757769887,0.93,False,139.50196990068906,145.09955735153278,81.89496046217536,190.52430046729816,14.047,45,35.108444439115175,39.055141880711545,37.27912803199318,62,16,27,66.6,9.3,6,4.599999999999994
00-0030506,Travis Kelce,TE,KC,17,12.099486139837836,10.282853799080815,6.405265526938616,36.90622861054072,63.0,model+realized+hier_bayes+age_prior,6.9587806094580955,0.9413296897692613,1.1183088379776585,34.87139720698554,2.1734315984601,0.93,False,147.3905281476892,151.9187544260849,98.77472013128407,195.68780281858665,14.23575,18,36.413068203638076,37.247571862103,36.87204521579379,63,16,5,94.2,17.3,8,31.200000000000003
00-0036410,Tee Higgins,WR,CIN,15,13.414764786272528,12.506146831322043,8.225870919297991,27.619438740588638,33.0,model+realized+hier_bayes,8.156315519284869,0.7840128592760982,1.4100505106079215,28.58301879344759,7.874315362830302,1.0,False,149.89123458226612,153.61550244430816,84.24824384368742,211.0225518850455,11.76125,45,27.27556572722814,43.14452871501632,36.003495370511644,64,16,23,33.3,5.9,3,-30.700000000000003
00-0034827,DJ Moore,WR,BUF,17,11.128886076733398,10.040819039479869,8.197783595725918,29.38261464750171,24.0,model+realized+hier_bayes+team_change_prior+age_prior,8.943961891895732,0.9760181213721644,1.3383930949033485,35.583018793447586,0.8743153628303015,0.97,True,151.19772465496638,154.66642078085516,90.23376086835421,209.72068192959563,14.67075,45,28.582055799928398,41.84265875956646,35.875387427729336,65,16,24,69.0,11.0,6,4.0
00-0037256,Rachaad White,RB,WAS,17,10.377532356094525,9.821016505985137,5.498054468734961,27.63586584531143,91.0,model+realized+hier_bayes+team_change_prior+age_prior,6.503788178413596,0.9246467184938183,1.4665101279299328,33.48847723041076,2.7291143757769887,0.97,True,134.91819199398546,139.68378834017832,74.24111955575879,188.44659245481466,13.6,45,30.524666532411572,36.97743386822805,34.073688567110636,66,17,28,105.4,12.4,9,39.400000000000006
00-0036875,Rhamondre Stevenson,RB,NE,14,11.292951357070343,10.225042605327411,10.052969601177445,28.520191649555098,120.0,model+realized+hier_bayes+age_prior,8.71668191974698,0.8418140433501886,1.5972541996162548,30.48847723041076,5.729114375776988,0.93,False,130.36289573236033,132.83276508134742,64.99492283078497,190.95557978209646,12.44075,45,25.969370270786442,39.48642119550985,33.40374827938432,67,17,29,70.6,6.2,6,3.5999999999999943
adp:jadarian price,Jadarian Price,RB,SEA,0,11.297530186583467,11.297530186583467,,,,rookie_market_prior,6.828903080492568,0.85,,,,1.0,False,134.19373606971234,141.1241847482711,69.2027569052236,187.6722014678005,11.81375,45,29.800210608138457,36.20304288121389,33.32176835832995,68,17,30,69.1,8.5,6,1.0999999999999943
00-0034855,Baker Mayfield,QB,TB,17,16.486793872400934,16.100762040273157,6.243110320232074,31.38398357289528,1.0,model+realized+hier_bayes,6.886328385014742,0.9743551087754448,1.734456696270876,35.13892034178933,0.924851506188567,1.0,False,240.84797096523943,247.57670145301554,181.48904158309614,300.45870632742145,14.91075,15,35.881032153177244,30.721426046754914,33.04324879464496,69,17,10,130.6,11.7,11,61.599999999999994
00-0039384,Tyrone Tracy Jr.,RB,NYG,15,10.01745363101534,9.596893246577745,7.660119357518432,26.77344284736482,166.0,model+realized+hier_bayes+age_prior,7.009703110453059,0.9246467184938183,1.549866966338062,33.48847723041076,2.7291143757769887,0.97,False,131.87808935457014,135.81339410236873,70.97156493151087,185.72870067241152,13.62075,45,27.48456389299625,34.259542085824904,31.21080189905201,70,18,31,158.4,16.7,14,88.4
00-0039893,Brian Thomas Jr.,WR,JAX,14,11.824188451657282,11.157936033052264,5.013651692798702,23.89869952087611,23.0,model+realized+hier_bayes,5.789015896100885,0.8937301519024218,1.4504828413245712,32.583018793447586,3.8743153628303015,1.0,False,149.76796782400226,153.9952792892705,97.05619023065266,201.82806332768135,13.38225,45,27.152298968964274,33.95004015765218,30.891056622742624,71,18,25,81.8,8.0,7,10.799999999999997
00-0035640,DK Metcalf,WR,PIT,15,12.09424421130091,11.417249250999639,5.99930948407517,28.71457905544148,64.0,model+realized+hier_bayes,6.462408992498837,0.8663008287458408,1.4100505106079215,31.58301879344759,4.874315362830302,1.0,False,148.77965391261063,152.77833081745104,92.2035730701296,200.89766578420716,12.97125,45,26.163985057572646,33.019642614178,29.934596713705588,72,18,26,60.5,8.4,5,-11.5
00-0037239,Chris Olave,WR,NO,16,14.51964030571287,13.47466943813638,7.914290871581609,26.17932922655715,11.0,model+realized+hier_bayes,8.166901989731462,0.7017248898063556,1.372821169069146,25.58301879344759,10.874315362830302,1.0,False,143.20943625860377,145.4032323262413,78.96660934036218,204.0428450469705,10.51675,45,20.593767403565792,36.164821876941346,29.15784736392235,73,18,27,23.6,3.5,2,-49.4
00-0039919,Rome Odunze,WR,CHI,12,11.960135825811719,11.177610153619428,9.172699116994359,24.246406570841888,9.0,model+realized+hier_bayes,8.348894507917166,0.8388715055892599,1.5430161929787494,30.58301879344759,5.874315362830302,1.0,False,142.59424624824373,144.67727922304564,80.41495755538018,202.48125830556594,12.607,45,19.978577393205754,34.60323513553678,28.02213915148782,74,18,28,56.5,6.8,5,-17.5
00-0038563,Tre Tucker,WR,LV,17,9.98849622968121,9.711328867311279,8.93790260302586,25.4839151266256,100.0,model+realized+hier_bayes,8.081844920291251,0.9760181213721644,1.3383930949033485,35.583018793447586,0.8743153628303015,1.0,False,144.85723680884223,148.94346211536197,88.08270720871054,200.03573637815012,14.626,45,22.24156795380425,32.15771320812095,27.695447843678437,75,18,29,135.7,9.2,12,60.69999999999999
00-0040583,Woody Marks,RB,HOU,16,9.542540251950655,9.48088753998961,6.934524136521554,25.672826830937716,116.0,model+realized+hier_bayes,6.479347321681978,0.9100243978948829,1.5064616570287144,17.48847723041076,1.7291143757769887,1.0,False,127.25579889339156,131.75391900942535,68.36653572014404,180.14858239530344,13.366,45,22.86227343181767,28.67942380871682,26.061706139112204,76,19,32,138.8,22.1,12,62.80000000000001
00-0037664,Alec Pierce,WR,IND,15,10.934030160750053,10.460539983271614,8.302426495566564,26.33264887063655,53.0,model+realized+hier_bayes,7.751994398283342,0.8937301519024218,1.4100505106079215,32.583018793447586,3.8743153628303015,1.0,False,142.93699606352686,146.0492788371346,87.34883492708634,198.17391839924608,13.46675,45,20.32132720848888,30.29589522921691,25.807339619889298,77,19,30,67.6,8.8,6,-9.400000000000006
00-0040663,Harold Fannin Jr.,TE,CLE,16,10.886826070496813,10.03854267012675,5.72910696938595,22.116358658453116,67.0,model+realized+hier_bayes,6.230840314519003,0.8915714561817741,1.14581955989697,17.87139720698554,2.1734315984601,1.0,False,136.0567689162765,138.66449827124836,87.9149051554714,184.31884190945553,13.47225,18,25.079308972225377,25.878610952971883,25.518925061635954,78,19,6,70.4,9.2,6,-7.599999999999994
00-0030279,Keenan Allen,WR,LAC,17,12.351181582533886,10.296566154554036,6.805890614667821,34.34633812457221,76.0,model+realized+hier_bayes+age_prior,7.043943007231878,0.9211594750590026,1.3383930949033485,33.583018793447586,2.8743153628303015,0.88,False,144.187258316171,147.59246021123698,89.6931723040057,195.89277772203297,13.82725,45,21.57158946113303,28.014754552003808,25.115330261111957,79,19,31,,,,
00-0035685,David Montgomery,RB,HOU,17,10.17491531069832,9.250047926526607,6.721701684053806,29.234770704996578,73.0,model+realized+hier_bayes+team_change_prior+age_prior,7.423642107977735,0.8970358267792751,1.4665101279299328,32.48847723041076,3.7291143757769887,0.93,True,124.45192163272232,127.50311811343822,65.14594191130665,179.65589565884505,13.22825,45,20.05839617114843,28.18673707225844,24.528983666758936,80,19,33,55.6,7.0,5,-24.4
adp:kenny gainwell,Kenny Gainwell,RB,TB,0,10.565862885889924,10.565862885889924,,,,rookie_market_prior,6.828903080492568,0.85,,,,1.0,False,125.54677900494012,130.0677112946497,66.28201717808763,177.3303138531618,11.796,45,21.153253543366233,25.861155266575196,23.742599491131163,81,19,34,95.4,11.7,8,14.400000000000006
00-0034796,Lamar Jackson,QB,BAL,13,17.518474184128024,16.848771324265215,9.083921834617241,29.648186173853524,32.0,model+realized+hier_bayes,8.88090712552773,0.8634404763054561,1.940821897735546,31.138920341789326,4.924851506188567,1.0,False,224.2432192631359,228.56444153313103,153.41929583928834,296.5292768104041,13.25575,15,19.276280451073717,26.79199652973756,23.40992429433883,82,19,11,53.8,8.6,5,-28.200000000000003
00-0040242,Jacory Croskey-Merritt,RB,WAS,17,8.610977025076686,8.655276952816148,7.468610785067296,25.388090349075977,245.0,model+realized+hier_bayes,6.7146423251263085,0.9620600546250434,1.4665101279299328,18.48847723041076,0.7291143757769886,1.0,False,125.03417779743616,129.7388126613181,68.51940405319354,176.37811052966074,14.229,45,20.64065233586227,24.90895194307413,22.988217119828793,83,19,35,122.1,15.4,11,39.099999999999994
00-0033090,Hunter Henry,TE,NE,17,10.170050568619015,9.215667416987914,7.275492706177848,31.734428473648187,35.0,model+realized+hier_bayes+age_prior,7.117459005782629,0.9413296897692613,1.1183088379776585,34.87139720698554,2.1734315984601,0.97,False,133.29840424087007,135.7947605099792,83.31025864141627,181.30464584141922,14.1985,18,22.32094429681895,22.86441488493557,22.61985312028309,84,19,7,149.3,15.0,13,65.30000000000001
00-0038544,Quentin Johnston,WR,LAC,13,12.172482179386034,11.396441234868986,7.442936765303577,24.985626283367555,21.0,model+realized+hier_bayes,7.378733041710969,0.8114421824326791,1.4946054579536592,29.58301879344759,6.874315362830302,1.0,False,138.8491811006068,142.53420656628072,79.80546791461272,195.28210597942024,12.08875,45,16.233512245568832,27.40408280939107,22.377326055671062,85,19,32,101.3,10.3,9,16.299999999999997
00-0038041,Jake Ferguson,TE,DAL,17,10.397153513046986,9.683852962428286,7.089423564055701,27.619438740588638,129.0,model+realized+hier_bayes,7.041906924845488,0.8873410477781288,1.1183088379776585,32.87139720698554,4.1734315984601,1.0,False,132.43187762937697,134.62887053296762,85.34743523585723,180.18641032771257,13.55575,18,21.45441768532585,21.74617937122892,21.614886612572537,86,19,8,121.7,19.6,11,35.7
00-0034383,Dalton Schultz,TE,HOU,17,9.926617332298825,9.025221746487954,5.639161911031065,30.140999315537304,137.0,model+realized+hier_bayes+age_prior,5.950113674570217,0.9683240107648277,1.1183088379776585,35.87139720698554,1.1734315984600998,0.97,False,134.34479082808963,138.1939141136373,90.48391099986613,177.82685123114615,14.7055,18,23.36733088403851,19.386620274662505,21.177940048881705,87,19,9,174.0,18.8,15,87.0
00-0034960,Jakobi Meyers,WR,JAX,16,11.43933569032505,10.579309751219482,4.352757746532651,29.809719370294317,300.0,model+realized+hier_bayes+age_prior,5.242183920598631,0.8937301519024218,1.372821169069146,32.583018793447586,3.8743153628303015,0.97,False,142.23635770435214,146.68111498488395,88.43881771736125,190.21849574097368,13.41725,45,19.620688849314163,22.340472570944513,21.116569896210855,88,19,33,89.5,9.9,8,1.5
00-0035719,Deebo Samuel Sr.,WR,WAS,16,11.294205147546698,10.461939041058136,6.942609979923497,30.628336755646817,36.0,model+realized+hier_bayes+age_prior,6.9428213841195445,0.8663008287458408,1.372821169069146,31.58301879344759,4.874315362830302,0.97,False,137.52282088776315,140.57007226505385,80.82701493127173,192.16857340096712,12.937,45,14.907152032725165,24.290550230937953,20.0680210417422,89,19,34,,,,
adp:carnell tate,Carnell Tate,WR,TEN,0,11.418908986492653,11.418908986492653,,,,rookie_market_prior,6.522580437351288,0.85,,,,1.0,False,138.22794788671152,143.35122125774737,79.12531503476607,189.54830458668724,12.07175,45,15.612279031673538,21.67028141665807,18.94418034341503,90,19,35,65.5,10.9,6,-24.5
00-0040236,Kyle Monangai,RB,CHI,17,8.360907626413693,8.432783364584523,6.2796063477222,24.238193018480494,233.0,model+realized+hier_bayes,5.866369363878744,0.9620600546250434,1.4665101279299328,18.48847723041076,0.7291143757769886,1.0,False,121.05080125712492,125.19577268133307,66.79115619437411,171.20753427855968,14.19225,45,16.65727579555103,19.73837569197306,18.351880738583148,91,19,36,99.5,13.6,9,8.5
00-0039868,Troy Franklin,WR,DEN,17,9.751251569592203,9.511575548718628,7.625306165502278,23.567419575633128,102.0,model+realized+hier_bayes,7.147922559587208,0.9485887982155835,1.3383930949033485,34.583018793447586,1.8743153628303015,1.0,False,138.46927364007695,141.4357543450751,85.2705277175097,188.1675881973524,14.337,45,15.853604785038968,20.28956502732322,18.293382918295308,92,19,36,171.3,7.9,15,79.30000000000001
adp:marshawn lloyd,MarShawn Lloyd,RB,GB,0,10.006066940980222,10.006066940980222,,,,rookie_market_prior,6.828903080492568,0.85,,,,1.0,False,119.54264720741799,123.37064322941691,62.72806342318663,170.62158177255756,11.8555,45,15.149121745844099,19.152423185970946,17.350937537913865,93,19,37,122.1,29.9,11,29.099999999999994
adp:jonathon brooks,Jonathon Brooks,RB,CAR,0,9.951001905888711,9.951001905888711,,,,rookie_market_prior,6.828903080492568,0.85,,,,1.0,False,119.22156537018355,123.67908377570373,59.77258038682018,169.8942831666079,11.82175,45,14.828039908609668,18.425124580021276,16.806436477886052,94,19,38,125.1,16.2,11,31.099999999999994
00-0037740,Garrett Wilson,WR,NYJ,7,13.813454197072828,12.066714996215714,9.657713423550554,26.11088295687885,10.0,model+realized+hier_bayes,8.481920691638368,0.7017248898063556,1.88389794612077,25.58301879344759,10.874315362830302,1.0,False,130.09949314805402,131.3216495229656,68.5788673004392,189.41046365860532,10.6055,45,7.483824293016042,21.532440488576157,15.210563200574107,95,19,37,27.8,3.3,3,-67.2
00-0039849,Marvin Harrison Jr.,WR,ARI,12,11.07567526583207,10.478924306476383,7.103712217758211,24.057494866529773,4.0,model+realized+hier_bayes,6.9336716819346975,0.8388715055892599,1.5430161929787494,30.58301879344759,5.874315362830302,1.0,False,133.33328423686794,136.32417963348695,78.68098106011074,185.9706336882462,12.6165,45,10.717615381829958,18.092610518217043,14.773862706842856,96,19,38,68.8,9.5,6,-27.200000000000003
00-0038996,Tucker Kraft,TE,GB,8,12.78646525718577,10.734920006691985,9.870446508933336,25.82614647501711,78.0,model+realized+hier_bayes,8.738232440119203,0.7253751218047311,1.4773348251486755,26.87139720698554,10.1734315984601,1.0,False,121.70084235406685,122.5062021326348,66.5608828199297,176.4397066108001,11.01025,18,10.72338241001573,17.999475654316456,14.72523369438113,97,19,10,88.2,24.9,8,-8.799999999999997
00-0033288,George Kittle,TE,SF,11,13.025661659051494,10.525377038922796,8.260244328325667,32.8952772073922,146.0,model+realized+hier_bayes+age_prior,8.23857135977993,0.7523694428002974,1.3222226209240646,27.87139720698554,9.1734315984601,0.93,False,122.05155273880794,122.98288219480838,68.42717016716114,175.24917003607118,11.367,18,11.074092794756822,16.80893907958753,14.228258251413713,98,19,11,106.1,18.4,9,8.099999999999994
00-0036971,Trevor Lawrence,QB,JAX,17,18.590808488234245,17.901261710678494,8.78550778605446,26.90485968514716,1.0,model+realized+hier_bayes,8.897464525227482,0.7802545019529644,1.734456696270876,28.138920341789326,7.924851506188567,1.0,False,213.9067909626865,218.47312384674657,137.87163074478124,287.8377973408797,11.925,15,8.939852150624318,18.10051706021318,13.978217850898192,99,19,12,88.1,10.6,8,-10.900000000000006
00-0034753,Mark Andrews,TE,BAL,17,9.219358039405687,8.471909995436851,6.786150472491316,30.986995208761122,86.0,model+realized+hier_bayes+age_prior,6.571316316636462,0.9683240107648277,1.1183088379776585,35.87139720698554,1.1734315984600998,0.97,False,126.05309292110312,128.2463328531311,80.75776459124287,170.48322805021033,14.67025,18,15.075632977051995,12.042997093726683,13.407683241223074,100,19,12,133.2,17.3,12,33.19999999999999
00-0037261,Khalil Shakir,WR,BUF,16,10.291130136833647,9.949203216913567,5.800689614175197,26.576317590691307,148.0,model+realized+hier_bayes,6.002320221444448,0.8937301519024218,1.372821169069146,32.583018793447586,3.8743153628303015,1.0,False,134.10813503473173,138.06164025919998,82.5594117473409,182.3445126913614,13.42675,45,11.49246617969375,14.466489521332221,13.12817901759491,101,19,39,105.7,10.4,9,4.700000000000003
00-0036040,Juwan Johnson,TE,NO,17,9.72867878471068,9.144709317526592,4.82457709210321,29.965776865160848,300.0,model+realized+hier_bayes,5.351767226586494,0.914335368773695,1.1183088379776585,33.87139720698554,3.1734315984601,1.0,False,127.21037192319864,130.41724173505762,84.19126741614878,168.9566480182633,13.852,18,16.232911979147516,10.516417061779663,13.088839774595197,102,19,13,162.9,15.7,14,60.900000000000006
adp:jordyn tyson,Jordyn Tyson,WR,NO,0,10.988048574085797,10.988048574085797,,,,rookie_market_prior,6.522580437351288,0.85,,,,1.0,False,132.49902739073715,138.1965969172863,71.59129548261943,183.48414204299922,11.96125,45,9.883358535699173,15.606118872970058,13.03087672119816,103,19,40,79.2,9.5,7,-23.799999999999997
00-0037816,Romeo Doubs,WR,NE,16,10.741103886444822,10.014632178120207,7.260842467188868,26.38466803559206,132.0,model+realized+hier_bayes+team_change_prior,8.114575883895089,0.8388715055892599,1.372821169069146,30.58301879344759,5.874315362830302,1.0,True,129.92918584577865,132.28938827072005,73.24376763724364,184.2993987091334,12.61875,45,7.313516990740666,16.421375539104247,12.322839192340636,104,19,41,103.6,7.5,9,-0.4000000000000057
00-0034869,Sam Darnold,QB,SEA,17,14.745656743487046,14.610792910235366,7.976384076834344,29.240246406570844,3.0,model+realized+hier_bayes,7.83133771152691,0.9743551087754448,1.734456696270876,35.13892034178933,0.924851506188567,1.0,False,218.28062134259702,223.078725271613,159.46282503180956,278.57696636343866,14.87975,15,13.313682530534834,8.839686082772118,10.85298448426534,105,19,13,150.9,17.2,13,45.900000000000006
adp:mike washington,Mike Washington Jr.,RB,LV,0,9.555904638627252,9.555904638627252,,,,rookie_market_prior,6.828903080492568,0.85,,,,1.0,False,113.36189449480763,117.66997080437693,56.02177046962354,162.7734069203505,11.727,45,8.968369033233742,11.304248333763894,10.253102648525324,106,19,39,148.9,45.6,13,42.900000000000006
00-0036555,Chuba Hubbard,RB,CAR,15,8.889414211498737,8.637461666894167,6.1475663012749555,27.225188227241617,126.0,model+realized+hier_bayes+age_prior,5.834906474162726,0.8694249350647318,1.549866966338062,31.48847723041076,4.729114375776988,0.97,False,111.70848054542066,114.0118972685035,58.729818854759166,161.50910094303475,12.8435,45,7.314955083846769,10.039942356448137,8.81369808377752,107,19,40,81.3,9.2,7,-25.700000000000003
00-0039065,Sam LaPorta,TE,DET,9,12.09474180601629,10.415760698354626,6.454219119649135,25.634496919917865,34.0,model+realized+hier_bayes,6.891938507277344,0.7253751218047311,1.4197300780689912,26.87139720698554,10.1734315984601,1.0,False,116.30800196783633,118.70936612927615,62.74797438264036,168.9583117950493,10.97,18,5.330542023785213,10.518080838565652,8.183688371914455,108,19,14,74.0,11.7,7,-34.0
adp:jonah coleman,Jonah Coleman,RB,DEN,0,9.352047537328108,9.352047537328108,,,,rookie_market_prior,6.828903080492568,0.85,,,,1.0,False,111.77822445515143,115.3272331732278,58.46594354970709,159.71739460935154,11.85325,45,7.384698993577544,8.248236022764928,7.859644359630606,109,19,41,162.9,10.0,14,53.900000000000006
00-0036158,J.K. Dobbins,RB,DEN,10,11.75013078011284,10.93552509865764,4.099986449842108,27.707049965776864,55.0,model+realized+hier_bayes+age_prior,5.14120233602933,0.6761486930629291,1.842312085983202,24.48847723041076,11.72911437577699,0.97,False,108.95140827569985,109.48004731313421,55.51192707423434,161.08942779054448,9.97525,45,4.557882814125961,9.62026920395786,7.3421953285335055,110,19,42,91.7,10.9,8,-18.299999999999997
adp:kaelon black,Kaelon Black,RB,SF,0,9.276718404931284,9.276718404931284,,,,rookie_market_prior,6.828903080492568,0.85,,,,1.0,False,110.6672940562639,114.65327000435806,55.07750377994129,159.44717737032295,11.76175,45,6.2737685946900115,7.978018783736331,7.211106198665487,111,19,43,168.4,22.1,14,57.400000000000006
00-0040126,Colston Loveland,TE,CHI,16,8.97105927246828,8.511883293105077,8.500056372362087,22.39561943874059,10.0,model+realized+hier_bayes,7.637400850052667,0.8915714561817741,1.14581955989697,17.87139720698554,2.1734315984601,1.0,False,117.11652358934535,119.01695797681295,66.4133615377805,165.89243221731243,13.474,18,6.139063645294229,7.452201260828787,6.8612893338382355,112,19,15,49.3,10.1,5,-62.7
adp:makai lemon,Makai Lemon,WR,PHI,0,10.500238572640548,10.500238572640548,,,,rookie_market_prior,6.522580437351288,0.85,,,,1.0,False,126.18371553862421,131.04725828317476,69.7388263201514,175.9551547681318,11.9835,45,3.568046683586232,8.077131598102625,6.048043386570248,113,19,42,98.2,11.1,9,-14.799999999999997
00-0038994,Jordan Addison,WR,MIN,14,10.329297457885202,9.940505994006461,5.66144178429162,24.594113620807665,23.0,model+realized+hier_bayes,5.9207968140868505,0.8388715055892599,1.4504828413245712,30.58301879344759,5.874315362830302,1.0,False,126.14949779981869,128.68901567193763,73.71438589551337,175.80680759723595,12.622,45,3.5338289447807085,7.928784427206779,5.9510544601150475,114,19,43,93.9,9.9,8,-20.099999999999994
00-0040666,Omarion Hampton,RB,LAC,9,13.316258520949766,12.499881523326085,8.07508169893311,23.463381245722108,22.0,model+realized+hier_bayes,7.5804830961610445,0.5457748007837592,1.9234598453328517,10.488477230410759,8.72911437577699,1.0,False,100.74039458348423,99.24440242206948,40.94234142070376,160.56717987903633,7.99875,45,-3.653130878089655,9.098021292449715,3.3600028157069994,115,19,44,18.1,3.2,2,-96.9
00-0036259,Jauan Jennings,WR,MIN,15,10.308010829979537,9.356616512590136,5.710124675479846,29.144421629021217,217.0,model+realized+hier_bayes+team_change_prior+age_prior,6.838741840572878,0.8663008287458408,1.4100505106079215,31.58301879344759,4.874315362830302,0.97,True,123.11662392861277,125.41801074383946,70.17464820017749,173.37383936282797,13.00075,45,0.5009550735747865,5.495816192798799,3.2481286891479937,116,19,44,135.6,11.8,12,19.599999999999994
00-0033293,Aaron Jones,RB,MIN,12,10.002649635159365,8.475123576429912,4.508871726100027,31.748117727583846,182.0,model+realized+hier_bayes+age_prior,5.00268895986664,0.8418140433501886,1.7067270812053246,30.48847723041076,5.729114375776988,0.86,False,105.39859736397129,107.52756605356069,53.68711265509015,153.792423863842,12.4175,45,1.005071902397404,2.3232652772553877,1.730078258569295,117,19,45,99.4,12.9,9,-17.599999999999994
00-0036264,Jordan Love,QB,GB,15,15.900231865143473,15.56507212736343,7.409080143407045,27.83025325119781,26.0,model+realized+hier_bayes,7.603861944769412,0.8634404763054561,1.8289647570163945,31.138920341789326,4.924851506188567,1.0,False,205.6116508384934,209.40299101882067,141.46319809384755,269.6589274899618,13.167,15,0.6447120264312218,-0.07835279070474144,0.247026377006442,118,19,14,135.3,10.3,12,17.30000000000001
adp:kenyon sadiq,Kenyon Sadiq,TE,NYJ,0,9.408447410819948,9.408447410819948,,,,rookie_market_prior,4.603640997017987,0.85,,,,1.0,False,115.27052855662082,119.8879148859799,69.56234125931927,155.08717572550242,12.2325,18,4.293068612569698,-3.3530552309812265,0.08770049861668916,119,19,16,158.9,14.3,14,39.900000000000006
00-0034351,Dallas Goedert,TE,PHI,15,11.139489079822038,9.886951947802075,7.174140067930491,31.66050650239562,49.0,model+realized+hier_bayes+age_prior,7.235554346345992,0.7253751218047311,1.1754658969331542,26.87139720698554,10.1734315984601,0.97,False,110.97745994405112,112.10436535246947,60.93399753948159,158.44023095648365,11.04125,18,0.0,0.0,0.0,120,19,17,124.4,16.9,11,4.400000000000006
00-0036407,Jerry Jeudy,WR,CLE,17,8.4059114319359,8.378837062499732,5.216679978683761,27.356605065023956,15.0,model+realized+hier_bayes,5.2755353923383295,0.9760181213721644,1.3383930949033485,35.583018793447586,0.8743153628303015,1.0,False,122.61566885503798,126.23035379878264,76.16245978654275,167.87802317002917,14.63325,45,0.0,0.0,0.0,121,19,45,145.1,14.1,13,24.099999999999994
00-0033923,Kareem Hunt,RB,KC,17,9.411761410673009,8.056270794372962,6.050425361809162,31.071868583162217,86.0,model+realized+hier_bayes+age_prior,5.8775654399717965,0.8694249350647318,1.4665101279299328,31.48847723041076,4.729114375776988,0.86,False,104.39352546157389,106.72735403119174,50.232909081913256,151.46915858658662,12.795,45,0.0,0.0,0.0,122,19,46,,,,
00-0039163,C.J. Stroud,QB,HOU,14,15.281763363033907,15.031818224152934,6.520944615722377,24.91170431211499,2.0,model+realized+hier_bayes,6.9502561234801945,0.8911691344229532,1.882405335437205,32.13892034178933,3.924851506188567,1.0,False,204.96693881206218,209.5203537901782,139.68042976357984,269.73728028066654,13.60475,15,0.0,0.0,0.0,123,19,15,148.3,11.5,13,25.30000000000001
00-0039738,Blake Corum,RB,LAR,17,6.979507217727269,7.131676476792162,6.492965650700493,25.765913757700204,83.0,model+realized+hier_bayes+team_change_prior,6.660653133260447,0.8970358267792751,1.4665101279299328,32.48847723041076,3.7291143757769887,1.0,True,103.06189291576725,105.20837836776963,50.1315812893115,152.07906736549944,14.07475,45,-1.3316325458066416,0.6099087789128248,-0.263784817210935,124,19,47,116.2,14.5,10,-7.799999999999997
adp:kc concepcion,KC Concepcion,WR,CLE,0,10.007925661333196,10.007925661333196,,,,rookie_market_prior,6.522580437351288,0.85,,,,1.0,False,121.11017399432026,125.5567175832507,66.3853365352544,168.59762427606282,12.01925,45,-1.505494860717718,0.7196011060336502,-0.2816920790044654,125,19,46,122.0,9.4,11,-3.0
00-0038606,Parker Washington,WR,JAX,15,10.138572719004543,9.804607997066283,7.332887432331012,24.449007529089666,185.0,model+realized+hier_bayes,6.974029667413345,0.7840128592760982,1.4100505106079215,28.58301879344759,7.874315362830302,1.0,False,118.51441550997865,119.27820007921804,67.35712620519136,168.29465369987486,11.87425,45,-4.101253345059334,0.4166305298456905,-1.6164172138615702,126,19,47,76.0,8.2,7,-50.0
00-0037263,Tyler Allgeier,RB,ARI,17,7.089497373537239,7.0117023427696665,5.3498763042324855,26.379192334017795,151.0,model+realized+hier_bayes+team_change_prior+age_prior,5.786863354561305,0.9798685019229049,1.4665101279299328,35.48847723041076,0.7291143757769886,0.97,True,102.98772184651104,105.50724047239035,51.281757177181014,149.37604403769743,14.53825,45,-1.405803615062851,-2.09311454888919,-1.7838246286673374,127,19,48,161.7,21.2,14,34.69999999999999
00-0033906,Alvin Kamara,RB,NO,11,11.113594417501488,9.267250004356624,4.897828832526436,31.104722792607802,67.0,model+realized+hier_bayes+age_prior,5.450402948262811,0.7313704764920157,1.770638041381848,26.48847723041076,9.72911437577699,0.86,False,101.05900168167454,102.58107489935479,48.959839728390605,150.80024998452566,10.837,45,-3.3345237798993423,-0.6689086020609523,-1.8684354320882277,128,19,49,154.7,21.9,13,26.69999999999999
00-0039793,AJ Barner,TE,SEA,17,8.445211766172765,8.109557116323986,6.492875054287449,24.331279945242983,121.0,model+realized+hier_bayes,6.198126175045993,0.8873410477781288,1.1183088379776585,32.87139720698554,4.1734315984601,1.0,False,111.23117712002448,113.51511998721986,66.62302307409257,153.67001275730124,13.44125,18,0.25371717597336385,-4.770218199182409,-2.5094472803623113,129,19,18,,,,
00-0030061,Zach Ertz,TE,WAS,13,9.637070822865933,8.312525182888868,6.084427369133139,35.80835044490075,35.0,model+realized+hier_bayes+age_prior,6.14403349154578,0.8603467267825625,1.242390007653416,31.87139720698554,5.1734315984601,0.93,False,109.30506972693799,111.16514408919535,64.6422738799493,153.49803448348655,13.01025,18,-1.6723902171131328,-4.942196472997097,-3.470783657849313,130,19,19,,,,
adp:omar cooper,Omar Cooper Jr.,WR,NYJ,0,9.655569503221853,9.655569503221853,,,,rookie_market_prior,6.522580437351288,0.85,,,,1.0,False,118.09104269613557,121.97587631953138,66.4888547893857,165.14645382051688,12.08025,45,-4.524626158902407,-2.7315693495122844,-3.5384449137378398,131,19,48,142.5,19.7,12,11.5
adp:denzel boston,Denzel Boston,WR,CLE,0,9.690866182312648,9.690866182312648,,,,rookie_market_prior,6.522580437351288,0.85,,,,1.0,False,118.08930382856897,122.4859672116619,65.03147402136973,165.08364399857507,12.02375,45,-4.5263650264690085,-2.7943791714540964,-3.573772806210807,132,19,49,140.3,11.3,12,8.300000000000011
00-0040189,Oronde Gadsden II,TE,LAC,15,8.4594268300151,8.085546040015902,7.544420833588601,23.186858316221766,165.0,model+realized+hier_bayes,6.845151260421279,0.8416832775544603,1.1754658969331542,16.87139720698554,3.1734315984601,1.0,False,106.51816124408542,107.12587413868272,59.541262343857134,153.5796896721352,12.8315,18,-4.4592986999657,-4.860541284348443,-4.6799821213762085,133,19,20,166.2,28.5,14,33.19999999999999
00-0033077,Dak Prescott,QB,DAL,17,18.26332661345989,17.621020783092813,8.280775574645592,33.09240246406571,135.0,model+realized+hier_bayes,8.510306787245945,0.7247971857179699,1.734456696270876,26.138920341789326,9.924851506188567,1.0,False,196.19568512312998,199.6618783200388,123.79212304265117,268.09616728131954,11.10125,15,-8.771253688932205,-1.6411129993470013,-4.849676309660342,134,19,16,62.0,8.6,6,-72.0
adp:brandon aiyuk,Brandon Aiyuk,WR,SF,0,9.566594645919043,9.566594645919043,,,,rookie_market_prior,6.522580437351288,0.85,,,,1.0,False,116.939566936282,120.61837407257165,66.99266245215402,162.8597623114218,12.1045,45,-5.676101918755975,-5.018260858607363,-5.314289335674238,135,19,50,148.2,14.3,13,13.199999999999989
00-0039894,Xavier Worthy,WR,KC,14,9.155654902116915,8.984698708761256,4.5245909292358215,23.34839151266256,28.0,model+realized+hier_bayes,4.977164967723809,0.8663008287458408,1.4504828413245712,31.58301879344759,4.874315362830302,1.0,False,116.68084974858309,119.9880303154811,68.78854049705461,162.6780469024028,12.9835,45,-5.934819106454896,-5.1999762676263686,-5.530655545099206,136,19,51,103.4,7.5,9,-32.599999999999994
00-0038997,Josh Downs,WR,IND,16,9.172824943912843,9.016830578513282,4.502221673796171,25.05407255304586,79.0,model+realized+hier_bayes,4.9368656592778315,0.8663008287458408,1.372821169069146,31.58301879344759,4.874315362830302,1.0,False,117.97626794234327,121.25822863225699,70.67362644770158,161.48680963445074,13.03875,45,-4.639400912694711,-6.39121353557843,-5.602897855280757,137,19,52,92.0,8.6,8,-45.0
00-0035659,Terry McLaurin,WR,WAS,10,10.442243102268666,9.610985565314998,5.100501064710321,30.962354551676935,76.0,model+realized+hier_bayes+age_prior,5.627133181974982,0.7840128592760982,1.655867021711105,28.58301879344759,7.874315362830302,0.97,False,113.72555323277828,115.35326273174203,63.13834627714939,163.188005432464,11.7855,45,-8.8901156222597,-4.690017737565171,-6.580061785677708,138,19,53,39.3,4.8,4,-98.7
00-0039391,Kimani Vidal,RB,LAC,12,10.247872451883847,10.063391913673033,8.244019871177146,25.010266940451746,181.0,model+realized+hier_bayes,7.287725381334685,0.6209269096338427,1.7067270812053246,22.48847723041076,13.72911437577699,1.0,False,94.4376056231092,94.26261121941388,42.799489117720775,146.70383410056954,9.281,45,-9.95591983846468,-4.765324486017079,-7.101092394618499,139,19,50,,,,
adp:travis hunter,Travis Hunter,WR,JAX,0,9.312017004380237,9.312017004380237,,,,rookie_market_prior,6.522580437351288,0.85,,,,1.0,False,114.55758294840508,118.16985725528694,62.62541507931663,161.31840329527745,12.05475,45,-8.058085906632897,-6.559619874751718,-7.233929589098248,140,19,54,165.8,11.9,14,25.80000000000001
00-0037525,Jordan Mason,RB,MIN,16,8.238392129957488,8.078638798357359,5.499693173259759,27.274469541409992,300.0,model+realized+hier_bayes+age_prior,5.310318328748414,0.8142031516356454,1.5064616570287144,29.48847723041076,6.729114375776988,0.97,False,97.42356640575021,99.85900916838278,46.232910747559565,143.38542062972746,11.93525,45,-6.969959055823679,-8.083737956859153,-7.58253745139319,141,19,51,120.3,13.7,10,-20.700000000000003
00-0040715,Cam Skattebo,RB,NYG,8,13.29475133828689,12.402084278808783,8.618408454332753,24.569472963723477,105.0,model+realized+hier_bayes,7.773395687192199,0.4937391440535986,2.016370907261036,9.488477230410759,9.72911437577699,1.0,False,91.02818426159715,89.0330223260755,31.78227096107494,148.5520756244584,7.2735,45,-13.36534119997674,-2.9170829621282053,-7.618799169160046,142,19,52,36.8,5.3,3,-105.2
adp:antonio williams,Antonio Williams,WR,WAS,0,9.497250954158659,9.497250954158659,,,,rookie_market_prior,6.522580437351288,0.85,,,,1.0,False,114.6662619669756,118.353163208084,62.96249683145726,160.33861659914402,12.0325,45,-7.949406888062384,-7.5394065708851485,-7.723906713614904,143,19,55,152.8,11.9,13,9.800000000000011
00-0031588,Stefon Diggs,WR,NE,17,11.376134648216826,10.118103622138857,6.811641203289627,32.75564681724846,146.0,model+realized+hier_bayes+age_prior,6.877882017430316,0.7291542129629365,1.3383930949033485,26.58301879344759,9.874315362830302,0.93,False,112.51888843810264,113.45920385115002,62.067982620629735,161.88492709932166,10.993,45,-10.096780416935346,-5.993096070707509,-7.839754026510036,144,19,56,,,,
adp:tank dell,Tank Dell,WR,HOU,0,9.384305926602543,9.384305926602543,,,,rookie_market_prior,6.522580437351288,0.85,,,,1.0,False,113.61884077684634,117.61831950839543,62.87969793007724,159.94229598134586,11.98475,45,-8.99682807819164,-7.935727188683302,-8.413222588962054,145,19,57,160.6,18.5,14,15.599999999999994
adp:germie bernard,Germie Bernard,WR,PIT,0,9.339548508112276,9.339548508112276,,,,rookie_market_prior,6.522580437351288,0.85,,,,1.0,False,113.23548541153595,116.78197514808767,61.40925431378994,158.89458273963803,12.0145,45,-9.380183443502034,-8.983440430391141,-9.161974786291044,146,19,58,163.8,11.2,14,17.80000000000001
00-0038129,Cade Otton,TE,TB,15,8.577844611358987,8.178651533809232,5.978636570163405,27.381245722108144,106.0,model+realized+hier_bayes,5.851907512601025,0.8333524057869962,1.1754658969331542,30.87139720698554,6.1734315984601,1.0,False,104.58521107984807,105.49857575314273,63.23132462670366,146.39553301153427,12.65075,18,-6.392248864203054,-12.044697944949377,-9.501095858613532,147,19,21,,,,
00-0038124,Christian Watson,WR,GB,10,10.924732631516182,10.274012635916081,7.669738515027021,27.307323750855577,34.0,model+realized+hier_bayes,7.153266322925998,0.7017248898063556,1.655867021711105,25.58301879344759,10.874315362830302,1.0,False,108.57929415895516,109.90194193069114,53.718520765974006,161.93167921289643,10.481,45,-14.036374696082817,-5.94634395713274,-9.586857789660275,148,19,59,62.1,8.0,6,-85.9
00-0040130,Jayden Higgins,WR,HOU,17,7.769170240527812,7.842718921755552,5.370548772485644,23.71252566735113,34.0,model+realized+hier_bayes,5.269168658459622,0.9550649973008658,1.3383930949033485,18.58301879344759,0.8743153628303015,1.0,False,113.80330151449303,116.72208452578184,66.94698909651149,157.54906362184198,14.35125,45,-8.812367340544952,-10.328959548187186,-9.64649305474818,149,19,60,124.3,12.9,11,-24.700000000000003
00-0038797,Emanuel Wilson,RB,GB,16,6.384588621247545,6.489691557812771,7.0128899178584,27.318275154004105,300.0,model+realized+hier_bayes+age_prior,6.017089934484918,0.9522576102083615,1.5064616570287144,34.48847723041076,1.7291143757769887,0.97,False,93.98506298804803,95.58806436873454,43.21336272598399,140.27141237655255,14.097,45,-10.408462473525859,-11.197746210034069,-10.842568528605375,150,19,53,,,,
adp:dezhaun stribling,De'Zhaun Stribling,WR,SF,0,9.284815622560142,9.284815622560142,,,,rookie_market_prior,6.522580437351288,0.85,,,,1.0,False,111.7312835181236,116.78565314980878,58.424897421004694,156.94762144218296,11.89475,45,-10.884385336914377,-10.930401727846203,-10.90969435192688,151,19,61,167.8,9.9,14,16.80000000000001
adp:zachariah branch,Zachariah Branch,WR,ATL,0,9.176579515669907,9.176579515669907,,,,rookie_market_prior,6.522580437351288,0.85,,,,1.0,False,111.31448126909004,114.15263697751695,61.00584341020767,156.7602241091212,11.99625,45,-11.301187585947943,-11.11779906090797,-11.200323897175958,152,19,62,176.0,2.8,15,24.0
00-0039337,Malik Nabers,WR,NYG,4,15.137770530512157,12.074648540305043,16.119217309369173,23.096509240246405,6.0,model+realized+hier_bayes,7.227157209454159,0.5645782740234512,2.242713517955807,20.58301879344759,15.874315362830302,1.0,False,104.04073994508705,103.19799565778956,46.272763343793684,161.5409096235092,8.5615,45,-18.574928909950927,-6.337113546519959,-11.844130460063894,153,19,63,48.0,8.3,4,-105.0
00-0038608,Kayshon Boutte,WR,NE,14,8.546287094131308,8.488433310575116,7.372360768214161,24.320328542094455,187.0,model+realized+hier_bayes,6.675061643345,0.8388715055892599,1.4504828413245712,30.58301879344759,5.874315362830302,1.0,False,108.68237096009624,109.46446276522028,60.62458900264176,156.31263457736506,12.62875,45,-13.933297894941745,-11.565388592664107,-12.630947778689045,154,19,64,167.8,25.1,14,13.800000000000011
00-0040162,Dylan Sampson,RB,CLE,15,6.8794342817083285,7.1421784114437115,5.598060888761904,21.963039014373717,126.0,model+realized+hier_bayes,5.140926586424784,0.8579887411647223,1.549866966338062,16.48847723041076,2.7291143757769887,1.0,False,91.75991293886817,93.20018010638512,42.426776256828,137.0645794678892,12.74375,45,-12.633612522705718,-14.404579118697427,-13.607644150501159,155,19,54,161.3,14.4,14,6.300000000000011
00-0036894,Pat Freiermuth,TE,PIT,15,7.213323884939248,7.105802721893011,6.448418041511828,27.852156057494867,55.0,model+realized+hier_bayes,5.836567436726547,0.914335368773695,1.1754658969331542,33.87139720698554,3.1734315984601,1.0,False,100.40629065511993,102.1360794900344,57.62387997871824,141.3982838992604,13.8445,18,-10.571169288931188,-17.04194705722324,-14.130097061491817,156,19,22,,,,
00-0040691,Jaxson Dart,QB,NYG,14,15.549768827669968,15.25428564760145,10.234088373429499,23.304585900068446,25.0,model+realized+hier_bayes,9.351865619322881,0.7941198867943398,1.882405335437205,15.138920341789328,3.924851506188567,1.0,False,187.06695166480955,190.25969963147497,110.92380304196894,258.05990598668035,12.165,15,-17.89998714725263,-11.67737429398619,-14.477550077956089,157,19,17,116.4,13.9,10,-40.599999999999994
00-0039032,Tyjae Spears,RB,TEN,13,8.155360173747377,8.27493484201867,5.551645632672282,25.21286789869952,81.0,model+realized+hier_bayes,5.306671775090811,0.7313704764920157,1.6492719559088558,26.48847723041076,9.72911437577699,1.0,False,90.57443674125405,91.71499603341108,42.689899121003215,136.38800753156067,10.8075,45,-13.81908872031984,-15.081151055025941,-14.513223004408196,158,19,55,122.3,13.9,11,-35.7
00-0033553,James Conner,RB,ARI,3,13.100779453461133,9.816186894296612,3.966106403010388,31.326488706365502,105.0,model+realized+hier_bayes+age_prior,6.1598934826080285,0.5657051262047562,2.836606668073237,20.48847723041076,15.72911437577699,0.86,False,84.03115232705338,82.0851626045802,30.733858682048677,140.00487709637733,8.46,45,-20.36237313452051,-11.464281490209288,-15.468422730149339,159,19,56,162.2,29.6,14,3.1999999999999886
00-0036244,Colby Parkinson,TE,LA,14,7.731643654772285,7.501253277775246,7.272332032217258,27.64955509924709,133.0,model+realized+hier_bayes,6.45443334325911,0.8333524057869962,1.2075392727148142,30.87139720698554,6.1734315984601,1.0,False,97.10308300787976,97.7621724846236,53.18013970340057,139.78837823599974,12.63075,18,-13.874376936171359,-18.6518527204839,-16.501988617543258,160,19,23,,,,
00-0037809,Chig Okonkwo,TE,WAS,17,7.236641126598972,6.849418510548522,4.482670881884384,26.981519507186857,143.0,model+realized+hier_bayes+team_change_prior,5.243901925971606,0.9413296897692613,1.1183088379776585,34.87139720698554,2.1734315984601,1.0,True,97.82251400828018,99.61878409385628,56.87800837052965,137.40736649748442,14.17675,18,-13.15494593577094,-21.032864458999228,-17.4878011235465,161,19,24,164.1,15.6,14,3.0999999999999943
00-0038933,Dalton Kincaid,TE,BUF,12,9.222288447667882,8.58515397967775,6.562075383088291,26.872005475701574,25.0,model+realized+hier_bayes,6.307310184418389,0.7253751218047311,1.2804435632472912,26.87139720698554,10.1734315984601,1.0,False,95.51616599390809,96.75177923038989,50.116694453684225,139.15532697486412,10.98225,18,-15.46129395014303,-19.28490398161952,-17.5642794674551,162,19,25,138.7,17.9,12,-23.30000000000001
00-0033040,Tyreek Hill,WR,MIA,4,13.894397393211577,10.586182787696751,4.006141119165258,32.50376454483231,165.0,model+realized+hier_bayes+age_prior,6.860600888451062,0.619436920336613,2.242713517955807,22.58301879344759,13.874315362830302,0.93,False,99.99067266024828,99.11465362743994,46.35800243756424,153.9675783957008,9.304,45,-22.624996194789702,-13.910444774328369,-17.831992913535966,163,19,65,,,,
00-0035250,Devin Singletary,RB,NYG,17,6.4886687105387,6.293311077996886,6.327420485474314,28.993839835728952,74.0,model+realized+hier_bayes+age_prior,5.601280023397684,0.9246467184938183,1.4665101279299328,33.48847723041076,2.7291143757769887,0.93,False,87.7208680627024,88.52560571835178,41.53899220247372,131.820928414641,13.65775,45,-16.672657398871493,-19.648230171945613,-18.30922242406226,164,19,57,,,,
00-0039150,Bryce Young,QB,CAR,16,14.311552685260292,14.23548132326536,7.695941354592909,25.10335386721424,1.0,model+realized+hier_bayes,7.575153099242792,0.8634404763054561,1.7798316104297243,31.138920341789326,4.924851506188567,1.0,False,187.61589345613544,192.09123702317055,122.03411749783758,250.16770413391617,13.16025,15,-17.351045355926743,-19.569576146750364,-18.571237290879736,165,19,18,165.9,18.9,14,0.9000000000000057
00-0040170,Elic Ayomanor,WR,TEN,16,7.639890646609825,7.7387662322879684,4.239216712239814,23.247091033538673,136.0,model+realized+hier_bayes,4.4876373447819216,0.9036704952602381,1.372821169069146,17.58301879344759,1.8743153628303015,1.0,False,105.34309562138945,107.5846868763179,62.43671840982393,146.98343523204312,13.57175,45,-17.27257323364853,-20.894587937986046,-19.264681321034164,166,19,66,,,,
00-0038935,Brenton Strange,TE,JAX,12,8.84782862559073,8.305671610227371,4.741180009110377,25.678302532511978,61.0,model+realized+hier_bayes,5.120010392983895,0.7523694428002974,1.2804435632472912,27.87139720698554,9.1734315984601,1.0,False,94.77221510191218,95.87494771541228,52.99275834143052,135.58363314531914,11.33625,18,-16.20524484213894,-22.856597811164505,-19.863488975103003,167,19,26,147.2,17.3,13,-19.80000000000001
00-0037834,Brock Purdy,QB,SF,9,17.665935398736345,16.73485840089405,10.294518498264557,26.680355920602327,262.0,model+realized+hier_bayes,9.40043952810861,0.6970685276004727,2.2442356729594595,25.138920341789326,10.924851506188567,1.0,False,177.8696620557616,179.70593469568178,101.33565761795246,254.4371554542547,10.63275,15,-27.097276756300573,-15.300124826411832,-20.608843194861763,168,19,19,88.7,16.0,8,-79.3
00-0023459,Aaron Rodgers,QB,PIT,16,14.371617442111212,12.857779934800899,6.2364771038356785,42.74880219028063,24.0,model+realized+hier_bayes+age_prior,6.610437232688088,0.9466264506579476,1.7798316104297243,34.13892034178933,1.924851506188567,0.9,False,188.28938861104191,191.91816887107925,129.8815773460165,245.547131807524,14.4925,15,-16.677550201020267,-24.19014847314253,-20.80947925068751,169,19,20,188.6,17.1,16,19.599999999999994
00-0040735,Luther Burden III,WR,CHI,15,7.532647910191734,7.655769673301896,7.540980105555309,22.72142368240931,39.0,model+realized+hier_bayes,6.632569966879084,0.8522759932196103,1.4100505106079215,16.58301879344759,2.8743153628303015,1.0,False,100.75956604218275,102.04946389920309,52.23197555199289,147.86346197597786,12.756,45,-21.856102812855227,-20.01456119405131,-20.843254922513076,170,19,67,50.4,6.5,5,-119.6
00-0039901,Keon Coleman,WR,BUF,12,9.301195921227634,9.077161853494518,6.051045489430032,23.293634496919918,33.0,model+realized+hier_bayes,5.9533178660754835,0.7291542129629365,1.5430161929787494,26.58301879344759,9.874315362830302,1.0,False,100.20687333414602,101.05122243228567,52.29235371848574,146.52202256256294,10.981,45,-22.408795520891957,-21.35600060746623,-21.829758318507807,171,19,68,,,,
00-0040705,Chimere Dike,WR,TEN,17,6.754909409121716,6.988739882076017,6.084907800548541,24.71457905544148,103.0,model+realized+hier_bayes,5.578125592335696,0.9550649973008658,1.3383930949033485,18.58301879344759,0.8743153628303015,1.0,False,100.27212621031724,102.50087015687433,53.16067800835523,143.8694715127333,14.28525,45,-22.343542644720742,-24.008551657295868,-23.25929760163706,172,19,69,,,,
00-0036442,Joe Burrow,QB,CIN,8,16.783977472120156,15.999819238052293,8.579676567330496,29.724845995893222,1.0,model+realized+hier_bayes,8.307946963749764,0.7247971857179699,2.34523426125418,26.138920341789326,9.924851506188567,1.0,False,177.46478750991113,178.42060781095452,104.30689283107758,249.61478177665705,11.0615,15,-27.50215130215105,-20.122498504009485,-23.44334226317319,173,19,21,50.0,9.5,5,-123.0
00-0030565,Geno Smith,QB,LV,15,12.7826533586497,12.94756555211665,7.288765000882883,35.893223819301845,39.0,model+realized+hier_bayes,7.086004103029883,0.9188977925404505,1.8289647570163945,33.13892034178933,2.924851506188567,1.0,False,183.06801120114446,186.490809823481,123.1603923576588,242.70072938572383,14.04475,15,-21.898927610917724,-27.036550894942707,-24.724620417131465,174,19,22,,,,
00-0038621,DeMario Douglas,WR,NE,16,6.8806755112404385,7.105780332411248,5.200881335568681,25.730321697467488,210.0,model+realized+hier_bayes,4.9930969850447395,0.9211594750590026,1.372821169069146,33.583018793447586,2.8743153628303015,1.0,False,99.3384367793142,100.85353184600518,56.41322582693937,141.78197738718973,13.834,45,-23.277232075723788,-26.09604578283944,-24.827579614637397,175,19,70,,,,
00-0039910,Jayden Daniels,QB,WAS,7,17.478854463525046,16.41336986566993,6.3642932499554545,25.702943189596166,2.0,model+realized+hier_bayes,7.333380008978768,0.6970685276004727,2.461223553969311,25.138920341789326,10.924851506188567,1.0,False,175.104764895563,175.59489984471483,104.65875775297046,248.00556885626645,10.6475,15,-29.862173916499188,-21.73171142440009,-25.390419545844683,176,19,23,79.2,11.9,7,-96.8
00-0039342,Xavier Legette,WR,CAR,15,7.134063612698554,7.327098174106091,6.860431750955899,25.587953456536617,32.0,model+realized+hier_bayes,6.115749095267348,0.8663008287458408,1.4100505106079215,31.58301879344759,4.874315362830302,1.0,False,97.00103623019356,97.54244719225866,50.457589445445976,142.36541159635485,12.983,45,-25.61463262484442,-25.51261157367432,-25.558521046700864,177,19,71,,,,
00-0035229,T.J. Hockenson,TE,MIN,15,8.474293998356508,8.097235290008818,4.039660523219388,29.163586584531142,8.0,model+realized+hier_bayes,4.562943314846914,0.7253751218047311,1.1754658969331542,26.87139720698554,10.1734315984601,1.0,False,89.4319957879276,90.60460473572763,49.9355412897449,127.57489756507003,11.00725,18,-21.545464156123515,-30.865333391413614,-26.67139223553307,178,19,27,160.7,20.6,14,-17.30000000000001
00-0039847,Theo Johnson,TE,NYG,15,8.218109786788748,7.89581150677812,5.823744499890084,25.51129363449692,107.0,model+realized+hier_bayes,5.666074619136678,0.7253751218047311,1.1754658969331542,26.87139720698554,10.1734315984601,1.0,False,88.02306040724173,88.88972833897091,47.35709149756594,128.68556936298046,11.01625,18,-22.95439953680939,-29.754661593503187,-26.694543667990978,179,19,28,,,,
00-0039890,Adonai Mitchell,WR,NYJ,16,6.312562248064163,6.6321231720484315,6.7878782890286615,23.89869952087611,52.0,model+realized+hier_bayes,5.949589303946177,0.9485887982155835,1.372821169069146,34.583018793447586,1.8743153628303015,1.0,False,97.02862164840622,98.22651759296542,52.927039033529674,140.20295399131012,14.3665,45,-25.587047206631766,-27.675069178719042,-26.735459291279767,180,19,72,153.8,17.5,13,-26.19999999999999
00-0035689,Dawson Knox,TE,BUF,16,6.816530399853204,6.794956311268559,5.224712910773184,29.796030116358658,96.0,model+realized+hier_bayes,4.958170152555048,0.8603467267825625,1.14581955989697,31.87139720698554,5.1734315984601,1.0,False,90.05872780567152,91.186179762091,51.83748950602783,126.83143263281829,13.058,18,-20.918732138379596,-31.608798323665354,-26.798268540286763,181,19,29,,,,
00-0038976,Marvin Mims Jr.,WR,DEN,15,6.807307797614108,7.0576562410189245,5.716267513484152,24.45448323066393,63.0,model+realized+hier_bayes,5.309722591776374,0.8937301519024218,1.4100505106079215,32.583018793447586,3.8743153628303015,1.0,False,95.62698024766276,97.03777957555789,51.40136745420357,140.29855637844528,13.346,45,-26.988688607375224,-27.579466791583883,-27.313616608689987,182,19,73,,,,
00-0040719,Bhayshul Tuten,RB,JAX,15,5.946038067110838,6.323743712486754,4.9181103610847865,24.54483230663929,104.0,model+realized+hier_bayes,4.541631218096226,0.8579887411647223,1.549866966338062,16.48847723041076,2.7291143757769887,1.0,False,79.8656064924307,80.89797180469675,36.013250596794684,121.45556078926244,12.688,45,-24.527918969143187,-30.01359779732418,-27.545042324642733,183,19,58,60.2,7.5,5,-122.8
00-0035537,Ty Johnson,RB,BUF,17,5.420551140354817,5.409500982615061,5.2852388782343604,28.955509924709105,186.0,model+realized+hier_bayes+age_prior,4.7228132076445055,0.9798685019229049,1.4665101279299328,35.48847723041076,0.7291143757769886,0.93,False,79.51981803584144,81.05715055376939,34.905592556755906,121.13013696312356,14.47025,45,-24.873707425732448,-30.339021623463054,-27.87963023448428,184,19,59,,,,
00-0038393,Dontayvion Wicks,WR,PHI,13,6.928369042667114,6.970211380734817,7.019542318340588,25.21013004791239,159.0,model+realized+hier_bayes+team_change_prior,7.025590356446588,0.8663008287458408,1.4946054579536592,31.58301879344759,4.874315362830302,1.0,True,94.06086553908327,94.4514739034806,46.17538698669235,140.0760936099681,13.05225,45,-28.554803315954715,-27.80192956006107,-28.140722750213207,185,19,74,174.8,4.8,15,-10.199999999999989
00-0031408,Mike Evans,WR,SF,8,11.781163544868338,9.193238574305713,5.799014694633169,33.02943189596167,7.0,model+realized+hier_bayes+team_change_prior+age_prior,7.212203259958299,0.6468662434931939,1.7977560266302695,23.58301879344759,12.874315362830302,0.88,True,90.78691561235792,89.91559009155054,42.366913558141746,141.6514292164222,9.705,45,-31.828753242680065,-26.226593953606965,-28.74756563368986,186,19,75,53.7,7.1,5,-132.3
00-0037291,Jalen Nailor,WR,LV,17,6.421075122274649,6.5064309949201995,6.655592517928503,27.50171115674196,191.0,model+realized+hier_bayes+team_change_prior,6.794196312543754,0.9211594750590026,1.3383930949033485,33.583018793447586,2.8743153628303015,1.0,True,93.91328262991692,94.82094565550298,48.5914527131328,138.26631713760347,13.9095,45,-28.70238622512106,-29.6117060324257,-29.20251211913861,187,19,76,150.4,15.2,13,-36.599999999999994
00-0036309,Darnell Mooney,WR,ATL,15,6.895223889273046,7.130151604812009,3.825080142328797,28.840520191649556,173.0,model+realized+hier_bayes,4.092437887141331,0.8937301519024218,1.4100505106079215,32.583018793447586,3.8743153628303015,1.0,False,96.17160411052102,98.2428863265745,54.67715105506856,134.99163057466876,13.458,45,-26.444064744516965,-32.886392595360405,-29.987345062480856,188,19,77,,,,
00-0034975,Justice Hill,RB,BAL,9,7.102089093938276,6.942013448200574,8.748158536387976,28.79671457905544,113.0,model+realized+hier_bayes+age_prior,6.757637329010159,0.7037595847774725,1.9234598453328517,25.48847723041076,10.72911437577699,0.93,False,74.30989696465566,73.54802373232943,27.406410302456262,120.99606046435451,10.368,45,-30.083628496918223,-30.473098122232102,-30.297836790840854,189,19,60,159.1,23.9,14,-29.900000000000006
00-0038619,Andrei Iosivas,WR,CIN,15,6.476515069492963,6.784885480709413,5.181762891783709,26.88021902806297,206.0,model+realized+hier_bayes,4.900560984178908,0.9211594750590026,1.4100505106079215,33.583018793447586,2.8743153628303015,1.0,False,95.05626916535469,97.2131315004691,51.965807506184035,135.21601737510778,13.8785,45,-27.55939968968329,-32.662005794921384,-30.365833047564244,190,19,78,,,,
00-0038951,Sean Tucker,RB,TB,14,6.378464805311701,6.723053909053992,8.681317568507371,24.851471594798085,300.0,model+realized+hier_bayes,7.003098204963148,0.7313704764920157,1.5972541996162548,26.48847723041076,9.72911437577699,1.0,False,74.85903483968266,74.62748751269638,28.08899746786694,120.06629349155374,10.7055,45,-29.534490621891223,-31.40286509503288,-30.562096582119132,191,19,61,,,,
00-0040736,Mason Taylor,TE,NYJ,13,7.592397411832115,7.381766722288411,5.198483506680651,22.316221765913756,42.0,model+realized+hier_bayes,5.089828824015646,0.7419069202998323,1.242390007653416,14.871397206985542,5.1734315984601,1.0,False,83.90914234543123,85.24564523929587,43.60089553430959,123.451995449713,11.251,18,-27.068317598619885,-34.98823550677065,-31.424272448102805,192,19,30,,,,
00-0033858,Jonnu Smith,TE,PIT,17,5.909273806134756,5.882324363064663,3.916452851902659,31.028062970568104,100.0,model+realized+hier_bayes+age_prior,3.8769490445348707,0.9683240107648277,1.1183088379776585,35.87139720698554,1.1734315984600998,0.97,False,86.1459739256774,87.3469200269794,51.42900368962682,119.77814851232517,14.64325,18,-24.831486018373724,-38.66208244415847,-32.438314052555334,193,19,31,,,,
00-0035710,Daniel Jones,QB,IND,13,17.09624731898562,16.502808820144836,7.084911015853629,29.26488706365503,6.0,model+realized+hier_bayes,7.580992361187487,0.6693398694829755,1.940821897735546,24.138920341789326,11.924851506188567,1.0,False,169.69025160269382,171.28511594806315,102.40588558625333,237.86012505239177,10.248,15,-35.27668720936836,-31.877155228274773,-33.40694461976689,194,19,24,161.5,12.1,14,-32.5
00-0040237,Tez Johnson,WR,TB,15,6.541251749022272,6.838267165958116,6.5076658093139885,24.290212183436,235.0,model+realized+hier_bayes,5.777134246928651,0.8522759932196103,1.4100505106079215,16.58301879344759,2.8743153628303015,1.0,False,89.12950618101559,90.19540588468162,43.562935385319534,133.42159793602025,12.77675,45,-33.486162674022395,-34.45642523400892,-34.01980708201498,195,19,79,,,,
00-0037837,Calvin Austin III,WR,PIT,14,6.363831433659644,6.711054832135471,5.502546862864684,27.44147843942505,138.0,model+realized+hier_bayes,5.0757403046260245,0.8937301519024218,1.4504828413245712,32.583018793447586,3.8743153628303015,1.0,False,90.75013574729392,91.66770297072316,46.804853076475894,132.07700376256554,13.38975,45,-31.865533107744056,-35.80101940746363,-34.03005057258982,196,19,80,,,,
00-0039880,Malik Washington,WR,MIA,17,7.060012944311735,7.245628461341367,3.3408236920221444,25.864476386036962,184.0,model+realized+hier_bayes,3.765334424937726,0.8388715055892599,1.3383930949033485,30.58301879344759,5.874315362830302,1.0,False,92.11322937084094,94.04291896345408,52.52843930134219,129.31731125328318,12.672,45,-30.50243948419704,-38.56071191674599,-34.93448932209896,197,19,81,156.8,16.2,13,-40.19999999999999
00-0033555,Mack Hollins,WR,NE,14,7.185782399177501,6.863815382144492,4.614525561078425,32.95824777549623,118.0,model+realized+hier_bayes+age_prior,4.664838014163084,0.8663008287458408,1.4504828413245712,31.58301879344759,4.874315362830302,0.93,False,90.15533026077647,91.57894773296573,47.86987803632742,130.86795812602506,12.94925,45,-32.460338594261515,-37.01006504400411,-34.962688141619935,198,19,82,,,,
00-0036893,Najee Harris,RB,LAC,3,7.402069820996622,7.501908277253308,2.571640202931455,28.48186173853525,24.0,model+realized+hier_bayes+age_prior,4.883277785312381,0.5933160179192994,2.836606668073237,21.48847723041076,14.72911437577699,0.93,False,67.20922687352983,64.41500599476805,20.35247335799765,117.25831135972582,8.7405,45,-37.18429858804406,-34.21084722686079,-35.54890033939326,199,19,62,,,,
00-0034829,Mike Gesicki,TE,CIN,12,6.738003465382969,6.5290500956268,5.580560143493798,30.913073237508556,42.0,model+realized+hier_bayes+age_prior,5.089716176972958,0.8063580847914299,1.2804435632472912,29.87139720698554,7.1734315984601,0.97,False,80.41115962679451,81.73198306180677,40.89344846738768,117.92526686342383,12.1455,18,-30.566300317256605,-40.51496409305982,-36.03806539394837,200,19,32,,,,
00-0039146,Jayden Reed,WR,GB,5,8.926232602507154,8.656800309863181,2.477902338672773,26.34360027378508,50.0,model+realized+hier_bayes,5.4422846514815095,0.6468662434931939,2.1013523215945544,23.58301879344759,12.874315362830302,1.0,False,84.55121859094636,82.8439306959821,38.02700338119078,132.6953538493406,9.788,45,-38.06445026409162,-35.182669320688575,-36.47947074521994,201,19,83,90.5,7.3,8,-110.5
00-0040198,Ollie Gordon II,RB,MIA,16,4.795638525176601,5.286348085231115,4.408207307587368,22.628336755646817,179.0,model+realized+hier_bayes,4.021759205930073,0.9100243978948829,1.5064616570287144,17.48847723041076,1.7291143757769887,1.0,False,71.78706129588181,72.50073280943943,30.300496333754,111.6787342193788,13.463,45,-32.606464165692074,-39.79042436720782,-36.55764227652573,202,19,63,,,,
00-0036290,Cole Kmet,TE,CHI,16,6.161284648261211,6.272796165288916,3.2408267977991874,27.479808350444902,43.0,model+realized+hier_bayes,3.484834340165352,0.8603467267825625,1.14581955989697,31.87139720698554,5.1734315984601,1.0,False,82.30096205484732,84.10723115712247,49.07018663093452,113.78319508696939,13.08675,18,-28.6764978892038,-44.65703586951426,-37.465793778374554,203,19,33,,,,
00-0035208,Olamide Zaccheaus,WR,CHI,14,6.8295628073280135,6.87763329285025,4.598948757088914,29.1088295687885,300.0,model+realized+hier_bayes+age_prior,4.58809689851752,0.8388715055892599,1.4504828413245712,30.58301879344759,5.874315362830302,0.97,False,88.21792418354006,89.457465131634,48.43631019191878,127.73332982462738,12.6775,45,-34.39774467149792,-40.14469334540179,-37.55856644214505,204,19,84,,,,
00-0039875,Ray Davis,RB,BUF,13,4.868723281620582,5.283286023066012,6.9127158936007955,26.781656399726216,128.0,model+realized+hier_bayes+age_prior,5.573511445252395,0.8418140433501886,1.6492719559088558,30.48847723041076,5.729114375776988,0.97,False,68.65224062422236,68.49333176092149,26.144991578024438,111.57135591946312,12.49525,45,-35.74128483735153,-39.8978026671235,-38.02736964372611,205,19,64,,,,
00-0039373,Audric Estimé,RB,NO,5,8.167224747165488,8.417881734172344,6.550725150698966,22.986995208761122,147.0,model+realized+hier_bayes,5.006101257500976,0.538094234490213,2.4045765658707614,19.48847723041076,16.729114375776987,1.0,False,67.16193155882817,65.55463795001079,23.419311075642376,112.78388835717507,7.946,45,-37.231593902745715,-38.68527022941154,-38.031115882411925,206,19,65,,,,
00-0037545,Rashid Shaheed,WR,SEA,18,8.022847133862538,8.054728695554035,5.649466398540246,28.00273785078713,300.0,model+realized+hier_bayes,5.5092996251544,0.7017248898063556,1.306431740989075,25.58301879344759,10.874315362830302,1.0,False,86.0322810050718,87.01506066464843,42.071247559982986,128.21161652786896,10.55425,45,-36.583387849966186,-39.66640664216021,-38.2790481856729,207,19,85,128.7,9.1,11,-78.30000000000001
00-0040584,Gunnar Helm,TE,TEN,16,5.6773462346610675,5.88714947917663,3.988603556801971,23.98631074606434,120.0,model+realized+hier_bayes,3.8720178746941736,0.8915714561817741,1.14581955989697,17.87139720698554,2.1734315984601,1.0,False,80.1427408590013,81.32496421651874,46.00928468318177,113.83187073764995,13.5285,18,-30.834719085049827,-44.608360218833695,-38.41022170863096,208,19,34,,,,
00-0035535,Darius Slayton,WR,NYG,14,6.6820212156781835,6.761081036238554,4.123985056623357,29.634496919917865,171.0,model+realized+hier_bayes+age_prior,4.258167719262319,0.8663008287458408,1.4504828413245712,31.58301879344759,4.874315362830302,0.97,False,87.64484721710545,88.86398574432187,48.02108701578889,126.5400064199447,12.9885,45,-34.97082163793253,-41.33801675008446,-38.47277894961609,209,19,86,,,,
00-0034837,Calvin Ridley,WR,TEN,7,8.457920134660746,7.800834568451037,5.483264581997707,31.698836413415467,26.0,model+realized+hier_bayes+age_prior,5.400308238267193,0.7017248898063556,1.88389794612077,25.58301879344759,10.874315362830302,0.93,False,83.5253155953997,82.67424761600986,39.91866579473539,129.31737186620526,10.548,45,-39.09035325963828,-38.5606513038239,-38.79901718394037,210,19,87,150.4,15.5,13,-59.599999999999994
00-0035500,Greg Dortch,WR,ARI,12,6.110836229269244,6.556914750426107,6.02124395684802,28.26009582477755,300.0,model+realized+hier_bayes,5.308407952425192,0.8388715055892599,1.5430161929787494,30.58301879344759,5.874315362830302,1.0,False,84.98071805252485,85.1579078619892,42.325544836059485,127.59244166839878,12.7195,45,-37.63495080251313,-40.28558150163039,-39.09279768702763,211,19,88,,,,
00-0036550,Rashod Bateman,WR,BAL,13,6.540328281379474,6.874215319773976,4.774330400090757,26.757015742642025,27.0,model+realized+hier_bayes,4.644771168452045,0.8388715055892599,1.4946054579536592,30.58301879344759,5.874315362830302,1.0,False,86.81026651074788,87.41498391619632,45.451260994045384,126.011010746878,12.648,45,-35.8054023442901,-41.867012423151166,-39.139287887663684,212,19,89,161.0,14.4,14,-51.0
00-0033526,Samaje Perine,RB,CIN,14,5.392582630357574,5.044877292852627,4.6921550146301305,30.9596167008898,114.0,model+realized+hier_bayes+age_prior,4.295886751691295,0.8970358267792751,1.5972541996162548,32.48847723041076,3.7291143757769887,0.86,False,67.3495231993996,67.54962378910636,23.417732071305398,107.99549513358104,13.16625,45,-37.04400226217429,-43.47366345300557,-40.5803159171315,213,19,66,165.0,14.5,14,-48.0
00-0033908,Cooper Kupp,WR,SEA,16,7.824636595582572,6.945660305921442,4.053594084266455,33.21286789869952,69.0,model+realized+hier_bayes+age_prior,4.396897762335467,0.8114421824326791,1.372821169069146,29.58301879344759,6.874315362830302,0.88,False,85.57942234633668,86.68569422317793,45.15516674952904,124.22152371374113,12.24475,45,-37.036246508701296,-43.65649945628803,-40.677385629874,214,19,90,160.8,11.7,14,-53.19999999999999
00-0037197,Isiah Pacheco,RB,DET,13,7.7064464792392915,7.575452671048484,3.894835502270101,27.50171115674196,251.0,model+realized+hier_bayes+team_change_prior+age_prior,4.832748706115048,0.5933160179192994,1.6492719559088558,21.48847723041076,14.72911437577699,0.97,True,65.83846943449785,64.8011106003535,25.49941781281251,105.84897371432426,8.67375,45,-38.555056027076034,-45.62018487226236,-42.44087689192851,215,19,67,144.8,17.9,12,-70.19999999999999
00-0039916,Ricky Pearsall,WR,SF,9,9.695692114553275,9.313273287999518,6.514620309563543,25.976728268309376,31.0,model+realized+hier_bayes,6.228266221850104,0.5645782740234512,1.722443786357043,20.58301879344759,15.874315362830302,1.0,False,79.86447531417332,78.83553752200713,33.772287789843126,125.48483736875684,8.489,45,-42.75119354086466,-42.393185801272324,-42.55428928408888,216,19,91,102.4,8.1,9,-113.6
00-0038618,Xavier Hutchinson,WR,HOU,16,5.866725549286752,6.2604125319063835,5.3699782743198,26.250513347022586,205.0,model+realized+hier_bayes,4.924664314829595,0.8663008287458408,1.372821169069146,31.58301879344759,4.874315362830302,1.0,False,82.98124213830977,84.02581542722307,41.64438173229634,122.91467948015737,12.987,45,-39.634426716728214,-44.96334368987179,-42.56533105195719,217,19,92,,,,
00-0040676,Cam Ward,QB,TEN,17,11.182273330319102,11.561445908244282,5.398444220328668,24.27104722792608,1.0,model+realized+hier_bayes,5.600222143703926,0.9514864364951647,1.734456696270876,18.138920341789326,0.924851506188567,1.0,False,169.21652772510907,173.7634487350627,114.26289757663119,221.2558832055866,14.5585,15,-35.75041108695311,-48.48139707507994,-42.752453380422864,218,19,25,167.7,13.9,14,-50.30000000000001
00-0038555,Tank Bigsby,RB,PHI,11,5.0500089206174295,5.687021888389104,5.506987297144337,24.005475701574266,88.0,model+realized+hier_bayes,4.692839540305167,0.7589813682065589,1.770638041381848,27.48847723041076,8.72911437577699,1.0,False,64.64877566870648,64.38913150142992,23.536380585666016,106.14331807002284,11.21825,45,-39.74474979286741,-45.32584051656377,-42.81434969090041,219,19,68,162.5,15.6,14,-56.5
00-0035644,Noah Fant,TE,CIN,13,6.121389345022084,6.262015958101946,4.726100468782445,28.78028747433265,20.0,model+realized+hier_bayes,4.433537843635232,0.7793637637958637,1.242390007653416,28.87139720698554,8.1734315984601,1.0,False,74.13468586914196,74.76444546508385,38.109048634096624,110.17611970648385,11.80175,18,-36.84277407490916,-48.2641112499998,-43.12450952120901,220,19,35,,,,
00-0037746,Brian Robinson,RB,ATL,16,4.9181315093383615,5.180422333792447,3.1594237343752005,27.446954140999317,98.0,model+realized+hier_bayes+team_change_prior+age_prior,3.690572734112222,0.8694249350647318,1.5064616570287144,31.48847723041076,4.729114375776988,0.97,True,66.85602697964642,66.80206899868199,28.140540664721136,103.24512426341681,12.844,45,-37.53749848192747,-48.2240343231698,-43.415093194610755,221,19,69,156.9,17.3,13,-64.1
00-0040078,Brashard Smith,RB,KC,15,4.590647317104915,5.135289331483606,4.012694143055795,23.392197125256672,228.0,model+realized+hier_bayes,3.7248324874928835,0.8579887411647223,1.549866966338062,16.48847723041076,2.7291143757769887,1.0,False,65.6280577108083,66.06091086110106,25.632957828376647,103.94282740931709,12.6875,45,-38.76546775076558,-47.526331177269526,-43.58394263534275,222,19,70,,,,
00-0039921,Trey Benson,RB,ARI,4,8.580280621016644,8.729472987334125,1.047218538160334,24.109514031485283,66.0,model+realized+hier_bayes,5.139003169029868,0.48287245106112653,2.5939877765722485,17.48847723041076,18.729114375776987,1.0,False,62.05668776779937,59.357062763809594,19.40774578369161,106.33159780142307,7.057,45,-42.33683769377452,-45.137560785163544,-43.87723539403848,223,19,71,,,,
00-0033881,Evan Engram,TE,DEN,16,7.1529527139110645,6.8511571292591436,3.9116066605253996,31.99726214921287,23.0,model+realized+hier_bayes+age_prior,4.160162909390278,0.7253751218047311,1.14581955989697,26.87139720698554,10.1734315984601,0.97,False,75.08214685483122,75.77515160695847,42.023778143679564,107.9184797373779,10.93325,18,-35.8953130892199,-50.52175121910575,-43.93985406065712,224,19,36,,,,
00-0033885,David Njoku,TE,CLE,11,7.803137910989268,7.282344324458665,5.045069600384842,30.143737166324435,29.0,model+realized+hier_bayes+age_prior,5.026875667147589,0.6443921588180322,1.3222226209240646,23.87139720698554,13.1734315984601,0.97,False,72.19911127017218,71.67772070309513,36.72860191464923,109.20763973835189,9.833,18,-38.77834867387894,-49.23259121813176,-44.52818207321799,225,19,37,,,,
00-0039067,Rashee Rice,WR,KC,8,15.751549962119679,13.608308118739682,8.111532795083447,26.360027378507873,55.0,model+realized+hier_bayes,8.263812712364167,0.34514368877080426,1.7977560266302695,12.58301879344759,23.874315362830302,1.0,False,72.2641326983357,69.06767579662909,21.26614688721935,125.53761953042921,5.212,45,-50.35153615670228,-42.340403639599955,-45.945413272296,226,19,93,23.8,4.7,2,-202.2
00-0039794,Braelon Allen,RB,NYJ,4,4.972217748055637,6.366232957360844,3.442261853297431,22.614647501711158,134.0,model+realized+hier_bayes,4.169076291363775,0.6209269096338427,2.5939877765722485,22.48847723041076,13.72911437577699,1.0,False,59.40588650724176,57.21310476978472,16.892417623632255,104.01831048100784,9.2535,45,-44.98763895433213,-47.45084810557877,-46.342403987517784,227,19,72,178.2,29.3,15,-48.80000000000001
00-0034791,Nick Chubb,RB,HOU,15,7.068233523039405,6.284642846883953,4.376539185029107,30.680355920602327,35.0,model+realized+hier_bayes+age_prior,4.375805848040121,0.6761486930629291,1.549866966338062,24.48847723041076,11.72911437577699,0.86,False,63.394400140101766,63.8519970070815,25.4366102991319,100.56458388328599,10.031,45,-40.99912532147212,-50.904574703300625,-46.4471224814778,228,19,73,,,,
00-0035228,Kyler Murray,QB,MIN,5,16.973313298539807,15.504673329253476,1.7790671713007358,29.06776180698152,1.0,model+realized+hier_bayes+team_change_prior,9.024031110685206,0.6416112113654783,2.7564246994741124,23.138920341789326,12.924851506188567,1.0,True,153.7746229736438,152.44572530329083,81.61626020874624,226.95335158502797,9.83575,15,-51.19231583841838,-42.783928695638565,-46.567702909889476,229,19,26,139.3,14.9,12,-89.69999999999999
00-0033307,Kendrick Bourne,WR,SF,14,6.978703022965082,6.706976302686594,6.890816471823325,31.077344284736483,300.0,model+realized+hier_bayes+age_prior,6.074537633193017,0.7565835361195173,1.4504828413245712,27.58301879344759,8.874315362830302,0.93,False,78.01871068030164,77.70497442166308,35.72303427876251,119.67049142945608,11.3875,45,-44.59695817473634,-48.20753174057309,-46.58277363594655,230,19,94,,,,
00-0040667,Matthew Golden,WR,GB,14,6.211047953258296,6.586628904569192,4.300804933605229,23.085557837097877,23.0,model+realized+hier_bayes,4.282332483921907,0.8008814911789827,1.4504828413245712,15.58301879344759,3.8743153628303015,1.0,False,79.5463116366029,80.72708174425927,40.195083075123286,118.0195167458567,12.0845,45,-43.06935721843509,-49.85850642417246,-46.80338928159064,231,19,95,117.3,8.7,10,-113.7
00-0039491,Jalen Coker,WR,CAR,11,7.829054210080542,7.92023559073122,5.8654613086812155,24.83778234086242,300.0,model+realized+hier_bayes,5.535832423295533,0.6468662434931939,1.5964578927078625,23.58301879344759,12.874315362830302,1.0,False,76.62130000659582,75.78829025105989,33.52619533339053,119.97076513318197,9.68475,45,-45.994368848442164,-47.907258036847196,-47.04645790206493,232,19,96,126.4,9.2,11,-105.6
00-0036328,Antonio Gibson,RB,NE,5,5.463042782287334,6.059319812697624,3.3411076007815126,28.191649555099247,66.0,model+realized+hier_bayes+age_prior,4.180028809680187,0.6485378013483859,2.4045765658707614,23.48847723041076,12.72911437577699,0.93,False,58.941844199742015,56.70759302006381,17.357160844540527,102.53365366231495,9.55775,45,-45.45168126183187,-48.93550492427167,-47.367784276173765,233,19,74,,,,
00-0037666,Jalen Tolbert,WR,DAL,11,5.770673219961349,6.324670061508415,4.444649490219571,27.509924709103355,88.0,model+realized+hier_bayes,4.29993836597008,0.8114421824326791,1.5964578927078625,29.58301879344759,6.874315362830302,1.0,False,77.69486494570843,77.9373933169664,36.57175177132799,117.73218984000506,12.224,45,-44.92080390932955,-50.145833330024104,-47.79457009071155,234,19,97,,,,
00-0032392,Austin Hooper,TE,NE,13,5.344976057130939,5.500869913973662,2.9420906573213266,31.84120465434634,81.0,model+realized+hier_bayes+age_prior,3.1370999553345893,0.8603467267825625,1.242390007653416,31.87139720698554,5.1734315984601,0.97,False,72.09954109961016,73.02488129713734,39.064975949210954,103.18402874656316,13.01975,18,-38.877918844440956,-55.25620220992049,-47.8859746954547,235,19,38,,,,
00-0040202,Devin Neal,RB,NO,9,6.875221970369321,7.280699814337955,5.269013190342192,23.055441478439427,184.0,model+realized+hier_bayes,4.87268728477211,0.5457748007837592,1.9234598453328517,10.488477230410759,8.72911437577699,1.0,False,58.92800838589321,56.633268255399365,19.812265673403438,100.62747026710316,8.01225,45,-45.46551707568068,-50.84168831948345,-48.422411259772204,236,19,75,,,,
00-0037267,Jerome Ford,RB,CLE,13,4.861583136930667,5.277326046619111,3.2857306099291894,26.97056810403833,156.0,model+realized+hier_bayes+age_prior,3.326984085744816,0.7865922599211022,1.6492719559088558,28.48847723041076,7.729114375776988,0.97,False,61.67660908349938,61.09399099218076,23.29885406669495,98.29544202719964,11.61275,45,-42.71691637807451,-53.173716559386975,-48.46815647779636,237,19,76,,,,
00-0038794,Jaleel McLaughlin,RB,DEN,8,4.796810371865159,5.675688183802761,2.833851493235714,25.965776865160848,300.0,model+realized+hier_bayes,3.249378665499978,0.7037595847774725,2.016370907261036,25.48847723041076,10.72911437577699,1.0,False,59.678694418213624,58.614298275979664,20.960909635110806,98.75910054027881,10.4565,45,-44.71483104336026,-52.71005804630781,-49.112205894981415,238,19,77,,,,
00-0037801,KaVontae Turpin,WR,DAL,15,5.569724830866923,5.85603431751695,4.650755187012515,30.080766598220396,300.0,model+realized+hier_bayes+age_prior,4.388208756172098,0.8663008287458408,1.4100505106079215,31.58301879344759,4.874315362830302,0.97,False,77.44720364068921,78.51767376978377,39.74042489048097,114.45730776876535,13.03775,45,-45.16846521434877,-53.42071540126382,-49.70720281715205,239,19,98,,,,
00-0037838,Isaiah Likely,TE,NYG,11,5.9357781136963705,5.899448081829944,3.9538473783024415,26.3709787816564,139.0,model+realized+hier_bayes+team_change_prior,4.499157952843482,0.7523694428002974,1.3222226209240646,27.87139720698554,9.1734315984601,1.0,True,68.35633366926633,68.37797892480494,33.824604557588785,102.80493583438198,11.45975,18,-42.621126274784785,-55.63529512210167,-49.77891914080907,240,19,39,140.2,18.7,12,-99.80000000000001
00-0040727,Tre Harris,WR,LAC,16,5.248474885462787,5.744953955597063,2.876079507477729,24.50650239561944,55.0,model+realized+hier_bayes,3.1516013621798944,0.9036704952602381,1.372821169069146,17.58301879344759,1.8743153628303015,1.0,False,78.08109725104359,79.43745735690024,39.98669133232012,113.67601507094761,13.56075,45,-44.534571603994394,-54.20200809908155,-49.85166167629233,241,19,99,,,,
00-0038705,Emari Demercado,RB,ARI,11,5.269081461508216,5.694751675001197,4.213549572510095,27.613963039014372,300.0,model+realized+hier_bayes+age_prior,3.9841190519293024,0.7037595847774725,1.770638041381848,25.48847723041076,10.72911437577699,0.97,False,58.827587045471226,57.48061125875505,21.805508251175993,97.32684007082798,10.37725,45,-45.56593841610266,-54.14231851575863,-50.28294747091344,242,19,78,,,,
00-0040669,Isaac TeSlaa,WR,DET,14,5.66892146571622,6.145124424546388,5.6063396218962644,24.528405201916495,70.0,model+realized+hier_bayes,5.0114216040342505,0.8008814911789827,1.4504828413245712,15.58301879344759,3.8743153628303015,1.0,False,74.76413167340321,74.77594489363518,35.45971302149543,114.94992562493559,11.97225,45,-47.85153718163477,-52.92809754509358,-50.64364538153711,243,19,100,169.3,13.9,15,-73.69999999999999
00-0039874,Jaylen Wright,RB,MIA,9,5.189903345294111,5.915083570316346,5.521121061684646,23.419575633127995,120.0,model+realized+hier_bayes,4.686355581225868,0.6485378013483859,1.9234598453328517,23.48847723041076,12.72911437577699,1.0,False,57.39204170696303,56.3781762869624,17.787548979650982,96.96195114960558,9.5525,45,-47.00148375461086,-54.507207436981034,-51.129631779914455,244,19,79,,,,
00-0039798,Isaiah Davis,RB,NYJ,15,5.058312905433402,5.545355002428296,5.213151866285153,24.525667351129364,173.0,model+realized+hier_bayes,4.585825924824462,0.7037595847774725,1.549866966338062,25.48847723041076,10.72911437577699,1.0,False,59.08084581807771,58.672447950074556,23.280831400763784,95.56073455325078,10.5415,45,-45.312679643496175,-55.908424033335834,-51.14033905790799,245,19,80,,,,
00-0033955,Jeremy McNichols,RB,WAS,16,4.750906975831748,4.512266592739715,3.7787067893659074,30.68309377138946,162.0,model+realized+hier_bayes+age_prior,3.59480441982007,0.8694249350647318,1.5064616570287144,31.48847723041076,4.729114375776988,0.86,False,59.181757360139116,58.62102485306002,23.011847275750686,95.01862512651623,12.946,45,-45.21176810143477,-56.45053346007039,-51.39308904868436,246,19,81,,,,
00-0039424,Devaughn Vele,WR,NO,9,6.956971267350905,7.291364068678278,6.7979776404457235,28.720054757015742,235.0,model+realized+hier_bayes,5.808351804296423,0.6468662434931939,1.722443786357043,23.58301879344759,12.874315362830302,1.0,False,71.94137436469126,70.41649065726985,31.787280216936228,114.35115794556488,9.76375,45,-50.674294490346725,-53.52686522446429,-52.243208394111385,247,19,101,,,,
00-0036924,Michael Carter,RB,ARI,13,8.0611336076871,7.948034593087131,4.885496589199191,27.32101300479124,107.0,model+realized+hier_bayes+age_prior,4.8777879146375485,0.48287245106112653,1.6492719559088558,17.48847723041076,18.729114375776987,0.97,False,57.241257131007416,56.18511671644225,20.73410014049171,94.72764412375916,7.14125,45,-47.15226833056647,-56.74151446282745,-52.42635370331001,248,19,82,,,,
00-0038558,Darnell Washington,TE,PIT,13,5.52919532914908,5.811230053672176,2.9136504550750377,25.0403832991102,93.0,model+realized+hier_bayes,3.1650619475294,0.7523694428002974,1.242390007653416,27.87139720698554,9.1734315984601,1.0,False,66.88100453968339,67.43363567254887,35.70059982792865,97.87578272971226,11.44725,18,-44.09645540436773,-60.56444822677139,-53.15385145668975,249,19,40,,,,
00-0036626,Dyami Brown,WR,JAX,11,5.756761790902102,6.313886539519184,5.364665540705811,26.833675564681723,82.0,model+realized+hier_bayes,4.829785850118241,0.7565835361195173,1.5964578927078625,27.58301879344759,8.874315362830302,1.0,False,72.23877995114182,72.00957960784072,32.451386402202466,112.17658027319591,11.3125,45,-50.37688890389616,-55.70144289683326,-53.30539360001156,250,19,102,,,,
00-0036988,Josh Palmer,WR,BUF,12,5.624816127556694,6.172979748845713,3.056575128334247,26.94318959616701,77.0,model+realized+hier_bayes,3.4340849195521885,0.7840128592760982,1.5430161929787494,28.58301879344759,7.874315362830302,1.0,False,72.73845179497974,72.70195809980976,35.591553507520636,110.65433694171853,11.829,45,-49.87721706005824,-57.22368622831064,-53.91777510259706,251,19,103,,,,
00-0039066,Michael Mayer,TE,LV,12,5.9995041344562265,6.179792061040929,5.573720807177521,25.155373032169745,35.0,model+realized+hier_bayes,4.89872445465409,0.6713864798135986,1.2804435632472912,24.87139720698554,12.1734315984601,1.0,False,63.71092050078155,63.22904013387121,28.748537508647832,99.04433950839848,10.1775,18,-47.26653944326957,-59.395891448085166,-53.93768304591815,252,19,41,,,,
00-0033857,JuJu Smith-Schuster,WR,KC,16,5.923889808367964,6.118830326082682,4.078638457459385,29.7741273100616,62.0,model+realized+hier_bayes+age_prior,4.073984727623502,0.7840128592760982,1.372821169069146,28.58301879344759,7.874315362830302,0.97,False,72.90504838966022,72.73732766506487,36.12901965995567,109.89502396289188,11.84525,45,-49.71062046537776,-57.98299920713728,-54.260428773345495,253,19,104,,,,
00-0040138,Jaylin Noel,WR,HOU,14,5.338888423468467,5.876347543031946,5.010889241343395,23.991786447638603,79.0,model+realized+hier_bayes,4.570582760234305,0.8008814911789827,1.4504828413245712,15.58301879344759,3.8743153628303015,1.0,False,71.53144744173271,71.83997334856755,32.54220362470976,110.65305052062335,12.01325,45,-51.08422141330527,-57.224972649405814,-54.46163459316057,254,19,105,,,,
00-0032211,Tyler Lockett,WR,LV,17,5.186351797311663,4.98789154384988,3.542442244952418,33.92470910335387,69.0,model+realized+hier_bayes+age_prior,3.5758161075675816,0.9760181213721644,1.3383930949033485,35.583018793447586,0.8743153628303015,0.88,False,73.49535900961762,74.34127388010864,37.347030089975675,108.44281722830738,14.71025,45,-49.120309845420365,-59.43520594172179,-54.79350269838615,255,19,106,,,,
00-0032385,Sterling Shepard,WR,TB,13,6.875028103274563,6.28580117666903,3.628696170449642,33.555099247091036,40.0,model+realized+hier_bayes+age_prior,3.999866686053849,0.7565835361195173,1.4946054579536592,27.58301879344759,8.874315362830302,0.88,False,72.69315272632504,72.81612412138773,36.15950876862868,108.91559541355372,11.41325,45,-49.92251612871294,-58.96242775647545,-54.89446752398232,256,19,107,,,,
00-0036415,Van Jefferson,WR,TEN,14,5.321432784946851,5.686267824938299,3.3807145353062227,30.099931553730322,57.0,model+realized+hier_bayes+age_prior,3.529924089980692,0.8388715055892599,1.4504828413245712,30.58301879344759,5.874315362830302,0.97,False,72.53486338365171,73.2282740260412,36.13312507285756,108.23595074086109,12.6155,45,-50.08080547138627,-59.64207242916808,-55.339502298166266,257,19,108,,,,
00-0039410,Ryan Flournoy,WR,DAL,13,7.48734214900249,7.634601262998102,7.0615608066234925,26.847364818617386,216.0,model+realized+hier_bayes,6.242602230630745,0.5920075971800322,1.4946054579536592,21.58301879344759,14.874315362830302,1.0,False,69.07067738983021,68.19914780316527,29.330694692093388,110.47622220254172,8.86825,45,-53.54499146520777,-57.401800967487446,-55.66623669146159,258,19,109,164.0,12.5,14,-94.0
00-0030564,DeAndre Hopkins,WR,BAL,17,5.187746139219644,4.988924660854391,4.167742018097061,34.23682409308692,27.0,model+realized+hier_bayes+age_prior,4.001263016715487,0.9485887982155835,1.3383930949033485,34.583018793447586,1.8743153628303015,0.88,False,71.56547855549435,72.15455746360081,34.21447189537966,107.90415655574807,14.279,45,-51.05019029954363,-59.97386661428109,-55.958212272649234,259,19,110,,,,
00-0039356,Ja'Tavion Sanders,TE,CAR,11,5.0894581251295445,5.5278344135567234,3.7460524677197315,23.433264887063654,101.0,model+realized+hier_bayes,3.5731936866625817,0.7523694428002974,1.3222226209240646,27.87139720698554,9.1734315984601,1.0,False,62.699819191039715,62.8827272127691,30.111445557108727,94.70049116429564,11.32675,18,-48.277640753011404,-63.739739792188004,-56.781795224558536,260,19,42,,,,
00-0035662,Marquise Brown,WR,KC,16,8.615523047373026,8.295621638979444,5.686764604471216,29.242984257357975,25.0,model+realized+hier_bayes+age_prior,5.626986979438902,0.5371489508668703,1.372821169069146,19.58301879344759,16.874315362830302,0.97,False,67.89094316181895,66.9473950638216,29.02202762279512,108.07336104024202,8.09225,45,-54.72472569321903,-59.80466212978715,-57.518690733331496,261,19,111,,,,
00-0040134,Pat Bryant,WR,DEN,12,6.028552526409986,6.491914159964944,3.9248238717479316,23.72621492128679,74.0,model+realized+hier_bayes,4.034383973301729,0.6980924870977271,1.5430161929787494,13.58301879344759,5.874315362830302,1.0,False,68.85665054117058,68.58342489843122,31.026834391511468,106.66657580123484,10.529,45,-53.7590183138674,-61.211447368794325,-57.857854294077214,262,19,112,,,,
00-0033921,Chris Godwin Jr.,WR,TB,9,9.55168420028871,8.93074818545837,6.729186016484048,30.510609171800137,84.0,model+realized+hier_bayes+age_prior,6.311891820517822,0.48229030455370864,1.722443786357043,17.58301879344759,18.874315362830302,0.97,False,65.76132961383281,64.06577511580446,25.872847038254385,108.11241796048327,7.24,45,-56.85433924120517,-59.765605209545896,-58.45553552379256,263,19,113,82.3,7.8,7,-180.7
00-0037741,Jahan Dotson,WR,PHI,14,4.922467603948874,5.537216986570437,3.4820102820634524,26.444900752908968,16.0,model+realized+hier_bayes,3.5195371261688395,0.8114421824326791,1.4504828413245712,29.58301879344759,6.874315362830302,1.0,False,68.28828548330439,68.47282304264283,32.042783754285026,103.03117060573516,12.2825,45,-54.32738337173359,-64.84685256429401,-60.11309142764182,264,19,114,,,,
00-0038611,Chris Rodriguez Jr.,RB,JAX,12,6.140812835620541,6.308931552921181,4.8398597525385405,26.93223819301848,193.0,model+realized+hier_bayes+team_change_prior+age_prior,5.185561413982749,0.538094234490213,1.7067270812053246,19.48847723041076,16.729114375776987,0.97,True,50.62938894378155,48.96898609926,15.877253998523349,86.0807382723426,7.955,45,-53.76413651779234,-65.38842031424402,-60.15749260584076,265,19,83,151.9,18.7,13,-113.1
00-0036980,Elijah Moore,WR,BUF,9,4.944149360008714,5.805362610930502,3.423367413007906,26.431211498973305,34.0,model+realized+hier_bayes,3.602925713972455,0.7565835361195173,1.722443786357043,27.58301879344759,8.874315362830302,1.0,False,66.5893346975351,66.34396840757884,28.970797332251014,103.55797982345632,11.38625,45,-56.02633415750289,-64.32004334657285,-60.58787421149137,266,19,115,,,,
00-0036637,Noah Gray,TE,KC,13,4.153779878066182,4.764245650817204,1.9458700512650522,27.340177960301162,162.0,model+realized+hier_bayes,2.225741860761134,0.8333524057869962,1.242390007653416,30.87139720698554,6.1734315984601,1.0,False,60.13861733525666,60.13998988048098,30.717200369901562,89.30872785955896,12.64425,18,-50.83884260879446,-69.13150309692469,-60.89980587726608,267,19,43,,,,
00-0035243,Miles Sanders,RB,DAL,4,6.6426700960705,6.938134979434966,2.882562517390849,29.336071184120467,53.0,model+realized+hier_bayes+age_prior,4.618130725071688,0.45526155934658324,2.5939877765722485,16.48847723041076,19.729114375776987,0.93,False,47.22646674219282,44.482857808852955,11.819697750027915,85.45080928298954,6.73475,45,-57.16705871938107,-66.01834930359708,-62.035268540699875,268,19,84,,,,
00-0039041,Elijah Higgins,TE,ARI,15,4.0596295570882415,4.6262235207331885,3.9936497211495774,25.845311430527037,197.0,model+realized+hier_bayes,3.4920706312414462,0.8333524057869962,1.1754658969331542,30.87139720698554,6.1734315984601,1.0,False,58.4194026849348,58.21423811753016,27.738334708668894,88.40982133126047,12.64,18,-52.55805725911632,-70.03040962522317,-62.16785106047509,269,19,44,,,,
00-0032775,Demarcus Robinson,WR,SF,14,4.59092310858815,4.8985045438438295,3.004282657426609,31.94524298425736,126.0,model+realized+hier_bayes+age_prior,3.1533292071284778,0.8937301519024218,1.4504828413245712,32.583018793447586,3.8743153628303015,0.93,False,65.98642448936648,66.75933278066287,29.911866581970955,101.02081486184414,13.43325,45,-56.6292443656715,-66.85720830818502,-62.25462453405394,270,19,116,,,,
00-0036212,Tua Tagovailoa,QB,MIA,14,12.882694450661397,13.040386145199975,7.297225876626371,28.501026694045173,5.0,model+realized+hier_bayes,7.097829146163358,0.7247971857179699,1.882405335437205,26.138920341789326,9.924851506188567,1.0,False,144.61967464538563,145.8697941029091,84.5306204317593,205.46529445991482,11.02525,15,-60.34726416667655,-64.27198582075172,-62.5058610764179,271,19,27,,,,
00-0036849,Tutu Atwell,WR,LA,8,5.332356608729015,6.159841904691064,5.689338399899538,26.902121834360027,57.0,model+realized+hier_bayes,4.858671708300447,0.6742955666497747,1.7977560266302695,24.58301879344759,11.874315362830302,1.0,False,63.2931504928816,62.63824361815479,24.916672373063783,102.00686699017757,10.16225,45,-59.32251836215638,-65.8711561798516,-62.924269161888745,272,19,117,,,,
00-0040782,Isaiah Bond,WR,CLE,15,4.487239520020026,5.144534415022941,3.2057686100142013,22.46406570841889,300.0,model+realized+hier_bayes,3.2476117300941354,0.8522759932196103,1.4100505106079215,16.58301879344759,2.8743153628303015,1.0,False,65.653013426309,65.95836182548956,30.675515941776577,100.04058093371003,12.76175,45,-56.96265542872898,-67.83744223631913,-62.94378817290357,273,19,118,,,,
00-0037005,Tommy Tremble,TE,CAR,15,4.764575210199994,5.180484142622639,4.541365433435191,26.247775496235455,83.0,model+realized+hier_bayes,4.015484793335801,0.7253751218047311,1.1754658969331542,26.87139720698554,10.1734315984601,1.0,False,56.83924928555544,56.769033126487344,25.88568334039824,87.85498119520885,10.85675,18,-54.13821065849568,-70.5852497612748,-63.18408216502419,274,19,45,,,,
00-0037614,John Metchie III,WR,CAR,12,6.055425889257133,6.317748673305405,5.389629491960098,26.12183436002738,44.0,model+realized+hier_bayes+team_change_prior,5.656331349936591,0.6468662434931939,1.5430161929787494,23.58301879344759,12.874315362830302,1.0,True,62.88854728884785,61.983687241366866,24.798505588721408,100.66957687292515,9.69825,45,-59.72712156619013,-67.20844629710402,-63.84185016819277,275,19,119,115.4,3.6,10,-159.6
00-0039855,Jalen McMillan,WR,TB,4,7.646021928988869,7.907182693672246,7.440150088091861,24.733744010951405,92.0,model+realized+hier_bayes,5.018529949566208,0.5097196277102894,2.242713517955807,18.58301879344759,17.874315362830302,1.0,False,60.53146180489941,58.36824042323131,20.755133452701806,102.29755017210015,7.634,45,-62.08420705013857,-65.58047299792902,-64.00715332142332,276,19,120,137.7,12.0,12,-138.3
00-0040737,Terrance Ferguson,TE,LA,11,5.069028519563229,5.512930205857441,5.202551821418549,23.488021902806295,46.0,model+realized+hier_bayes,4.411148098734438,0.6421305630452044,1.3222226209240646,12.871397206985542,7.1734315984601,1.0,False,53.87101791433425,53.04712853338591,22.376828537736287,86.01417850524211,9.69825,18,-57.10644202971687,-72.42605245124153,-65.53222776155543,277,19,46,,,,
00-0040739,Elijah Arroyo,TE,SEA,13,4.169046621142128,4.7758668972342955,3.3345510596226844,23.408624229979466,50.0,model+realized+hier_bayes,3.089177860513277,0.7419069202998323,1.242390007653416,14.871397206985542,5.1734315984601,1.0,False,54.484631729600494,54.16881725340738,24.91163282968258,83.98939861612361,11.28425,18,-56.492828214450626,-74.45083234036004,-66.3697304837008,278,19,47,,,,
00-0040194,Jackson Hawes,TE,BUF,13,4.34019833255748,4.906149839913707,2.6266630873332373,25.73579739904175,173.0,model+realized+hier_bayes,2.6932969825314004,0.7419069202998323,1.242390007653416,14.871397206985542,5.1734315984601,1.0,False,54.726755120807056,54.96829487702291,25.633319830929622,83.67148992228306,11.23075,18,-56.250704823244064,-74.76874103420059,-66.43562473927015,279,19,48,,,,
00-0033119,Jacoby Brissett,QB,ARI,14,14.967957504723179,14.77133256257794,7.57132821828581,33.72210814510609,91.0,model+realized+hier_bayes,7.573368670562687,0.613882553247981,1.882405335437205,22.138920341789326,13.924851506188567,1.0,False,138.64613970309836,138.91991279710138,75.65925304912824,202.18541020487112,9.363,15,-66.32079910896383,-67.55187007579542,-66.9978881407212,280,19,28,167.0,11.9,14,-113.0
00-0036422,Adam Trautman,TE,DEN,11,4.409059515885128,5.031456636826563,2.7262695124557026,29.568788501026695,105.0,model+realized+hier_bayes,2.8068765893988066,0.6983808008091648,1.3222226209240646,25.87139720698554,11.1734315984601,1.0,False,53.64713020772543,53.096619014102444,25.185800988184614,83.22356815073564,10.59275,18,-57.33032973632569,-75.216662805748,-67.16781292450796,281,19,49,,,,
00-0033375,Tim Patrick,WR,JAX,13,4.4905092175177375,4.862369113642724,5.697829096266086,32.772073921971256,300.0,model+realized+hier_bayes+age_prior,4.822679424685488,0.8114421824326791,1.4946054579536592,29.58301879344759,6.874315362830302,0.93,False,60.029644210334105,59.42026547258075,22.291350250562168,96.18852885587003,12.1985,45,-62.586024644703876,-71.68949431415913,-67.59293296290427,282,19,121,,,,
00-0040131,Kyle Williams,WR,NE,13,4.563195128946634,5.286715592060593,5.176041948865007,23.800136892539356,69.0,model+realized+hier_bayes,4.513631693130616,0.7494869891383549,1.4946054579536592,14.58301879344759,4.874315362830302,1.0,False,60.20600259082032,60.80034938855789,22.202978572225916,95.96920980660053,11.23375,45,-62.40966626421766,-71.90881336342864,-67.6341971687837,283,19,122,,,,
00-0034270,Tyler Conklin,TE,LAC,6,4.48570124864081,5.224299454553127,2.685082245791861,31.091033538672143,157.0,model+realized+hier_bayes+age_prior,3.0003434914699563,0.6443921588180322,1.617295085972529,23.87139720698554,13.1734315984601,0.97,False,51.02161857957805,49.69783447918433,20.84498707894432,82.82831128999874,9.72575,18,-59.955841364473066,-75.61191966648491,-68.56668443057958,284,19,50,,,,
00-0034407,Ray-Ray McCloud,WR,NYG,5,4.747121376719077,5.922498184969447,3.36556087450517,29.87816563997262,187.0,model+realized+hier_bayes+age_prior,4.042244501505625,0.6468662434931939,2.1013523215945544,23.58301879344759,12.874315362830302,0.97,False,57.28001758984793,55.552265559847704,19.09230867906812,96.38994307628707,9.6905,45,-65.33565126519005,-71.4880800937421,-68.71948712089369,285,19,123,,,,
00-0040187,Mitchell Evans,TE,CAR,13,4.051530469540208,4.686412050908497,3.1737101155329066,23.457905544147845,163.0,model+realized+hier_bayes,2.9605412747839654,0.7419069202998323,1.242390007653416,14.871397206985542,5.1734315984601,1.0,False,52.471761752184534,52.570899224851594,23.379658929359167,81.04743826866621,11.213,18,-58.505698191866585,-77.39279268781743,-68.89360016463955,286,19,51,,,,
00-0040238,LeQuint Allen Jr.,RB,JAX,14,2.9247788616923502,3.7211495478500995,0.9252264350114279,22.072553045859,236.0,model+realized+hier_bayes,1.4765866946061235,0.8059530844345618,1.5972541996162548,15.488477230410759,3.7291143757769887,1.0,False,44.08904658502423,43.892718506722176,12.102157540966799,75.19796055001746,11.765,45,-60.30447887654966,-76.27119803656916,-69.08617441456039,287,19,85,,,,
00-0039355,Luke McCaffrey,WR,WAS,7,6.219210210488521,6.8502224361776305,4.7341716226158255,25.415468856947296,100.0,model+realized+hier_bayes,4.576892874784617,0.5645782740234512,1.88389794612077,20.58301879344759,15.874315362830302,1.0,False,58.053372460151685,56.32117429015932,22.0026095650722,94.9828676932538,8.46075,45,-64.56229639488629,-72.89515547677537,-69.14536888992528,288,19,124,,,,
00-0038738,Hunter Luepke,RB,DAL,11,3.2796765104473535,4.07523624252992,2.780385846343175,26.507871321013006,300.0,model+realized+hier_bayes+age_prior,2.7901353956956108,0.7037595847774725,1.770638041381848,25.48847723041076,10.72911437577699,0.97,False,42.76949462955932,41.34767072169514,10.326750867051992,75.68111397956814,10.395,45,-61.62403083201457,-75.78804460701848,-69.41423840826673,289,19,86,,,,
00-0037805,Jeremy Ruckert,TE,NYJ,13,3.9619746542766574,4.618240981802013,2.2122618660779207,26.05612594113621,101.0,model+realized+hier_bayes,2.3432068134051596,0.7523694428002974,1.242390007653416,27.87139720698554,9.1734315984601,1.0,False,52.093419033651436,52.04648551031265,25.212924336577892,80.05509118773121,11.4055,18,-58.88404091039968,-78.38513976875244,-69.6096452824937,290,19,52,,,,
00-0035249,Josh Oliver,TE,MIN,12,4.274517060103481,4.892328236118078,4.999787874288146,29.44832306639288,69.0,model+realized+hier_bayes,4.117831337661731,0.6713864798135986,1.2804435632472912,24.87139720698554,12.1734315984601,1.0,False,50.402194067176374,49.59223920858166,20.97276874983671,81.12224518370385,10.2165,18,-60.575265876874745,-77.31798577277979,-69.78376181962253,291,19,53,,,,
00-0034159,Will Dissly,TE,LAC,8,4.460003718203579,5.063200668880794,1.8604434955139058,30.1492128678987,120.0,model+realized+hier_bayes+age_prior,2.475587799395114,0.6713864798135986,1.4773348251486755,24.87139720698554,12.1734315984601,0.97,False,51.24658047035759,51.13154372470238,22.777932243146196,79.98191565156503,10.1865,18,-59.73087947369353,-78.45831530491861,-70.03096918086732,292,19,54,,,,
00-0035406,Lil'Jordan Humphrey,WR,DEN,7,4.871871799675784,5.9247345524232715,4.967513510418514,28.369609856262834,300.0,model+realized+hier_bayes,4.400612136089839,0.619436920336613,1.88389794612077,22.58301879344759,13.874315362830302,1.0,False,56.131023049155125,54.556738846085565,20.31315071430641,93.30686720432729,9.398,45,-66.48464580588285,-74.57115596570188,-70.93222639378331,293,19,125,,,,
00-0040164,Jaylin Lane,WR,WAS,13,4.437336888934523,5.185660222317862,2.5643512699896314,24.33675564681725,128.0,model+realized+hier_bayes,2.8726927429026716,0.7494869891383549,1.4946054579536592,14.58301879344759,4.874315362830302,1.0,False,58.50029445515402,57.85482513111257,25.315838654874916,91.21015274463193,11.23575,45,-64.11537439988396,-76.66787042539724,-71.01924721391626,294,19,126,,,,
00-0040743,Tyler Shough,QB,NO,11,13.556158476985983,13.608778635157282,7.655215215785903,26.926762491444215,40.0,model+realized+hier_bayes,7.38162199367047,0.6367533370935149,2.076081195164065,12.138920341789328,6.924851506188567,1.0,False,133.1293079152897,132.6108830612,69.25548590118571,199.0190996025051,9.717,15,-71.83763089677248,-70.71818067816145,-71.22193327653642,295,19,29,141.7,13.2,12,-153.3
00-0038685,Chris Brooks,RB,GB,14,3.214167729834138,3.85350255418438,1.9902095532717319,26.639288158795345,300.0,model+realized+hier_bayes+age_prior,2.2038085673615253,0.7313704764920157,1.5972541996162548,26.48847723041076,9.72911437577699,0.97,False,42.25630581828206,40.91964796595987,12.98498775525737,72.51913049820067,10.84575,45,-62.13721964329183,-78.95002808838595,-71.38426428809359,296,19,87,,,,
00-0032464,Kalif Raymond,WR,DET,12,5.65214725450849,5.760950253476997,4.494103881417261,32.06570841889117,300.0,model+realized+hier_bayes+age_prior,4.3019737942580125,0.6468662434931939,1.5430161929787494,23.58301879344759,12.874315362830302,0.93,False,56.72718871133502,55.69945042150526,22.923461114938664,91.63931059997945,9.76375,45,-65.88848014370296,-76.23871257004971,-71.58110797819367,297,19,127,,,,
00-0040729,Jack Bech,WR,LV,12,4.679336634458033,5.426091565830276,3.146233919909306,23.704312114989733,58.0,model+realized+hier_bayes,3.302056929178528,0.6980924870977271,1.5430161929787494,13.58301879344759,5.874315362830302,1.0,False,56.62551798803453,55.84562385426708,23.447633075682305,90.82634198001824,10.432,45,-65.99015086700345,-77.05168119001092,-72.07399254465756,298,19,128,,,,
00-0037157,Bam Knight,RB,ARI,10,8.504939596706492,8.593306502538939,5.148343854526855,25.39082819986311,300.0,model+realized+hier_bayes,5.117804391257644,0.31720710077386705,1.842312085983202,11.488477230410759,24.729114375776987,1.0,False,39.947392478647195,37.22697645478566,9.732190002114496,72.66071299680911,4.64575,45,-64.44613298292668,-78.8084455897775,-72.34540491669463,299,19,88,,,,
00-0034981,Foster Moreau,TE,NO,7,3.774912286057114,4.855482461168589,1.4547131937912974,29.322381930184804,137.0,model+realized+hier_bayes,2.173498925949483,0.6443921588180322,1.5425731432609595,23.87139720698554,13.1734315984601,1.0,False,48.19226425448373,47.057696472545466,20.588697537887228,77.39282326934425,9.7935,18,-62.78519568956739,-81.0474076871394,-72.82941228823199,300,19,55,,,,
00-0038979,Cedric Tillman,WR,CLE,12,5.277482708629353,5.89860126887152,4.588126969789424,26.368240930869266,74.0,model+realized+hier_bayes,4.284751582382393,0.619436920336613,1.5430161929787494,22.58301879344759,13.874315362830302,1.0,False,55.54378757948281,54.66575131780255,23.098555811752046,88.7386450827031,9.32625,45,-67.07188127555517,-79.13937808732607,-73.70900452202916,301,19,129,,,,
00-0033282,Curtis Samuel,WR,BUF,5,5.21096380506913,6.197155531260323,3.684698088039236,30.05612594113621,40.0,model+realized+hier_bayes+age_prior,4.1976359203664435,0.5645782740234512,2.1013523215945544,20.58301879344759,15.874315362830302,0.97,False,53.09425241713472,50.70433854664883,17.851960889908394,89.85978259200047,8.538,45,-69.52141643790327,-78.0182405780287,-74.19466971497225,302,19,130,,,,
00-0037617,Hassan Haskins,RB,LAC,5,4.006641295608064,5.326046525229942,1.1661903789690602,26.765229295003422,131.0,model+realized+hier_bayes+age_prior,3.7351278537768025,0.48287245106112653,2.4045765658707614,17.48847723041076,18.729114375776987,0.97,False,37.78018413879278,35.56309283174059,6.864396018067318,70.95231658490557,7.092,45,-66.61334132278111,-80.51684200168104,-74.26026669617607,303,19,89,,,,
00-0038115,Daniel Bellinger,TE,NYG,12,4.873881182860532,5.339670501738165,5.419046097429012,25.94113620807666,112.0,model+realized+hier_bayes,4.521064180684061,0.5634091958313333,1.2804435632472912,20.87139720698554,16.1734315984601,1.0,False,46.633740218708574,45.12191702816206,19.405048815097068,75.52860168721638,8.61275,18,-64.34371972534254,-82.91162926926727,-74.55606997450114,304,19,56,,,,
00-0040648,Tory Horton,WR,SEA,7,6.952191138620069,7.3537076501110565,7.941002695473904,23.756331279945243,166.0,model+realized+hier_bayes,6.228554593850894,0.44111997689458843,1.88389794612077,8.58301879344759,10.874315362830302,1.0,False,49.84784571105495,46.67304410968086,13.141268403498787,90.48926660590111,6.65725,45,-72.76782314398304,-77.38875656412806,-75.3093365250628,305,19,131,,,,
00-0031236,Brandin Cooks,WR,BUF,13,5.043866859403446,5.275575096967064,3.6419915656275985,32.93360711841205,20.0,model+realized+hier_bayes+age_prior,3.6563211147697756,0.6742955666497747,1.4946054579536592,24.58301879344759,11.874315362830302,0.93,False,54.275175455933415,53.80456347576623,22.46073104116004,86.50782569731705,10.14475,45,-68.34049339910456,-81.37019747271212,-75.50683063958871,306,19,132,,,,
00-0037258,Dameon Pierce,RB,KC,3,5.0801549375433055,6.501523552189353,0.8185352771872451,26.532511978097194,107.0,model+realized+hier_bayes+age_prior,4.363126175706859,0.37242888420295356,2.836606668073237,13.488477230410759,22.729114375776987,0.97,False,35.474447845906674,32.20577172603552,5.717186777987504,69.95870710217841,5.47175,45,-68.91907761566722,-81.51045148440821,-75.84433324347476,307,19,90,,,,
00-0032104,Ameer Abdullah,RB,IND,12,3.1039510407111415,3.428360427538561,2.8668824795437904,33.21834360027378,54.0,model+realized+hier_bayes+age_prior,2.7811471879192053,0.7313704764920157,1.7067270812053246,26.48847723041076,9.72911437577699,0.86,False,37.3097873416846,35.951563213493934,7.129354147120153,68.29389620897862,10.82425,45,-67.08373811988929,-83.175262377608,-75.93407646163458,308,19,91,,,,
00-0039144,Luke Musgrave,TE,GB,13,4.684342839256095,5.168117182623129,2.6245146071372747,25.9958932238193,42.0,model+realized+hier_bayes,2.7770933466492305,0.5904035168268996,1.242390007653416,21.87139720698554,15.1734315984601,1.0,False,46.2880270708547,44.904459853849005,21.572579057812003,72.99148554694281,8.9555,18,-64.68943287319641,-85.44874540954083,-76.10705476818585,309,19,57,,,,
00-0037086,Grant Calcaterra,TE,PHI,8,3.8017626965000026,4.783801155719689,3.1353969901296845,27.742642026009584,198.0,model+realized+hier_bayes,2.9345885739001147,0.6173978378224659,1.4773348251486755,22.87139720698554,14.1734315984601,1.0,False,44.98822983350834,43.752221985100704,17.346133393898835,73.31940535714516,9.388,18,-65.98923011054278,-85.12082559933849,-76.51160762938042,310,19,58,,,,
00-0038551,Kendre Miller,RB,NO,7,5.256687015661029,6.125674442919905,3.9135904839661593,24.22450376454483,71.0,model+realized+hier_bayes,3.916588618774472,0.4000397759174968,2.124192849291825,14.488477230410759,21.729114375776987,1.0,False,36.30765021776073,33.608663909516274,8.296784168625372,67.70538515492329,5.89425,45,-68.08587524381315,-83.76377343166332,-76.70871924713074,311,19,92,,,,
00-0034272,Marquez Valdes-Scantling,WR,PIT,9,4.820987730320547,5.314425809518999,3.343318378165289,31.89322381930185,174.0,model+realized+hier_bayes+age_prior,3.534916908892469,0.6468662434931939,1.722443786357043,23.58301879344759,12.874315362830302,0.93,False,51.74962811753036,50.46149458508851,19.58859575285668,85.68654427623284,9.77325,45,-70.86604073750763,-82.19147889379633,-77.09503172346642,312,19,133,,,,
00-0036876,Kylen Granson,TE,PHI,4,3.819955947823267,5.279087892449641,2.838426794311713,28.432580424366872,127.0,model+realized+hier_bayes,3.1690452984665294,0.5364148748357671,1.806444043123967,19.87139720698554,17.1734315984601,1.0,False,43.454707672044705,42.02392570657706,14.914404948000497,73.37868755513108,8.2205,18,-67.52275227200641,-85.06154340135257,-77.1690873931468,313,19,59,,,,
00-0039359,Cade Stover,TE,HOU,6,4.041122437055207,5.121192995838609,2.2622260423456066,26.220396988364133,123.0,model+realized+hier_bayes,2.6985759661320845,0.5634091958313333,1.617295085972529,20.87139720698554,16.1734315984601,1.0,False,43.79858917963989,42.30291325752236,16.77155553553907,72.83555656575015,8.46975,18,-67.17887076441123,-85.60467439073349,-77.31306275888848,314,19,60,,,,
00-0036754,Brock Wright,TE,DET,7,4.826043192326254,5.519674153012303,4.085281362345048,27.761806981519506,300.0,model+realized+hier_bayes,3.687563401660686,0.5094205538402008,1.5425731432609595,18.87139720698554,18.1734315984601,1.0,False,43.18378764332257,41.38781299994265,15.446583177536985,72.46709220975953,7.72575,18,-67.79367230072856,-85.97313874672412,-77.79237884602611,315,19,61,,,,
00-0033854,Dare Ogunbowale,RB,HOU,9,2.5499341844268013,3.247284789409497,2.296615867846524,32.328542094455855,300.0,model+realized+hier_bayes+age_prior,2.47831264134272,0.7037595847774725,1.9234598453328517,25.48847723041076,10.72911437577699,0.86,False,33.462876718974016,31.85782575329616,3.2996779550658415,66.29769073879872,10.41175,45,-70.93064874259987,-85.1714678477879,-78.76309925045328,316,19,93,,,,
00-0039074,Davis Allen,TE,LA,15,4.156777948611704,4.702606044213787,2.9269356639585338,25.574264202600958,175.0,model+realized+hier_bayes,2.8192926713282267,0.6173978378224659,1.1754658969331542,22.87139720698554,14.1734315984601,1.0,False,43.90823247624718,42.93837111661013,18.737375101086457,69.6928456123331,9.3925,18,-67.06922746780394,-88.74738534415054,-78.99221429979457,317,19,62,,,,
00-0036945,Justin Fields,QB,NYJ,9,14.58139099413119,14.39527296882051,10.795402313536588,27.49349760438056,11.0,model+realized+hier_bayes,9.171549068165476,0.5584252370129866,2.2442356729594595,20.138920341789326,15.924851506188567,1.0,False,124.97061809806817,123.79628221112456,60.65304317190047,191.12935803607823,8.53375,15,-79.99632071399401,-78.60792224458831,-79.23270155582088,318,19,30,,,,
00-0040581,Dont'e Thornton Jr.,WR,LV,11,4.433027669825449,5.2877866369332915,2.1777386102435377,23.753593429158112,108.0,model+realized+hier_bayes,2.7189197212193426,0.6466979850570994,1.5964578927078625,12.58301879344759,6.874315362830302,1.0,False,50.78932301927812,49.55419224451677,20.88351568423436,82.1625763630854,9.6575,45,-71.82634583575987,-85.71544680694376,-79.46535136991102,319,19,134,,,,
00-0038454,Keaton Mitchell,RB,LAC,12,4.984528280808645,5.530303709025971,3.1411732994169075,24.621492128678987,300.0,model+realized+hier_bayes+team_change_prior,3.7751610884603206,0.42765066763204,1.7067270812053246,15.488477230410759,20.729114375776987,1.0,True,35.33909864323003,33.34126970136478,9.049217808074218,63.37245640144202,6.3165,45,-69.05442681834386,-88.0967021851446,-79.52767827008427,320,19,94,164.2,30.9,14,-155.8
00-0034775,Christian Kirk,WR,SF,11,5.478956824567987,5.738120489145085,4.772477915563932,29.78507871321013,47.0,model+realized+hier_bayes+team_change_prior+age_prior,5.095831355261865,0.5645782740234512,1.5964578927078625,20.58301879344759,15.874315362830302,0.97,True,49.39891038677852,48.07553387133863,16.353288386315445,83.08561408031359,8.411,45,-73.21675846825946,-84.79240908971558,-79.58336631006031,321,19,135,169.2,17.2,15,-151.8
00-0035631,Drew Sample,TE,CIN,11,3.704706754591454,4.3820752552421185,2.85832118559129,30.376454483230663,52.0,model+realized+hier_bayes+age_prior,2.701217794970302,0.6443921588180322,1.3222226209240646,23.87139720698554,13.1734315984601,0.97,False,42.90920018919636,42.099416054918564,16.985308002264066,69.33625464659657,9.7745,18,-68.06825975485475,-89.10397630988707,-79.63790386012252,322,19,63,,,,
00-0038104,Tyquan Thornton,WR,KC,11,6.800694298341381,7.123096657422962,5.555603232118657,26.067077344284737,50.0,model+realized+hier_bayes,5.149948287755639,0.4548609813971277,1.5964578927078625,16.58301879344759,19.874315362830302,1.0,False,48.97578532383312,47.2202078614208,16.46428111288637,83.10688146260861,6.80825,45,-73.63988353120486,-84.77114170742055,-79.76207552812349,323,19,136,,,,
00-0036427,Tyler Johnson,WR,NYJ,9,4.42497951655726,5.422076269812403,5.218583247502249,28.019164955509925,161.0,model+realized+hier_bayes,4.445294982591623,0.5920075971800322,1.722443786357043,21.58301879344759,14.874315362830302,1.0,False,48.90907489016694,47.37448994203888,17.23420013972879,82.86417703196649,8.92125,45,-73.70659396487105,-85.01384613806268,-79.92558266012645,324,19,137,,,,
00-0033217,Mo Alie-Cox,TE,IND,11,3.5978519835203144,4.128873162208399,3.1700014338970086,32.95003422313484,300.0,model+realized+hier_bayes+age_prior,2.8540370510550144,0.6713864798135986,1.3222226209240646,24.87139720698554,12.1734315984601,0.93,False,42.46767185656389,41.34735086855315,16.872741490270712,69.01513212655325,10.1735,18,-68.50978808748724,-89.42509882993039,-80.01320899583098,325,19,64,,,,
00-0038547,Luke Schoonmaker,TE,DAL,14,3.3329121182009795,4.094779248393425,1.428670326247067,27.926078028747433,58.0,model+realized+hier_bayes,1.6731741520363945,0.6983808008091648,1.2075392727148142,25.87139720698554,11.1734315984601,1.0,False,43.732929243921674,43.18654190083444,20.30178647023123,67.92349610524593,10.64575,18,-67.24453070012945,-90.51673485123771,-80.044242983239,326,19,65,,,,
00-0038589,Josh Whyle,TE,GB,6,3.2140005555582096,4.628760895275587,2.54296414970142,26.981519507186857,147.0,model+realized+hier_bayes,2.5946258398879536,0.5904035168268996,1.617295085972529,21.87139720698554,15.1734315984601,1.0,False,41.799161940413256,40.5174381805299,15.316847668336202,69.4592766851784,8.91325,18,-69.17829800363786,-88.98095427130525,-80.06975895085492,327,19,66,,,,
00-0036196,Gabe Davis,WR,BUF,6,6.31004262409844,6.97817860672563,5.425403210822216,27.50444900752909,128.0,model+realized+hier_bayes,4.906205873754871,0.4548609813971277,1.9837415377831793,16.58301879344759,19.874315362830302,1.0,False,47.55099216614658,44.7214927615551,15.857279752959553,83.2633670938129,6.79925,45,-75.06467668889141,-84.61465607621626,-80.31716535192008,328,19,138,,,,
00-0040142,Kaleb Johnson,RB,PIT,10,2.806567480850858,3.886621821185003,0.9089676684141313,23.04996577686516,83.0,model+realized+hier_bayes,1.6988119928295777,0.5978104575139197,1.842312085983202,11.488477230410759,7.729114375776988,1.0,False,34.00099261355968,31.94179931548535,7.0797519055311335,62.73400835634114,8.7525,45,-70.39253284801421,-88.73515023024547,-80.4809724082414,329,19,95,,,,
00-0033246,Johnny Mundt,TE,JAX,11,3.0979092675373465,3.9526729020431106,1.4100290132411526,31.772758384668034,300.0,model+realized+hier_bayes+age_prior,1.705845917046368,0.6983808008091648,1.3222226209240646,25.87139720698554,11.1734315984601,0.97,False,41.89756533805535,41.190164550811616,16.75216288573184,67.86402515629375,10.526,18,-69.07989460599578,-90.5762058001899,-80.90286576280255,330,19,67,,,,
00-0030035,Adam Thielen,WR,PIT,14,4.598595413303927,4.640642568973097,2.64849117319758,36.02737850787132,300.0,model+realized+hier_bayes+age_prior,2.928355807755498,0.7017248898063556,1.4504828413245712,25.58301879344759,10.874315362830302,0.88,False,49.66579778463526,48.77501357945661,19.745518457158084,79.95758303797673,10.576,45,-72.94987107040272,-87.92044013205243,-81.18368405431006,331,19,139,,,,
00-0033110,Tyler Higbee,TE,LA,9,7.559245056099268,6.783912046443832,6.108805120479783,33.66461327857632,110.0,model+realized+hier_bayes+age_prior,5.493781965230233,0.37444894886236935,1.4197300780689912,13.871397206985542,23.1734315984601,0.93,False,38.85248962458791,36.69219627200759,11.284558279687653,69.46516029070929,5.65575,18,-72.12497031946322,-88.97507066577435,-81.39252550993434,332,19,68,,,,
00-0038720,Julian Hill,TE,MIA,11,3.4239001155358384,4.312743773181463,1.996906698780983,26.146475017111566,300.0,model+realized+hier_bayes,2.129901844668957,0.6443921588180322,1.3222226209240646,23.87139720698554,13.1734315984601,1.0,False,41.6829296722044,41.39204974254375,16.933246002926417,67.03040451497354,9.70325,18,-69.29453027184672,-91.4098264415101,-81.4579431651616,333,19,69,,,,
00-0031687,Raheem Mostert,RB,LV,12,2.732902743296275,3.1569189595261435,2.2972315354079416,34.39561943874059,300.0,model+realized+hier_bayes+age_prior,2.3728593107853144,0.7037595847774725,1.7067270812053246,25.48847723041076,10.72911437577699,0.86,False,32.72037996068322,31.415347061635536,4.515125047724336,61.74140494927701,10.351,45,-71.67314550089067,-89.7277536373096,-81.60317997592108,334,19,96,,,,
00-0034613,Tanner Hudson,TE,CIN,10,4.177855350224801,4.764093342425122,3.150238086240467,31.802874743326488,300.0,model+realized+hier_bayes+age_prior,3.0047927995779533,0.5634091958313333,1.368377645629177,20.87139720698554,16.1734315984601,0.97,False,40.566484590748836,39.34235204604755,15.741258575440188,67.00944426429277,8.517,18,-70.41097535330229,-91.43078669219088,-81.971871589691,335,19,70,,,,
00-0036887,Luke Farrell,TE,SF,9,3.6543549883457827,4.607267463652256,3.5832170523768783,28.88158795345654,145.0,model+realized+hier_bayes,3.110387232093485,0.5634091958313333,1.4197300780689912,20.87139720698554,16.1734315984601,1.0,False,39.53713305161783,38.13462302816355,13.658124344553432,67.50383740529104,8.55925,18,-71.44032689243329,-90.93639355119261,-82.16316355475092,336,19,71,,,,
00-0036628,John Bates,TE,WAS,9,3.74033111603584,4.666434391285016,2.6258332011001766,28.8186173853525,124.0,model+realized+hier_bayes,2.626574336237877,0.5634091958313333,1.4197300780689912,20.87139720698554,16.1734315984601,1.0,False,40.100854013433846,38.875420993387905,14.85736723606088,66.76902761761058,8.5565,18,-70.87660593061727,-91.67120333887307,-82.31363450515796,337,19,72,,,,
00-0038783,Nate Adkins,TE,DEN,6,3.3886335411909814,4.732729717605733,4.032369030731191,27.148528405201915,300.0,model+realized+hier_bayes,3.280292338425735,0.5364148748357671,1.617295085972529,19.87139720698554,17.1734315984601,1.0,False,39.51301782125993,37.86202738908376,13.59967557390576,67.06684025746767,8.27075,18,-71.46444212279118,-91.37339069901597,-82.41436383971481,338,19,73,,,,
00-0036182,Nick Westbrook-Ikhine,WR,MIA,9,3.9533258800228825,4.921653522524419,1.7345348399819216,29.44832306639288,300.0,model+realized+hier_bayes+age_prior,2.5026477632517827,0.6468662434931939,1.722443786357043,23.58301879344759,12.874315362830302,0.97,False,46.686779004483505,45.68189805488865,15.797880553517198,79.35072370281496,9.55875,45,-75.92888985055447,-88.5272994672142,-82.85801513971732,339,19,140,,,,
00-0040009,Savion Williams,WR,GB,11,3.863564834127188,4.846364336992113,2.5305407255439234,24.774811772758383,87.0,model+realized+hier_bayes,2.808826576763487,0.6466979850570994,1.5964578927078625,12.58301879344759,6.874315362830302,1.0,False,46.673328900890034,45.16442823239081,15.149935658430415,79.23204495358979,9.6005,45,-75.94233995414794,-88.64597821643937,-82.92934099840824,340,19,141,,,,
00-0040644,Trevor Etienne,RB,CAR,9,2.715842385278209,3.910348213198559,1.7298843892006195,22.146475017111566,114.0,model+realized+hier_bayes,2.209760529283519,0.5457748007837592,1.9234598453328517,10.488477230410759,8.72911437577699,1.0,False,31.284453852725296,29.322084098063215,5.9755481635563905,59.12178232132413,7.994,45,-73.1090716088486,-92.34737626526248,-83.69013916987623,341,19,97,,,,
00-0034521,Allen Lazard,WR,NYJ,9,4.035040459933999,4.9801709427151994,2.6930981745524574,30.72416153319644,300.0,model+realized+hier_bayes+age_prior,3.0271272533956983,0.619436920336613,1.722443786357043,22.58301879344759,13.874315362830302,0.97,False,46.469131190141894,44.736592120833556,17.178425839341138,77.89760425732813,9.34825,45,-76.14653766489609,-89.98041891270104,-83.7551723511888,342,19,142,,,,
00-0037252,Greg Dulcich,TE,MIA,9,6.480752849095969,6.55233386965801,3.9622524458247796,26.43394934976044,80.0,model+realized+hier_bayes,4.06838879884722,0.37444894886236935,1.4197300780689912,13.871397206985542,23.1734315984601,1.0,False,37.30109178115394,35.26639805157713,11.609736632508547,65.04211493373451,5.6985,18,-73.67636816289718,-93.39811602274914,-84.52332948581576,343,19,74,170.7,15.8,15,-172.3
00-0029604,Kirk Cousins,QB,ATL,10,11.474956847248027,11.515427683249014,8.028665587201345,38.03422313483915,102.0,model+realized+hier_bayes+age_prior,7.243925953098723,0.6970685276004727,2.1552541113578703,25.138920341789326,10.924851506188567,0.96,False,123.75647208691764,123.14411609426975,67.33204505882821,181.8417007518471,10.67625,15,-81.21046672514454,-87.89557952881944,-84.88727876716572,344,19,31,,,,
00-0034798,Durham Smythe,TE,CHI,4,2.9932340650089646,4.723626813238082,0.40311288741492757,31.06365503080082,123.0,model+realized+hier_bayes+age_prior,2.855224095638441,0.5094205538402008,1.806444043123967,18.87139720698554,18.1734315984601,0.97,False,36.50341396092131,34.498992026682075,10.961690562562481,64.75290209401008,7.733,18,-74.47404598312981,-93.68732886247356,-85.04135156676887,345,19,75,,,,
00-0034983,Hunter Renfrow,WR,CAR,6,6.336041774050379,6.785297180720311,8.749723805164747,30.69678302532512,149.0,model+realized+hier_bayes+age_prior,6.336389526214113,0.3897254748539607,1.9837415377831793,7.5830187934475894,11.874315362830302,0.97,False,41.20495168599648,37.59180123091078,9.548691569877938,78.73565330388112,5.85125,45,-81.4107171690415,-89.14236986614804,-85.6631261524501,346,19,143,,,,
00-0039751,Jordan Whittington,WR,LA,13,4.751895188236864,5.438228550292127,2.0962114788595554,25.916495550992472,213.0,model+realized+hier_bayes,2.643320283329767,0.5645782740234512,1.4946054579536592,20.58301879344759,15.874315362830302,1.0,False,45.83569146352225,45.197829386602606,17.767464530692358,73.89494394698907,8.43225,45,-76.77997739151573,-93.9830792230401,-86.24168339885412,347,19,144,,,,
00-0040586,Jaydon Blue,RB,DAL,5,3.923433334677655,5.432229980003577,4.96960763038693,22.647501711156742,149.0,model+realized+hier_bayes,3.709709518451481,0.337632173863117,2.4045765658707614,6.4884772304107585,12.72911437577699,1.0,False,27.339881483288693,23.488732224268716,2.8265670892427113,57.49192168772512,4.9955,45,-77.0536439782852,-93.97723689886149,-86.36162008460215,348,19,98,132.4,38.3,11,-215.6
00-0040590,Konata Mumpfield,WR,LA,9,4.249156426116871,5.292271756185495,2.938537050983023,23.854893908281998,242.0,model+realized+hier_bayes,3.2016229610118585,0.543908980975844,1.722443786357043,10.58301879344759,8.874315362830302,1.0,False,43.38165185184761,41.26180878247954,14.038303911046748,75.01108972415675,8.1535,45,-79.23401700319037,-92.86693344587242,-86.7321210466655,349,19,145,,,,
00-0038046,Charlie Kolar,TE,BAL,11,3.717544119777902,4.526968723079115,3.2715300840599175,27.5564681724846,128.0,model+realized+hier_bayes,2.9437630883903516,0.5364148748357671,1.3222226209240646,19.87139720698554,17.1734315984601,1.0,False,36.8589201147487,35.88365976826678,13.252019508045763,61.386626722756674,8.14175,18,-74.11853982930242,-97.05360423372697,-86.73282525173593,350,19,76,,,,
00-0037292,Andrew Ogletree,TE,IND,4,3.391522672469778,5.066939730559064,3.862965182343739,28.095824777549623,192.0,model+realized+hier_bayes,3.006413283277438,0.4554319118490682,1.806444043123967,16.87139720698554,20.1734315984601,1.0,False,35.14200844207467,33.08953176037221,10.001685389913298,62.614052468640885,6.92975,18,-75.83545150197645,-95.82617848784275,-86.83035134420291,351,19,77,,,,
00-0040582,Arian Smith,WR,NYJ,12,3.19417994774746,4.252881583670742,1.0686652677735227,24.889801505817932,110.0,model+realized+hier_bayes,1.7636250442872123,0.6980924870977271,1.5430161929787494,13.58301879344759,5.874315362830302,1.0,False,44.896546696172635,44.27174443443582,16.375680473534928,72.93400816220476,10.47675,45,-77.71912215886535,-94.9440150078244,-87.19281322579283,352,19,146,,,,
00-0031610,Darren Waller,TE,MIA,8,9.220460585250766,7.7868311142444195,8.663954474883692,33.96577686516085,204.0,model+realized+hier_bayes+age_prior,7.168097195807883,0.3,1.4773348251486755,9.871397206985542,27.1734315984601,0.93,False,32.43711892456359,29.532276041537273,5.104560597023329,64.15639675572201,4.10575,18,-78.54034101948753,-94.28383420076163,-87.1992622691883,353,19,78,,,,
00-0040179,DJ Giddens,RB,IND,5,3.5772380634312464,5.188669819190717,1.7541379649275028,23.017111567419576,151.0,model+realized+hier_bayes,3.603953922542317,0.337632173863117,2.4045765658707614,6.4884772304107585,12.72911437577699,1.0,False,27.111982491880745,23.220681753347897,2.6741397619743843,55.79444348730602,5.1205,45,-77.28154296969313,-95.6747150992806,-87.39778764096624,354,19,99,,,,
00-0040466,Raheim Sanders,RB,CLE,4,4.751351613034137,6.221568158013837,1.0531698185319722,24.23271731690623,300.0,model+realized+hier_bayes,4.10970260297021,0.3,2.5939877765722485,5.4884772304107585,13.72911437577699,1.0,False,26.670186288171337,22.26365046375929,1.959477516214808,56.038148080827455,4.21575,45,-77.72333917340255,-95.43101050575916,-87.4625584061987,355,19,100,,,,
00-0040218,Jimmy Horn Jr.,WR,CAR,10,3.7907899806081726,4.8657000036472455,1.7333653843190582,23.969883641341546,208.0,model+realized+hier_bayes,2.394765131610491,0.5953034830164716,1.655867021711105,11.58301879344759,7.874315362830302,1.0,False,43.452120286337944,42.069841652161216,15.541720109434479,73.47310404082823,8.98625,45,-79.16354856870004,-94.40491912920093,-87.54630237697552,356,19,147,,,,
00-0037231,Kevin Austin Jr.,WR,NO,5,5.887131883979533,6.801585908468096,5.62716624954337,26.42299794661191,300.0,model+realized+hier_bayes,4.4241583571862755,0.400002335083966,2.1013523215945544,14.58301879344759,21.874315362830302,1.0,False,41.47826358198528,38.974753770996884,10.987102697163849,75.00931995959753,6.01525,45,-81.1374052730527,-92.86870321043163,-87.58961913861111,357,19,148,,,,
00-0037085,Tyler Badie,RB,DEN,14,3.217253918439636,3.8561045596620103,1.5701193347241875,27.564681724845997,196.0,model+realized+hier_bayes+age_prior,1.937006378190437,0.5104833427756698,1.5972541996162548,18.48847723041076,17.729114375776987,0.97,False,29.64835478638476,27.939970144341174,7.86289923095053,53.18077482896045,7.6405,45,-74.74517067518913,-98.28838375762616,-87.69393787052951,358,19,101,,,,
00-0036972,Mac Jones,QB,SF,11,12.257555781765644,12.578567821653783,9.28513415970046,27.98904859685147,15.0,model+realized+hier_bayes,8.124555044004754,0.613882553247981,2.076081195164065,22.138920341789326,13.924851506188567,1.0,False,118.84669403318291,117.97437713392306,61.229650348146095,179.6384844655689,9.38525,15,-86.12024477887927,-90.09879581509765,-88.30844784879937,359,19,32,,,,
00-0037112,Jake Tonges,TE,SF,9,7.613916540916383,7.332152825818815,5.880901291468851,27.15126625598905,300.0,model+realized+hier_bayes,5.387776268937698,0.3,1.4197300780689912,10.871397206985542,26.1734315984601,1.0,False,32.873188780240085,30.376126398074668,8.164512364197405,60.85709957493077,4.44475,18,-78.10427116381103,-97.58313138155287,-88.81764428356905,360,19,79,,,,
00-0039062,Jonathan Mingo,WR,DAL,5,2.569669304292134,4.7764459332101765,1.5652475842498528,25.366187542778917,39.0,model+realized+hier_bayes,3.3127783156730035,0.5645782740234512,2.1013523215945544,20.58301879344759,15.874315362830302,1.0,False,41.03884001124831,39.15063593952188,10.16510218787289,72.65840217672242,8.45425,45,-81.57682884378967,-95.21962099330675,-89.08036452602406,361,19,149,,,,
00-0039746,Will Shipley,RB,PHI,11,2.8938180085893546,3.8774436148633455,1.7461125653602894,24.008213552361397,127.0,model+realized+hier_bayes,2.1206954447016133,0.48287245106112653,1.770638041381848,17.48847723041076,18.729114375776987,1.0,False,27.67499161852157,25.518567032664322,5.3371664384695725,51.956493900758794,7.12675,45,-76.71853384305231,-99.51266468582781,-89.25530580657883,362,19,102,,,,
00-0035628,D'Ernest Johnson,RB,NE,5,1.3326159639207453,3.10417150136388,0.51478150704935,30.510609171800137,300.0,model+realized+hier_bayes+age_prior,2.9182676424554557,0.5104833427756698,2.4045765658707614,18.48847723041076,17.729114375776987,0.86,False,24.366088164923948,22.098451220369427,-0.6023476575535652,53.42049348777936,7.546,45,-80.02743729664994,-98.04866509880725,-89.93911258783646,363,19,103,,,,
00-0037004,Hunter Long,TE,JAX,7,4.258537206416028,5.161076799756822,3.5874118539030073,28.035592060232716,81.0,model+realized+hier_bayes,3.3005611942792474,0.4284375908535019,1.5425731432609595,15.871397206985542,21.1734315984601,1.0,False,33.61416464613079,31.991822135258175,10.9274052834552,58.084783240779636,6.4885,18,-77.36329529792033,-100.355447715704,-90.00897912770135,364,19,80,,,,
00-0033591,Noah Brown,WR,WAS,4,3.9958973033468443,5.700411451351772,1.2010412149464313,30.652977412731005,239.0,model+realized+hier_bayes+age_prior,3.9424440877765994,0.4548609813971277,2.242713517955807,16.58301879344759,19.874315362830302,0.97,False,39.15904214172072,36.404071838449696,9.772260295959175,72.1954006769194,6.764,45,-83.45662671331726,-95.68262249310976,-90.18092439220314,365,19,150,,,,
00-0036906,Khalil Herbert,RB,NYJ,3,2.1875176847589275,4.6531385088240595,2.944486372867092,28.36413415468857,217.0,model+realized+hier_bayes+age_prior,3.7151222657603746,0.34481799248841033,2.836606668073237,12.488477230410759,23.729114375776987,0.93,False,24.49506016089492,21.2272466633899,0.0,52.82231280288465,5.12525,45,-79.89846530067896,-98.64684578370196,-90.2100745663416,366,19,104,,,,
00-0038040,Zamir White,RB,LV,5,2.4683452441958664,4.276270185589311,1.4166862743741113,26.954140999315538,122.0,model+realized+hier_bayes+age_prior,3.2652097783042486,0.4000397759174968,2.4045765658707614,14.488477230410759,21.729114375776987,0.97,False,25.311303424065517,22.481322893598033,1.0719069546789315,51.75524063917151,5.9075,45,-79.08222203750837,-99.7139179474151,-90.42965478795708,367,19,105,,,,
adp:fernando mendoza,Fernando Mendoza,QB,LV,0,9.240634381886062,9.240634381886062,,,,rookie_market_prior,9.9369608046287,0.85,,,,1.0,False,119.19517397224256,119.40745319618793,61.928638092796554,175.35538548759692,12.29375,15,-85.77176483981962,-94.38189479306962,-90.50733631410712,368,19,33,171.1,13.8,15,-196.9
00-0034418,Cedrick Wilson Jr.,WR,MIA,6,3.85796866676918,5.21606019829821,0.8959166627910582,30.781656399726216,208.0,model+realized+hier_bayes+age_prior,2.4486466629951904,0.5097196277102894,1.9837415377831793,18.58301879344759,17.874315362830302,0.97,False,40.26022664300621,38.33232234917462,12.144232641809774,70.33039814625164,7.692,45,-82.35544221203176,-97.54762502377753,-90.71114275849193,369,19,151,,,,
00-0037120,Tyler Goodson,RB,IND,7,1.437259993959929,3.189904382789506,0.5533448076836687,25.806981519507186,300.0,model+realized+hier_bayes,1.6113228356849922,0.48287245106112653,2.124192849291825,17.48847723041076,18.729114375776987,1.0,False,22.818804205224957,20.7387882363416,0.8549631915415637,48.16329188360037,7.1535,45,-81.57472125634894,-103.30586670298624,-93.52685125199946,370,19,106,,,,
00-0039796,Rasheen Ali,RB,BAL,8,2.972039101560145,4.231322496237016,3.4886550826520932,25.53867214236824,165.0,model+realized+hier_bayes,3.226395629071571,0.37242888420295356,2.016370907261036,13.488477230410759,22.729114375776987,1.0,False,23.31997321680555,20.479598647306926,2.76053914007548,47.502298033833334,5.53025,45,-81.07355224476834,-103.96686055275327,-93.66487181416005,371,19,107,,,,
00-0039623,Mason Tipton,WR,NO,6,4.117259653924756,5.546655589281891,3.4974276261275232,25.927446954141,300.0,model+realized+hier_bayes,3.618180684239671,0.4548609813971277,1.9837415377831793,16.58301879344759,19.874315362830302,1.0,False,37.48677547329534,35.22573734594796,10.117388407034925,66.92442411124058,6.7885,45,-85.12889338174264,-100.95359905878858,-93.83248150411791,372,19,152,,,,
00-0036429,Charlie Woerner,TE,ATL,6,3.200567062810517,4.6207631827260505,1.9896398334036909,28.876112251882272,190.0,model+realized+hier_bayes,2.353844479716781,0.4284375908535019,1.617295085972529,15.871397206985542,21.1734315984601,1.0,False,30.148761746431692,28.30358014218606,9.028281339227837,53.42947840845588,6.5205,18,-80.82869819761943,-105.01075254802777,-94.12882809034402,373,19,81,,,,
00-0040556,Corey Kiner,RB,ARI,4,2.8030961643337786,4.945483059972365,2.074246851269154,24.61054072553046,300.0,model+realized+hier_bayes,3.5859685687284193,0.3,2.5939877765722485,5.4884772304107585,13.72911437577699,1.0,False,21.26649624741693,16.944753863896153,0.0,46.921837131723564,4.27075,45,-83.12702921415695,-104.54732145486305,-94.9081899465453,374,19,108,,,,
00-0039530,Brevyn Spann-Ford,TE,DAL,10,3.1268719691837426,4.164893394442943,2.3701851779508236,26.680355920602327,300.0,model+realized+hier_bayes,2.294381315780499,0.4824262328446345,1.368377645629177,17.87139720698554,19.1734315984601,1.0,False,30.38007945598378,28.758770187937824,10.844620995672273,51.37851147599668,7.32475,18,-80.59738048806734,-107.06171948048697,-95.15276693389814,375,19,82,,,,
00-0034860,Dante Pettis,WR,NO,4,4.950117005022636,6.215294942720682,4.810665234663498,30.858316221765914,44.0,model+realized+hier_bayes+age_prior,4.223755668976052,0.3725730119273851,2.242713517955807,13.58301879344759,22.874315362830302,0.97,False,35.45478603551253,32.82447764257023,8.633645137165615,66.02742217820257,5.6565,45,-87.16088281952545,-101.8506009918266,-95.24022781429107,376,19,153,,,,
00-0038573,Derius Davis,WR,LAC,5,2.622822889981858,4.8088934585772005,1.3656500283747663,25.971252566735114,125.0,model+realized+hier_bayes,3.330585248788732,0.48229030455370864,2.1013523215945544,17.58301879344759,18.874315362830302,1.0,False,35.884551464540365,33.350702563990495,8.272799367127137,65.67440663901792,7.263,45,-86.73111739049762,-102.20361653101125,-95.24099191778012,377,19,154,,,,
00-0040208,Tahj Brooks,RB,CIN,6,1.7809039503487099,3.66042604944576,1.0462631918722298,24.303901437371664,193.0,model+realized+hier_bayes,2.0723424639182664,0.38966783059327753,2.251394460709249,7.4884772304107585,11.72911437577699,1.0,False,20.948512295400217,17.80714576141143,0.5445225317863877,45.75508751106364,5.69125,45,-83.44501316617367,-105.71407107552298,-95.69299501631579,378,19,109,,,,
00-0038440,Zavier Scott,RB,MIN,9,4.3544550078061794,5.080974956980327,4.833764348598075,27.12662559890486,300.0,model+realized+hier_bayes+age_prior,4.163928893617147,0.3,1.9234598453328517,10.488477230410759,25.729114375776987,0.97,False,21.799911156717428,19.242163082061058,1.7288333933325462,44.80263547209331,4.268,45,-82.59361430485646,-106.66652311449332,-95.83371415015674,379,19,110,,,,
00-0038938,Jalin Hyatt,WR,NYG,5,3.306781163164486,5.2264147439449555,2.349468024894146,24.933607118412045,73.0,model+realized+hier_bayes,3.559717471318483,0.4548609813971277,2.1013523215945544,16.58301879344759,19.874315362830302,1.0,False,35.632369552911975,33.48394590357302,8.704542929573043,64.55355630721907,6.82,45,-86.983299302126,-103.3244668628101,-95.97094146050225,380,19,155,,,,
00-0036630,Tylan Wallace,WR,BAL,6,3.9444606570289684,5.4338465494397425,4.087256618646139,27.304585900068446,131.0,model+realized+hier_bayes,3.8345770217875015,0.42743165824054685,1.9837415377831793,15.58301879344759,20.874315362830302,1.0,False,35.24800309433205,32.44993248221593,8.767757157213433,64.81626135981675,6.4575,45,-87.36766576070593,-103.06176181021242,-95.9994185879345,381,19,156,,,,
00-0033943,Josh Reynolds,WR,NYJ,5,4.820565862428144,5.719967144843642,2.9659737018389087,31.540041067761805,117.0,model+realized+hier_bayes+age_prior,4.066849070092486,0.400002335083966,2.1013523215945544,14.58301879344759,21.874315362830302,0.93,False,34.903898960549064,32.171903153958716,8.543988852299657,64.52961077952722,6.07925,45,-87.71176989448892,-103.34841239050195,-96.3119232672961,382,19,157,,,,
00-0036331,Devin Duvernay,WR,CHI,3,2.862864949656882,5.631460819579299,1.724335620850342,28.969199178644764,92.0,model+realized+hier_bayes,3.8497028373915745,0.400002335083966,2.417071564286271,14.58301879344759,21.874315362830302,1.0,False,33.771793943545845,30.62677178396733,6.58355279672122,64.52586839511318,5.97,45,-88.84387491149214,-103.35215477491599,-96.82342883637526,383,19,158,,,,
00-0037475,Stone Smartt,TE,NYJ,3,3.6993838051584316,5.434133856587739,4.206344414492628,27.90965092402464,300.0,model+realized+hier_bayes,3.296337657314247,0.3204603068712368,1.9298393346290206,11.871397206985542,25.1734315984601,1.0,False,26.7337278782028,24.35275038975108,5.693230347448333,50.792744442608615,4.87225,18,-84.24373206584832,-107.64748651387504,-97.11579701226302,384,19,83,,,,
00-0038824,Ryan Miller,WR,TB,4,4.291121762532548,6.040938562131768,4.253234063627348,26.529774127310063,300.0,model+realized+hier_bayes,4.0294786137630485,0.3725730119273851,2.242713517955807,13.58301879344759,22.874315362830302,1.0,False,33.766837949101166,30.839389155531563,7.365012107683936,63.94794794821183,5.58975,45,-88.84883090593681,-103.93007522181733,-97.1435152796711,385,19,159,,,,
00-0035021,Ashton Dulin,WR,IND,7,3.2541215222443016,4.669095514898933,2.8200810525332676,29.297741273100616,300.0,model+realized+hier_bayes+age_prior,3.0560688022144693,0.48229030455370864,1.88389794612077,17.58301879344759,18.874315362830302,0.97,False,34.27837807858764,32.30141712080599,9.076155755717231,62.4783709987479,7.30675,45,-88.33729077645035,-105.39965217128128,-97.72158954360737,386,19,160,,,,
00-0039912,Ben Sinnott,TE,WAS,8,3.963059640213412,4.890638001553329,2.1980510848086703,24.216290212183434,53.0,model+realized+hier_bayes,2.5096497976129957,0.37444894886236935,1.4773348251486755,13.871397206985542,23.1734315984601,1.0,False,27.696104254012496,25.996941896649034,8.852482934361323,48.68871387343467,5.69825,18,-83.28135569003862,-109.75151708304898,-97.83994445619432,387,19,84,,,,
00-0040184,KeAndre Lambert-Smith,WR,LAC,7,3.5272059370859603,5.001082444283417,3.2015621187164243,24.876112251882272,158.0,model+realized+hier_bayes,3.291893530525792,0.44111997689458843,1.88389794612077,8.58301879344759,10.874315362830302,1.0,False,33.183748190959925,30.312852163434606,7.5777525211889385,62.607642695108524,6.61475,45,-89.43192066407806,-105.27038047492064,-98.14307356004147,388,19,161,,,,
00-0037563,Malik Davis,RB,DAL,9,3.731257943311502,4.591146754061928,4.872228556945077,27.76454483230664,300.0,model+realized+hier_bayes+age_prior,4.066036451573822,0.3,1.9234598453328517,10.488477230410759,25.729114375776987,0.97,False,20.08031946876687,17.750143165543605,1.26193645840916,41.217446030188064,4.32875,45,-84.31320599280701,-110.25171255639856,-98.57938460278237,389,19,111,,,,
00-0038359,Xavier Smith,WR,LA,10,4.875731635356161,5.68820502559347,3.7073650421229845,28.944558521560573,300.0,model+realized+hier_bayes,3.7135492858883836,0.400002335083966,1.655867021711105,14.58301879344759,21.874315362830302,1.0,False,34.35669496520668,32.32119354806116,9.767411956640949,60.70489649277962,6.0335,45,-88.25897388983131,-107.17312667724954,-98.66175792291133,390,19,162,,,,
00-0037742,Treylon Burks,WR,WAS,8,4.496606579472038,5.562381463640228,3.2508240713482395,26.442162902121833,18.0,model+realized+hier_bayes,3.4634247036161687,0.400002335083966,1.7977560266302695,14.58301879344759,21.874315362830302,1.0,False,33.76789589646201,31.46840637532471,9.376174475604612,60.9796920001326,5.99925,45,-88.84777295857597,-106.89833116989657,-98.7755799748023,391,19,163,,,,
00-0033576,Eric Saubert,TE,SEA,5,2.9322931930089595,4.30538520468526,1.1054410884348382,32.31485284052019,174.0,model+realized+hier_bayes+age_prior,2.650788506826113,0.40144326985793566,1.7040461483495128,14.871397206985542,22.1734315984601,0.93,False,25.847302287579637,23.74391330749111,6.10373011643079,48.209741849576794,6.05275,18,-85.13015765647148,-110.23048910690684,-98.93533995421093,392,19,85,,,,
00-0033891,Zay Jones,WR,ARI,6,5.148176780731156,5.784296093257673,4.881290812889557,31.42505133470226,37.0,model+realized+hier_bayes+age_prior,4.428352474316691,0.3725730119273851,1.9837415377831793,13.58301879344759,22.874315362830302,0.93,False,32.43080314764255,29.722297421866813,7.320831004198618,61.312695012187135,5.59975,45,-90.18486570739543,-106.56532815784203,-99.19412005514107,393,19,164,,,,
00-0037594,Julius Chestnut,RB,TEN,7,1.0860146493041833,2.9199226392605366,0.9086882225022428,25.848049281314168,300.0,model+realized+hier_bayes,1.7093592530004706,0.42765066763204,2.124192849291825,15.488477230410759,20.729114375776987,1.0,False,18.525326301685812,16.48483865016648,0.0,40.4889303818995,6.38175,45,-85.86819915988808,-110.98022820468711,-99.67981513452754,394,19,112,,,,
00-0039920,Malachi Corley,WR,CLE,12,3.395033330095142,4.411547127333159,1.8840639505327228,24.449007529089666,65.0,model+realized+hier_bayes,2.2923397070124016,0.5097196277102894,1.5430161929787494,18.58301879344759,17.874315362830302,1.0,False,33.946557183638085,32.3583713228237,10.776151342107092,59.10959007350648,7.68625,45,-88.66911167139989,-108.76843309652268,-99.72373845521741,395,19,165,,,,
00-0037654,Tucker Fisk,TE,LAC,4,2.791105394787988,4.769629906240588,1.14418821295566,27.616700889801507,300.0,model+realized+hier_bayes,2.7784966450490662,0.3474546278668031,1.806444043123967,12.871397206985542,24.1734315984601,1.0,False,25.136936763212926,23.118497532111626,5.269106274222124,46.5014870854461,5.2425,18,-85.84052318083819,-111.93874387103754,-100.19454456044784,396,19,86,,,,
00-0039757,Terrell Jennings,RB,NE,5,3.444501809793316,5.0952853452625915,4.730010570812712,25.659137577002053,300.0,model+realized+hier_bayes,3.56340570375328,0.3,2.4045765658707614,8.488477230410759,27.729114375776987,1.0,False,17.97754576015209,14.5004457991443,0.0,39.64646008665689,3.4595,45,-86.4159797014218,-111.82269849992973,-100.38967504060116,397,19,113,,,,
00-0036590,Quintin Morris,TE,JAX,5,3.668820421908933,5.035112425707969,2.419710726512572,27.61122518822724,300.0,model+realized+hier_bayes,2.9684971166515117,0.3204603068712368,1.7040461483495128,11.871397206985542,25.1734315984601,1.0,False,24.094667147564984,22.09753095463806,5.213703249161514,45.34691829459879,4.809,18,-86.88279279648614,-113.09331266188485,-101.29857872245543,398,19,87,,,,
00-0039405,Jawhar Jordan,RB,HOU,4,7.05355130810439,7.497598219495752,6.505574532660432,27.039014373716633,205.0,model+realized+hier_bayes+age_prior,4.728584657032313,0.3,2.5939877765722485,5.4884772304107585,30.729114375776987,0.97,False,16.740038587716406,12.944390838913069,0.0,38.60936320062063,2.2055,45,-87.65348687385747,-112.85979538596598,-101.51695655551715,399,19,114,,,,
00-0040205,Kalel Mullings,RB,TEN,3,1.5394095228335571,4.622655452222274,0.2081665999466133,23.90965092402464,188.0,model+realized+hier_bayes,3.569934125563531,0.3,2.836606668073237,4.4884772304107585,14.72911437577699,1.0,False,16.22395163267985,12.302487263015639,0.0,39.01760813067776,3.4495,45,-88.16957382889404,-112.45155045590886,-101.52466097375219,400,19,115,,,,
00-0038710,Blake Whiteheart,TE,CLE,6,2.057343526574375,3.9401380173719964,0.6324555320336759,26.444900752908968,300.0,model+realized+hier_bayes,1.4622195630530095,0.40144326985793566,1.617295085972529,14.871397206985542,22.1734315984601,1.0,False,23.92515144786811,21.98918804687647,6.5184868037160895,44.023801388543085,6.057,18,-87.052308496183,-114.41642956794055,-102.10257508564966,401,19,88,,,,
00-0039299,George Holani,RB,SEA,4,3.2982149700008216,5.1116868236812065,3.9522145690739006,26.71047227926078,300.0,model+realized+hier_bayes+age_prior,3.7190674237548267,0.3,2.5939877765722485,7.4884772304107585,28.729114375776987,0.97,False,16.255133346844715,12.95513829542196,0.0,37.722464754765774,3.10675,45,-88.13839211472917,-113.74669383182083,-102.22295805912958,402,19,116,,,,
00-0039379,Jamari Thrash,WR,CLE,8,3.4888319456293866,4.841944184384876,1.5384941617420216,25.700205338809035,156.0,model+realized+hier_bayes,2.3950454613238774,0.42743165824054685,1.7977560266302695,15.58301879344759,20.874315362830302,1.0,False,31.370558051171002,29.323533437386637,8.66706541021307,56.05096378201878,6.45375,45,-91.24511080386698,-111.82705938801038,-102.56518252514584,403,19,166,,,,
00-0038679,Tyrell Shavers,WR,BUF,10,5.06198842469963,5.829408143693095,5.456952751612693,27.039014373716633,300.0,model+realized+hier_bayes,4.72367439361143,0.34514368877080426,1.655867021711105,12.58301879344759,23.874315362830302,1.0,False,30.470375427653856,28.246901665480557,6.111869077687644,56.71465701718496,5.17675,45,-92.14529342738413,-111.1633661528442,-102.60523342638717,404,19,167,,,,
00-0040259,Gage Larvadain,WR,CLE,7,2.9436902713346416,4.600265044363863,1.7670260191578822,23.66050650239562,300.0,model+realized+hier_bayes,2.498938169553376,0.44111997689458843,1.88389794612077,8.58301879344759,10.874315362830302,1.0,False,29.764062849638183,27.209057914558638,6.311516006120967,56.44601135813227,6.5385,45,-92.8516060053998,-111.4320118118969,-103.0708291989732,405,19,168,,,,
00-0040024,Darius Cooper,WR,PHI,5,3.9438374708241546,5.615304795947703,1.9437077969694934,24.774811772758383,300.0,model+realized+hier_bayes,3.7731371101678253,0.3383309728133329,2.1013523215945544,6.5830187934475894,12.874315362830302,1.0,False,28.86032050899959,25.741916150055467,4.637098005973195,56.99712392658946,5.11975,45,-93.75534834603839,-110.8808992434397,-103.17440133960912,406,19,169,,,,
00-0034365,Ian Thomas,TE,LV,7,3.8516846554434956,4.756873803614172,2.2063760418603255,30.236824093086927,101.0,model+realized+hier_bayes+age_prior,2.5451977898480145,0.3204603068712368,1.5425731432609595,11.871397206985542,25.1734315984601,0.97,False,22.745553422713037,20.435845834752687,5.528502061694883,42.77198749243852,4.80625,18,-88.23190652133809,-115.66824346404513,-103.32189183982698,407,19,89,,,,
00-0033376,Patrick Ricard,RB,BAL,3,1.259014675177492,3.833830658577799,0.9643650760992956,32.26557152635181,300.0,model+realized+hier_bayes+age_prior,3.5071205261621268,0.3,2.836606668073237,9.488477230410759,26.729114375776987,0.86,False,15.133370718455195,11.935481365172848,-1.1429858527313315,36.38035332722275,3.896,45,-89.26015474311869,-115.08880525936387,-103.46591252705353,408,19,117,,,,
00-0038465,Malik Heath,WR,GB,5,4.472601468380313,5.938087972308073,2.360508419811292,26.420260095824776,300.0,model+realized+hier_bayes,3.950277843315164,0.3177143656142234,2.1013523215945544,11.58301879344759,24.874315362830302,1.0,False,29.183727075000892,26.402789101469455,5.586211344395249,55.61277442622558,4.81975,45,-93.43194178003709,-112.2652487438036,-103.79026061010867,409,19,170,,,,
00-0036755,Jaret Patterson,RB,LAC,6,3.7257395853839537,4.946811135127797,4.316209757028344,26.691307323750856,300.0,model+realized+hier_bayes+age_prior,3.8471872153445377,0.3,2.251394460709249,7.4884772304107585,28.729114375776987,0.97,False,15.566608594471099,12.636927219818858,0.0,35.32147808223478,3.0595,45,-88.8269168671028,-116.14768050435183,-103.85333686758976,410,19,118,,,,
00-0040277,Jahdae Walker,WR,CHI,3,6.481653732524913,7.385118289407404,3.4597687784012385,24.15879534565366,300.0,model+realized+hier_bayes,4.7387426751665584,0.3,2.417071564286271,4.5830187934475894,14.874315362830302,1.0,False,27.097020940616364,22.845384597917054,1.0716152738242,56.687711301514646,3.6415,45,-95.51864791442162,-111.19031186851453,-104.13806308917272,411,19,171,,,,
00-0036232,Harrison Bryant,TE,HOU,4,2.7710439959707043,4.759696063262286,0.788986691902975,28.358658453114305,115.0,model+realized+hier_bayes,2.7708813968765833,0.3,1.806444043123967,10.871397206985542,26.1734315984601,1.0,False,21.706655947109176,19.620923270769573,4.084977082655914,41.811056218588895,4.51175,18,-89.27080399694194,-116.62917473789474,-104.31790790446598,412,19,90,,,,
00-0037306,John FitzPatrick,TE,GB,10,3.2909382267776026,4.281434269481304,2.7559229145807236,26.480492813141684,213.0,model+realized+hier_bayes,2.5519294127640104,0.3474546278668031,1.368377645629177,12.871397206985542,24.1734315984601,1.0,False,22.508051948006468,20.53932938880228,5.9091722762369745,40.95063584454214,5.24425,18,-88.46940799604465,-117.4895951119415,-104.43051090978793,413,19,91,,,,
00-0039737,Tip Reiman,TE,ARI,3,3.0165264796798703,5.144705821008664,1.4422205101855958,24.955509924709105,82.0,model+realized+hier_bayes,3.080328791761061,0.3,1.9298393346290206,9.871397206985542,27.1734315984601,1.0,False,20.740671871033975,18.19988582758458,3.1175638706623237,42.10980705123164,4.07375,18,-90.23678807301715,-116.330423905252,-104.58828778074633,414,19,92,,,,
00-0039451,Isaiah Williams,WR,NYJ,10,4.614865032128089,5.490439468087079,4.277862914015725,25.587953456536617,300.0,model+realized+hier_bayes,3.9770859119888926,0.34514368877080426,1.655867021711105,12.58301879344759,23.874315362830302,1.0,False,28.998167541661314,26.54315069400087,6.525029469708112,54.186448566051574,5.1965,45,-93.61750131337666,-113.69157460397759,-104.65824162320718,415,19,172,,,,
00-0039050,Payne Durham,TE,TB,4,2.6610184109642097,4.7052144742661834,1.05,26.21218343600274,171.0,model+realized+hier_bayes,2.7291160073951026,0.3,1.806444043123967,10.871397206985542,26.1734315984601,1.0,False,20.938140500490796,18.546476725518026,3.91902504773562,41.49062187849513,4.417,18,-90.03931944356032,-116.94960907798851,-104.83997874249582,416,19,93,,,,
00-0034487,Trent Sherfield,WR,ARI,4,2.5303503789695725,4.909623003090704,1.021028892833107,30.51334702258727,300.0,model+realized+hier_bayes+age_prior,3.510389161752194,0.3725730119273851,2.242713517955807,13.58301879344759,22.874315362830302,0.97,False,27.52083064868653,25.04795395798349,4.408491450321014,54.921366392046764,5.56225,45,-95.09483820635145,-112.9566567779824,-104.91883842074847,417,19,173,,,,
00-0035359,David Sills,WR,ATL,12,4.7292290519799804,5.082919122095908,4.679055525002948,31.260780287474333,300.0,model+realized+hier_bayes+age_prior,4.231555680732766,0.3725730119273851,1.5430161929787494,13.58301879344759,22.874315362830302,0.93,False,28.68214490108363,26.402063503868924,6.171977773032121,53.214625779855204,5.571,45,-93.93352395395435,-114.66339739017397,-105.33495434387515,418,19,174,,,,
00-0038397,Evan Hull,RB,NO,6,3.1638554500579845,4.683952998958998,0.671317113342619,25.848049281314168,176.0,model+realized+hier_bayes,2.177199762209621,0.3,2.251394460709249,7.4884772304107585,28.729114375776987,1.0,False,14.731750277011926,12.051218543264927,0.0,32.61493869857706,3.08625,45,-89.66177518456196,-118.85421988800955,-105.71761977145813,419,19,119,,,,
00-0040311,Theo Wease Jr.,WR,MIA,3,6.404429511963608,7.347695593758487,4.188476254359494,25.1854893908282,300.0,model+realized+hier_bayes,4.719770744877301,0.3,2.417071564286271,4.5830187934475894,14.874315362830302,1.0,False,25.882448905752298,21.84386835476012,1.725574210734846,54.67361485246395,3.488,45,-96.73321994928568,-113.20440831756522,-105.79237355183943,420,19,175,139.7,4.3,12,-280.3
00-0037348,Tanner Conner,TE,MIA,7,3.3917157800249083,4.613347124711303,1.4076322571710878,28.451745379876797,300.0,model+realized+hier_bayes,2.047094807701132,0.3,1.5425731432609595,10.871397206985542,26.1734315984601,1.0,False,20.407442897350357,18.35407068242617,4.517760536089795,38.928719840951004,4.43775,18,-90.57001704670077,-119.51151111553264,-106.4878387845583,421,19,94,,,,
00-0036741,Jack Stoll,TE,NO,8,2.8242094400880036,4.136307755379593,3.342261851757621,28.591375770020534,300.0,model+realized+hier_bayes,2.7729664689860867,0.3204603068712368,1.4773348251486755,11.871397206985542,25.1734315984601,1.0,False,20.238291555504365,18.366038067460373,4.103634177887253,38.79367302509846,4.91925,18,-90.73916838854676,-119.64655793138519,-106.63823263710789,422,19,95,,,,
00-0035291,Trayveon Williams,RB,CLE,5,3.543970846466659,4.803696635396803,3.530863916947239,28.870636550308006,182.0,model+realized+hier_bayes+age_prior,3.593791466129602,0.3,2.4045765658707614,6.4884772304107585,29.729114375776987,0.93,False,13.081050410280902,10.053794775181505,0.0,30.984294651112545,2.705,45,-91.31247505129298,-120.48486393547407,-107.35728893759259,423,19,120,,,,
00-0026158,Joe Flacco,QB,CIN,13,12.0012296239629,11.09526684641397,10.56007721416992,41.62354551676933,18.0,model+realized+hier_bayes+age_prior,8.978919363971528,0.5861538951304838,1.940821897735546,21.138920341789326,14.924851506188567,0.9,False,101.58783208239393,99.6904581006319,46.913509815228586,159.1041483501919,8.9545,15,-103.37910672966825,-110.63313193047463,-107.36882059011177,424,19,34,,,,
00-0038496,Xavier Gipson,WR,PHI,3,1.2870619185393104,4.867829968953367,1.6623276853055577,25.4839151266256,300.0,model+realized+hier_bayes,3.4625700824260353,0.34514368877080426,2.417071564286271,12.58301879344759,23.874315362830302,1.0,False,24.94219934097756,21.686944563152814,2.7157917419034465,51.79515798572114,5.1035,45,-97.67346951406043,-116.08286518430802,-107.7986371326966,425,19,176,,,,
00-0036165,Isaiah Hodgins,WR,NYG,6,5.238794918009563,6.278831808839578,5.374910851973888,27.863107460643395,207.0,model+realized+hier_bayes,4.658986026679492,0.3,1.9837415377831793,9.58301879344759,26.874315362830302,1.0,False,25.400802762697246,22.508605008711225,3.581117342368319,51.02460787190439,3.9785,45,-97.21486609234074,-116.85341529812479,-108.01606815552196,426,19,177,,,,
00-0038809,Ben Sims,TE,MIN,3,2.920230266996983,5.103890818180686,0.7549834435270749,26.2943189596167,300.0,model+realized+hier_bayes,3.0498673250935973,0.3,1.9298393346290206,8.871397206985542,28.1734315984601,1.0,False,18.428740717539988,16.001108275137156,1.9042047903482573,37.356439837327045,3.608,18,-92.54871922651114,-121.0837911191566,-108.24300876746615,427,19,96,,,,
00-0036332,Josiah Deguara,TE,ARI,4,3.269861809950223,5.006696677924438,4.5463355206876965,29.544147843942504,94.0,model+realized+hier_bayes,2.9602311765657845,0.3,1.806444043123967,8.871397206985542,28.1734315984601,1.0,False,18.225616424990815,15.90582106487593,1.8219248985928809,37.1979355003305,3.66675,18,-92.7518435190603,-121.24229545615314,-108.42159208446137,428,19,97,,,,
00-0039739,Roman Wilson,WR,PIT,9,4.752913286494394,5.664179189297598,6.1086914401622145,25.201916495550993,84.0,model+realized+hier_bayes,4.984771667009651,0.3,1.722443786357043,10.58301879344759,25.874315362830302,1.0,False,25.514233021158102,23.038581432560825,4.282403225732255,50.089326941326306,4.40075,45,-97.10143583387988,-117.78869622870286,-108.47942905103253,429,19,178,,,,
00-0039792,Devontez Walker,WR,BAL,5,6.124230560190405,6.946322433972663,6.8360807484991,25.201916495550993,113.0,model+realized+hier_bayes,4.50358856333944,0.3,2.1013523215945544,8.58301879344759,27.874315362830302,1.0,False,24.75478500431269,21.98204668613149,2.504260892109167,50.19803576187097,3.55175,45,-97.86088385072529,-117.6799874081582,-108.76139080731339,430,19,179,,,,
00-0036265,AJ Dillon,RB,PHI,6,2.772717492765848,4.086857575631069,0.4070217029430577,28.334017796030118,62.0,model+realized+hier_bayes+age_prior,1.988825650867044,0.3,2.251394460709249,7.4884772304107585,28.729114375776987,0.93,False,12.360505839473927,10.020351979124364,0.0,28.094826424595254,3.03475,45,-92.03301962209996,-123.37433216199136,-109.27074151904023,431,19,121,,,,
00-0039603,British Brooks,RB,HOU,3,2.4543989023419757,5.0053447548103405,3.290896534380867,26.78713210130048,300.0,model+realized+hier_bayes+age_prior,3.77490856365121,0.3,2.836606668073237,5.4884772304107585,30.729114375776987,0.97,False,11.33815443711907,8.456437151820822,0.0,28.14431527213757,2.22775,45,-93.05537102445481,-123.32484331444905,-109.70358078395165,432,19,122,,,,
00-0035298,Scott Miller,WR,PIT,5,3.939185508911745,5.44409106250218,2.240089283934906,29.086926762491444,208.0,model+realized+hier_bayes+age_prior,3.7715786607507953,0.3,2.1013523215945544,10.58301879344759,25.874315362830302,0.97,False,23.721674649239375,20.896034252898,3.3748227504425743,47.099823497980516,4.32025,45,-98.8939942057986,-120.77819967204866,-110.93030721223613,433,19,180,,,,
00-0036862,Ben Skowronek,WR,PIT,6,3.5269463283259643,5.006440678209533,3.3831444939089823,29.180013689253936,249.0,model+realized+hier_bayes+age_prior,3.444895714616212,0.3177143656142234,1.9837415377831793,11.58301879344759,24.874315362830302,0.97,False,23.823823749444436,21.53592093465034,3.8221100581357432,46.484650084542565,4.78825,45,-98.79184510559355,-121.3933730854866,-111.22268549453472,434,19,181,,,,
00-0039407,Dylan Laube,RB,LV,5,0.9882753729757079,3.2662290232295033,2.068332661831747,26.715947980835043,208.0,model+realized+hier_bayes+age_prior,2.8130786135585626,0.3,2.4045765658707614,7.4884772304107585,28.729114375776987,0.97,False,10.162319481356876,7.523299783921334,-0.4913540399975995,26.022181973609,3.06275,45,-94.23120598021701,-125.44697661297761,-111.39987982823533,435,19,123,,,,
00-0039648,David Martin-Robinson,TE,TEN,4,3.075496743552481,4.9104525392356315,2.5877918514955307,26.68309377138946,300.0,model+realized+hier_bayes,2.8864507672253907,0.3,1.806444043123967,7.871397206985541,29.1734315984601,1.0,False,15.894596993271954,13.590977979313392,0.33108722884312775,33.31658699238144,3.23075,18,-95.08286295077917,-125.1236439641022,-111.60529250810683,436,19,98,,,,
00-0038090,Skyy Moore,WR,SF,9,3.342422758992928,4.622859551250618,1.381223290340044,25.973990417522245,54.0,model+realized+hier_bayes,2.188471685835429,0.34514368877080426,1.722443786357043,12.58301879344759,23.874315362830302,1.0,False,23.909966135692382,21.821870580170636,5.787687186274469,45.128846245833124,5.186,45,-98.7057027193456,-122.74917692419604,-111.92961353201335,437,19,182,,,,
00-0038840,Brycen Tremayne,WR,CAR,8,4.308237786207828,5.427720502390959,2.585122268454075,26.78713210130048,300.0,model+realized+hier_bayes,3.090907642786469,0.3,1.7977560266302695,10.58301879344759,25.874315362830302,1.0,False,23.317613483253194,20.891644423667934,4.333679338480781,45.41982481156678,4.27275,45,-99.29805537178478,-122.4581983584624,-112.03613401445747,438,19,183,,,,
00-0039589,Kameron Johnson,WR,TB,5,4.084134397053619,5.7009488407223925,7.2033325620854125,24.459958932238195,300.0,model+realized+hier_bayes,3.8201378524374725,0.3,2.1013523215945544,9.58301879344759,26.874315362830302,1.0,False,22.670054482822106,19.824584433145787,2.9325911618156093,45.86433293452199,3.92425,45,-99.94561437221587,-122.01369023550717,-112.08305609702609,439,19,184,,,,
00-0034854,KhaDarel Hodge,WR,ATL,3,3.51164023152881,5.529646045820143,3.521836642056717,32.65982203969884,300.0,model+realized+hier_bayes+age_prior,4.0090896117947805,0.3,2.417071564286271,9.58301879344759,26.874315362830302,0.93,False,21.73409584094392,18.661492808339737,1.0787236627490904,45.21112389618762,3.9625,45,-100.88157301409406,-122.66689927384155,-112.86350245695519,440,19,185,,,,
00-0040154,Tai Felton,WR,MIN,3,3.0948088973198105,5.743860371143662,0.2081665999466132,23.46611909650924,102.0,model+realized+hier_bayes,3.9066852759852173,0.3,2.417071564286271,4.5830187934475894,14.874315362830302,1.0,False,20.57970150751081,17.023496078355514,0.0,44.702555532549695,3.57025,45,-102.03596734752718,-123.17546763747947,-113.66269250700094,441,19,186,,,,
00-0040432,Beaux Collins,WR,NYG,3,2.9792242586876574,5.68784829718835,1.4106735979665883,23.709787816564,300.0,model+realized+hier_bayes,3.878289214610956,0.3,2.417071564286271,4.5830187934475894,14.874315362830302,1.0,False,20.24529741003542,16.624578668410432,0.0,44.58237651408667,3.5135,45,-102.37037144500256,-123.2956466559425,-113.87927281101953,442,19,187,,,,
00-0039458,Brenden Bates,TE,CLE,4,2.9759153235652853,4.861142608322104,1.8348478592697182,26.87748117727584,300.0,model+realized+hier_bayes,2.848649952163707,0.3,1.806444043123967,6.871397206985541,30.1734315984601,1.0,False,13.976377408409649,11.619998159357694,0.0,29.923165756902176,2.84125,18,-97.00108253564147,-128.51706519958148,-114.33487300080847,443,19,99,,,,
00-0036133,James Proche,WR,TEN,6,3.1065510626485096,4.740225853393485,2.6678955501793293,29.946611909650922,201.0,model+realized+hier_bayes+age_prior,3.0498348255871868,0.3,1.9837415377831793,10.58301879344759,25.874315362830302,0.97,False,20.884374194126465,18.41134190551292,2.809865288500879,42.179635778174976,4.39725,45,-101.73129466091152,-125.6983873918542,-114.91319566293,444,19,188,,,,
00-0039394,Casey Washington,WR,ATL,5,4.291963062596488,5.827817532828343,2.2476654555338085,25.489390828199863,187.0,model+realized+hier_bayes,3.8897623396443324,0.3,2.1013523215945544,8.58301879344759,27.874315362830302,1.0,False,20.60230415236601,17.683440019221905,1.845222951007918,42.292358997042946,3.51525,45,-102.01336470267196,-125.58566417298621,-114.97812941134481,445,19,189,,,,
00-0033455,Anthony Firkser,TE,DET,5,3.635262264800304,4.866130319638887,3.094834405909305,31.531827515400412,300.0,model+realized+hier_bayes+age_prior,2.9540214597783665,0.3,1.7040461483495128,6.871397206985541,30.1734315984601,0.97,False,13.438152560176606,11.16228316199172,0.0,29.169539676105757,2.73,18,-97.53930738387452,-129.2706912803779,-114.99156852695137,446,19,100,,,,
00-0032398,Chris Moore,WR,WAS,8,4.904016914318271,5.151195016565588,4.323275874347401,33.210130047912386,107.0,model+realized+hier_bayes+age_prior,4.085441903112065,0.3,1.7977560266302695,9.58301879344759,26.874315362830302,0.88,False,20.320234056156057,17.754581555467645,1.7574329567422848,41.76738052912812,3.9385,45,-102.29543479888193,-126.11064264090105,-115.39379911199244,447,19,190,,,,
00-0040534,Ke'Shawn Williams,WR,CIN,4,1.5183819582724873,4.498535172687602,1.5283433296656002,24.67898699520876,300.0,model+realized+hier_bayes,3.2120527974429476,0.3,2.242713517955807,5.5830187934475894,13.874315362830302,1.0,False,19.354542399517555,16.213503591757362,0.0,42.30756669217185,4.2855,45,-103.26112645552043,-125.57045647785732,-115.53125796780571,448,19,191,,,,
00-0039521,Xavier Weaver,WR,ARI,6,3.507919497162452,5.1488576896617015,1.9569534145366536,25.88637919233402,300.0,model+realized+hier_bayes,2.829664350863319,0.3,1.9837415377831793,9.58301879344759,26.874315362830302,1.0,False,20.485945281051794,17.965709942683823,3.5414745963272978,40.54515550429657,3.98575,45,-102.12972357398618,-127.3328676657326,-115.99145282444671,449,19,192,,,,
00-0038839,Mitchell Tinsley,WR,CIN,8,3.7710002239995863,5.043660460955629,3.865229618017538,26.962354551676935,300.0,model+realized+hier_bayes,3.617831374972078,0.3,1.7977560266302695,9.58301879344759,26.874315362830302,1.0,False,20.004834941084994,17.60442506880311,2.0798431107304287,40.33555410111559,3.903,45,-102.61083391395299,-127.54246906891358,-116.32323324918131,450,19,193,,,,
00-0036620,Dee Eskridge,WR,MIA,5,3.05152129559777,4.9184739944529365,1.8474306482247176,29.44284736481862,56.0,model+realized+hier_bayes+age_prior,3.474203101405167,0.3,2.1013523215945544,9.58301879344759,26.874315362830302,0.97,False,19.237273034661097,16.478917747362637,1.2936020170637443,39.93513477446418,3.894,45,-103.37839582037688,-127.94288839556498,-116.88886673673034,451,19,194,,,,
00-0034073,Ross Dwelley,TE,DET,3,2.893327050389956,4.939713292941596,0.7810249675906654,31.59753593429158,300.0,model+realized+hier_bayes+age_prior,3.0413570066387976,0.3,1.9298393346290206,5.871397206985541,31.1734315984601,0.97,False,11.794353177372074,9.508475622611954,0.0,26.712164650113056,2.3955,18,-99.18310676667905,-131.72806630637058,-117.0828345135094,452,19,101,,,,
00-0035645,Gunner Olszewski,WR,NYG,6,4.2384218886737095,5.456981769231703,7.34411782766771,29.763175906913073,300.0,model+realized+hier_bayes+age_prior,5.292276194531631,0.3,1.9837415377831793,7.5830187934475894,28.874315362830302,0.97,False,17.286562720526913,14.173018478604178,0.0,38.858466323033305,3.0895,45,-105.32910613451106,-129.01955684699587,-118.35885402637771,453,19,195,,,,
00-0039376,Spencer Rattler,QB,NO,9,12.133401022202786,12.538505509861215,6.524666871019376,25.924709103353866,150.0,model+realized+hier_bayes,6.518466794690812,0.47523926266049493,2.2442356729594595,17.138920341789326,18.924851506188567,1.0,False,92.03542497382422,90.58518636440691,40.24391252649043,145.24290565715617,7.33075,15,-112.93151383823796,-124.49437462351037,-119.29108727013778,454,19,35,,,,
00-0037340,Zaire Mitchell-Paden,TE,NO,3,2.4208650879838567,4.892235648929814,1.2013880860626736,27.033538672142367,300.0,model+realized+hier_bayes,2.8919026935509926,0.3,1.9298393346290206,4.871397206985541,32.1734315984601,1.0,False,10.032560519412424,7.523827832817727,0.0,23.732933596300164,2.0305,18,-100.94489942463869,-134.70729736018347,-119.51421828918834,455,19,102,,,,
00-0039686,Colson Yankoff,TE,WAS,3,2.510929995286138,4.93040952247923,1.2055427546683417,26.50239561943874,300.0,model+realized+hier_bayes,2.920393005841169,0.3,1.9298393346290206,4.871397206985541,32.1734315984601,1.0,False,9.742898990545637,7.327124902865191,0.0,23.864353195831725,1.967,18,-101.23456095350548,-134.5758777606519,-119.572285197436,456,19,103,,,,
00-0039917,Michael Penix Jr.,QB,ATL,9,14.211973942315591,14.11507510507863,7.291754094713958,26.316221765913756,8.0,model+realized+hier_bayes,7.257505423489469,0.41978194642550043,2.2442356729594595,15.138920341789328,20.924851506188567,1.0,False,90.656819391156,88.55052448673175,37.58550730500138,145.65249190487046,6.3975,15,-114.31011942090618,-124.08478837579608,-119.68618734609562,457,19,36,,,,
00-0035891,Cody White,WR,SEA,3,4.938341598285925,6.637232459403367,6.091797764207213,27.759069130732374,300.0,model+realized+hier_bayes,4.3595920665553045,0.3,2.417071564286271,5.5830187934475894,30.874315362830302,1.0,False,15.206193321881035,11.599579262132254,0.0,35.818284038056944,2.27175,45,-107.40947553315695,-132.0597391319722,-120.96712051250535,458,19,196,,,,
00-0036841,Austin Trammell,WR,JAX,5,3.02986023191017,5.0573687835466306,2.3360222601679124,28.161533196440793,300.0,model+realized+hier_bayes,3.4669464486827684,0.3,2.1013523215945544,7.5830187934475894,28.874315362830302,1.0,False,15.908256578847123,13.207375111934462,0.0,34.27698812262001,3.107,45,-106.70741227619087,-133.60103504740914,-121.49890480036092,459,19,197,,,,
00-0031503,Jameis Winston,QB,NYG,3,13.000769297801174,13.396493836665096,16.384643216540706,32.65160848733744,1.0,model+realized+hier_bayes,6.835906392779099,0.41978194642550043,3.191938928004511,15.138920341789328,20.924851506188567,1.0,False,85.86712636660201,81.53979545393196,32.345667137118696,144.7490060204575,6.3855,15,-119.09981244546017,-124.98827426020904,-122.33846644357205,460,19,37,,,,
00-0040506,Myles Price,WR,MIN,3,-1.0711232020078554,3.7250583953641714,0.0,24.709103353867214,300.0,model+realized+hier_bayes,2.8832269256936165,0.3,2.417071564286271,4.5830187934475894,14.874315362830302,1.0,False,13.553760329849059,10.116962561357857,0.0,33.046487251134394,3.57025,45,-109.06190852518893,-134.83153591889476,-123.23520359172713,461,19,198,,,,
00-0037093,Dareke Young,WR,SEA,3,3.0984501926132286,5.745624935221396,2.3007245235649862,27.24435318275154,233.0,model+realized+hier_bayes,3.907579845072056,0.3,2.417071564286271,5.5830187934475894,30.874315362830302,1.0,False,13.686157833118125,10.669864184011324,0.0,31.729496296431726,2.34175,45,-108.92951102191985,-136.14852687359743,-123.89996974034253,462,19,199,,,,
00-0032688,Robbie Chosen,WR,WAS,3,4.19744889983914,5.52481371945404,3.852704677669096,33.31416837782341,300.0,model+realized+hier_bayes+age_prior,4.1775745010222956,0.3,2.417071564286271,5.5830187934475894,30.874315362830302,0.88,False,13.023213287326396,9.627308182885894,0.0,32.066908650957785,2.325,45,-109.59245556771158,-135.8111145190714,-124.01271799095949,463,19,200,,,,
00-0029263,Russell Wilson,QB,NYG,6,10.187540330734674,10.90435110761569,11.51392663979872,37.75496235455168,75.0,model+realized+hier_bayes+age_prior,8.374376855753889,0.5029679207779921,2.596321165500383,18.138920341789326,17.924851506188567,0.96,False,85.45030560267533,81.74691689818059,33.741285742131524,140.39026447022772,7.686,15,-119.51663320938685,-129.34701581043882,-124.92334363996544,464,19,38,,,,
00-0040668,Shedeur Sanders,QB,CLE,8,10.293108415469657,11.220855393346769,9.922268965744248,24.56399726214921,144.0,model+realized+hier_bayes,7.927196783620763,0.47938678739269,2.34523426125418,9.138920341789328,9.924851506188567,1.0,False,83.98885580955192,80.26292575840559,31.854484046363766,140.1367895869146,7.41125,15,-120.97808300251026,-129.60049069375194,-125.72040723269319,465,19,39,,,,
00-0035602,Alex Bachman,WR,LV,3,2.223266148736661,5.161867201992184,0.971253485622231,30.258726899383984,300.0,model+realized+hier_bayes+age_prior,3.69257047948686,0.3,2.417071564286271,5.5830187934475894,30.874315362830302,0.97,False,12.019356869975141,9.186038966662139,0.0,29.03694563207675,2.34925,45,-110.59631198506284,-138.8410775379524,-126.1309330391521,466,19,201,,,,
00-0038891,Shedrick Jackson,WR,LV,3,4.515779146015284,6.432459579482479,3.7242448899072143,26.86652977412731,300.0,model+realized+hier_bayes,4.255779747970976,0.3,2.417071564286271,4.5830187934475894,31.874315362830302,1.0,False,11.927328963539324,8.990285401986904,0.0,29.094883576881852,1.83975,45,-110.68833989149866,-138.78313959314733,-126.14047972740542,467,19,202,,,,
00-0036959,Michael Bandy,WR,DEN,3,3.80081338244514,6.085988666924148,4.27707064862545,28.739219712525667,300.0,model+realized+hier_bayes,4.08013173848552,0.3,2.417071564286271,4.5830187934475894,31.874315362830302,1.0,False,11.493202731059194,8.702286339597165,0.0,28.197858206791395,1.91875,45,-111.12246612397878,-139.68016496323776,-126.82920048557122,468,19,203,,,,
00-0038953,Dylan Drummond,WR,ATL,3,4.078319944773929,6.220467766190205,2.1126602503321097,26.622861054072555,300.0,model+realized+hier_bayes,4.148307695679337,0.3,2.417071564286271,4.5830187934475894,31.874315362830302,1.0,False,11.669568359904234,8.745953959916323,0.0,27.96812017052571,1.8895,45,-110.94610049513375,-139.90990299950346,-126.8761918725371,469,19,204,,,,
00-0032268,Marcus Mariota,QB,WAS,10,13.158892661022833,13.30409039578206,8.219960800122806,32.837782340862425,2.0,model+realized+hier_bayes,7.6155535295701835,0.39205328830800323,2.1552541113578703,14.138920341789328,21.924851506188567,1.0,False,79.87289276657918,76.03586252570443,29.032949583325554,134.15342815961057,5.96675,15,-125.094046045483,-135.58385212105597,-130.86343938704812,470,19,40,,,,
00-0040704,Dillon Gabriel,QB,CLE,9,7.886379452277251,9.31719678761839,7.011897032900582,25.675564681724847,94.0,model+realized+hier_bayes,6.0961491508419705,0.5318423039596316,2.2442356729594595,10.138920341789328,8.924851506188567,1.0,False,76.9074385598255,74.52178523458406,30.396233010908006,126.36089575260658,8.157,15,-128.0595002522367,-143.37638452805996,-136.48378660393948,471,19,41,,,,
00-0039923,J.J. McCarthy,QB,MIN,10,12.592336797100053,12.863730101769503,8.450317285298949,23.613963039014372,10.0,model+realized+hier_bayes,7.654252204102429,0.30886731395551154,2.1552541113578703,11.138920341789328,24.924851506188567,1.0,False,61.287416456568856,58.196758806750324,17.32592556108749,108.62869640118126,4.74,15,-143.67952235549333,-161.10858387948528,-153.2655061936889,472,19,42,,,,
00-0033662,Cooper Rush,QB,BAL,4,4.443338004882884,8.353268006751474,1.4545102268461367,32.77754962354552,300.0,model+realized+hier_bayes,4.886813747236996,0.47523926266049493,2.950341388366098,17.138920341789326,18.924851506188567,1.0,False,60.96658405560028,58.166315371153516,20.27443317559868,104.79536999282216,7.21,15,-144.0003547564619,-164.9419102878444,-155.51821029872227,473,19,43,,,,
00-0038128,Malik Willis,QB,MIA,4,11.27365895868627,12.085983220941458,13.520378446379867,27.27173169062286,86.0,model+realized+hier_bayes+team_change_prior,7.402210577625588,0.30886731395551154,2.950341388366098,11.138920341789328,24.924851506188567,1.0,True,56.97155015112959,52.959629106501175,14.152555589350053,105.80545844926542,4.6965,15,-147.99538866093258,-163.93182183140112,-156.7604269046903,474,19,44,165.8,14.5,14,-308.2
00-0033869,Mitchell Trubisky,QB,BUF,4,7.735049151518526,10.271029978723845,14.055613350781481,32.03285420944559,2.0,model+realized+hier_bayes,5.633746995894219,0.364324630190506,2.950341388366098,13.138920341789328,22.924851506188567,1.0,False,56.98923215658168,52.95346660930862,16.974740056715238,101.39536238589719,5.54825,15,-147.97770665548052,-168.34191789476935,-159.17802283708937,475,19,45,,,,
00-0036898,Davis Mills,QB,HOU,6,10.749475609138685,11.738996005780772,10.06961899312316,27.863107460643395,67.0,model+realized+hier_bayes,7.846466881615857,0.30886731395551154,2.596321165500383,11.138920341789328,24.924851506188567,1.0,False,55.79690334991586,50.958512293112676,14.975807704474077,101.15675845766943,4.697,15,-149.17003546214633,-168.58052182299713,-159.84580296061426,476,19,46,,,,
00-0035289,Gardner Minshew,QB,KC,4,3.7011768911478082,7.920882448725676,1.059685487931836,30.2943189596167,178.0,model+realized+hier_bayes,4.7184074725018075,0.41978194642550043,2.950341388366098,15.138920341789328,20.924851506188567,1.0,False,51.25480577820791,47.89745579183128,13.913137416578701,93.85066152725042,6.40975,15,-153.7121330338543,-175.88661875341612,-165.90810017961329,477,19,47,,,,
00-0035993,Tyler Huntley,QB,BAL,5,9.082810759965856,10.805350988455977,7.308496425394215,28.57494866529774,300.0,model+realized+hier_bayes,5.812369401304441,0.30886731395551154,2.7564246994741124,11.138920341789328,24.924851506188567,1.0,False,51.50411573572289,47.947231706818954,14.546623226722005,93.50176767873977,4.7375,15,-153.4628230763393,-176.23551260192676,-165.9878023154124,478,19,48,,,,
00-0032950,Carson Wentz,QB,MIN,5,14.456348278468838,14.22113974899702,5.005668786485978,33.67008898015058,2.0,model+realized+hier_bayes,7.197968802856358,0.3,2.7564246994741124,8.138920341789328,27.924851506188567,1.0,False,49.569968209497404,44.292019789487966,10.426339504296017,94.44116646216742,3.45125,15,-155.39697060256478,-175.29611381849912,-166.34149937132867,479,19,49,,,,
00-0034771,Mason Rudolph,QB,PIT,5,5.2456787655409025,8.36620688754708,4.917377349766845,31.12662559890486,76.0,model+realized+hier_bayes,4.822941528726354,0.39205328830800323,2.7564246994741124,14.138920341789328,21.924851506188567,1.0,False,50.863126772951375,47.424946585052766,16.04105151698976,91.0571322188759,6.0205,15,-154.1038120391108,-178.68014806179065,-167.6207968515847,480,19,50,,,,
00-0033357,Taysom Hill,QB,NO,13,4.0346704390036265,5.568449209552744,4.163567257495946,36.02464065708419,300.0,model+realized+hier_bayes+age_prior,3.8412130176349173,0.613882553247981,1.940821897735546,22.138920341789326,13.924851506188567,0.96,False,52.34630335671288,50.49441489177755,19.15300040116605,87.76502459011006,9.3285,15,-152.62063545534932,-181.9722556905565,-168.76402658471326,481,19,51,,,,
00-0040398,Brady Cook,QB,NYJ,5,6.718655447238074,9.302531827413123,3.0984060418221495,24.8870636550308,300.0,model+realized+hier_bayes,5.202757544085287,0.32202023769186505,2.7564246994741124,6.138920341789328,12.924851506188567,1.0,False,46.50093912260923,41.87461331049923,10.37397116425912,87.80052152013444,4.981,15,-158.46599968945296,-181.9367587605321,-171.37491717854647,482,19,52,,,,
00-0040234,Quinn Ewers,QB,MIA,4,8.570882668427185,10.757989393515041,5.660067726332138,23.46611909650924,231.0,model+realized+hier_bayes,5.823408790720679,0.3,2.950341388366098,5.138920341789328,13.924851506188567,1.0,False,43.4744726956135,38.07834328643741,8.454214260457963,86.00483167575074,4.069,15,-161.49246611644867,-183.73244860491582,-173.7244564851056,483,19,53,,,,
00-0040494,Max Brosmer,QB,MIN,7,3.9911447514531937,6.843482522654087,2.0388699017324465,25.429158110882955,300.0,model+realized+hier_bayes,3.117537209866666,0.42693127082574833,2.461223553969311,8.138920341789328,10.924851506188567,1.0,False,44.28258065403239,40.31893791616457,12.755247856070767,81.3772971248429,6.46425,15,-160.6843581580298,-188.35998315582364,-175.90595190681643,484,19,54,,,,
00-0040206,Riley Leonard,QB,IND,5,5.524423294423022,8.543396015852096,9.568960236096709,23.967145790554415,189.0,model+realized+hier_bayes,4.894817504482551,0.32202023769186505,2.7564246994741124,6.138920341789328,12.924851506188567,1.0,False,42.73754225958012,38.337379353347345,9.22273560480105,82.16500538189857,4.94975,15,-162.22939655248206,-187.57227489876797,-176.16797964293931,485,19,55,,,,
00-0028118,Tyrod Taylor,QB,NYJ,6,10.036894687035662,10.806477783638702,8.744980274420293,37.07871321013005,180.0,model+realized+hier_bayes+age_prior,7.163268763634156,0.3,2.596321165500383,9.138920341789328,26.924851506188567,0.96,False,42.36344581843171,38.53987181284669,8.088840314445102,80.7258081068645,3.8705,15,-162.60349299363048,-189.01147217380202,-177.12788154272482,486,19,56,,,,
00-0022942,Philip Rivers,QB,IND,3,11.942625424523087,11.569780395727488,5.673458674682783,44.73100616016427,4.0,model+realized+hier_bayes+age_prior,6.635817238130221,0.3,3.191938928004511,4.138920341789328,14.924851506188567,0.9,False,39.05087231376755,33.69504048171186,1.9029413437575027,80.3466114428205,3.3425,15,-165.91606649829464,-189.39066883784602,-178.8270977850479,487,19,57,,,,
00-0035100,Jake Browning,QB,CIN,5,9.828251989769534,11.279204528259058,8.219082673875475,30.390143737166323,300.0,model+realized+hier_bayes,6.0045859659699925,0.3,2.7564246994741124,8.138920341789328,27.924851506188567,1.0,False,39.08774673249751,34.39882005095646,6.431737053051374,77.63707810789653,3.46375,15,-165.8791920795647,-192.10020217277003,-180.30074763082763,488,19,58,,,,
00-0038102,Kenny Pickett,QB,LV,6,5.046511324964896,7.879441492974903,3.68123167793969,28.238193018480494,20.0,model+realized+hier_bayes,4.184244597350513,0.3365959720730088,2.596321165500383,12.138920341789328,23.924851506188567,1.0,False,40.95298417987758,37.67164328182782,11.246891769720571,75.56148410977454,5.201,15,-164.0139546321846,-194.175796170892,-180.60296747847366,489,19,59,,,,
00-0035704,Drew Lock,QB,SEA,3,2.678316336677022,8.11712792979273,0.4509249752822894,29.806981519507186,42.0,model+realized+hier_bayes,4.88398762345751,0.30886731395551154,3.191938928004511,11.138920341789328,24.924851506188567,1.0,False,38.83006588431589,34.21624733822137,8.203471145053875,75.73207807540831,4.73475,15,-166.13687292774628,-194.00520220525823,-181.46445403037785,490,19,60,,,,
00-0027973,Andy Dalton,QB,CAR,4,4.1769800653248375,7.870163497325629,2.789551935347324,38.841889117043124,35.0,model+realized+hier_bayes+age_prior,4.826373571220009,0.30886731395551154,2.950341388366098,11.138920341789328,24.924851506188567,0.96,False,37.195093978591274,33.238512826268305,7.560201175435647,71.41839182217822,4.682,15,-167.7718448334709,-198.31888845848832,-184.5727188272305,491,19,61,,,,
00-0037012,Trey Lance,QB,LAC,4,5.720987528812218,9.097630911438474,3.414493617898072,26.313483915126625,3.0,model+realized+hier_bayes,5.176729498359105,0.3,2.950341388366098,9.138920341789328,26.924851506188567,1.0,False,35.55681304873795,31.474371244057984,7.397551582608349,69.24826304843509,3.87625,15,-169.41012576332423,-200.48901723223145,-186.5035160712232,492,19,62,,,,
00-0026300,Josh Johnson,QB,WAS,3,8.71818730741525,10.085570212784452,8.039411255392608,40.2984257357974,160.0,model+realized+hier_bayes+age_prior,6.0260938220970095,0.3,3.191938928004511,8.138920341789328,27.924851506188567,0.9,False,34.46007191992811,30.274349341533842,4.82047460502043,68.79060236929647,3.42,15,-170.50686689213407,-200.94667791137007,-187.2487629527139,493,19,63,,,,
00-0040673,Jalen Milroe,QB,SEA,3,3.5893709703508745,8.583082174431112,1.274100990241093,23.718001368925393,92.0,model+realized+hier_bayes,5.056263016335806,0.3,3.191938928004511,4.138920341789328,14.924851506188567,1.0,False,28.566308502578632,23.168671153990683,0.33113092200154565,63.06159903873147,3.321,15,-176.40063030948355,-206.67568124193508,-193.05190832233188,494,19,64,,,,
00-0038400,Tanner McKee,QB,PHI,4,6.4758227231250105,9.537400431385262,5.780357543728012,26.34633812457221,188.0,model+realized+hier_bayes,5.3480116913501625,0.3,2.950341388366098,7.138920341789328,28.924851506188567,1.0,False,29.072552525325513,25.11103379712725,1.3751182043843557,60.02726476010845,2.99625,15,-175.89438628673668,-209.7100155205581,-194.49298236533846,495,19,65,,,,
00-0033319,Nick Mullens,QB,JAX,4,2.4998812440338876,7.221003569169168,0.32843061164676274,31.449691991786448,300.0,model+realized+hier_bayes,4.44581743640047,0.3,2.950341388366098,9.138920341789328,26.924851506188567,1.0,False,28.28660090349808,23.937229466683533,3.705995003114261,58.36075187080474,3.886,15,-176.6803379085641,-211.3765284098618,-195.76324268427783,496,19,66,,,,
00-0037324,Chris Oladokun,QB,KC,3,6.290484811316636,9.964553068634414,4.864990578956277,28.993839835728952,241.0,model+realized+hier_bayes,5.567028705858621,0.3,3.191938928004511,5.138920341789328,30.924851506188567,1.0,False,22.290857448981562,17.804979762725136,0.0,50.219199750087625,2.18875,15,-182.6760813630806,-219.5180805305789,-202.9391809052047,497,19,67,,,,
00-0033949,Joshua Dobbs,QB,NE,4,2.7469858410797667,7.3649675375138655,0.5978572850884509,31.59753593429158,135.0,model+realized+hier_bayes,4.501888771705288,0.3,2.950341388366098,7.138920341789328,28.924851506188567,1.0,False,22.45240313053034,18.512234168143813,0.0,48.92083700009744,3.013,15,-182.51453568153184,-220.8164432805691,-203.58058486100234,498,19,68,,,,
00-0039398,Joe Milton III,QB,DAL,4,4.391712248358878,8.32319066757266,3.716378165185382,26.48870636550308,193.0,model+realized+hier_bayes,4.875099173169866,0.3,2.950341388366098,6.138920341789328,29.924851506188567,1.0,False,21.807790059767832,18.396834909334252,0.0,47.22333344338587,2.6325,15,-183.15914875229436,-222.51394683728068,-204.80428769903682,499,19,69,,,,
00-0031345,Jimmy Garoppolo,QB,LA,3,2.536976985015254,8.044840639429403,0.05773502691896256,34.83093771389459,62.0,model+realized+hier_bayes,4.8572611336985965,0.3,3.191938928004511,5.138920341789328,30.924851506188567,1.0,False,17.774581088946896,13.799800919781699,0.0,41.20882879672045,2.19075,15,-187.1923577231153,-228.5284514839461,-209.92720929157224,500,19,70,,,,
00-0037013,Zach Wilson,QB,MIA,4,3.672538031677049,7.904197352990645,0.828713862962764,27.080082135523615,2.0,model+realized+hier_bayes,4.711908932566372,0.3,2.950341388366098,5.138920341789328,30.924851506188567,1.0,False,17.384160764633744,13.381994041930476,0.0,40.02947554121619,2.182,15,-187.58277804742843,-229.70780473945035,-210.7515427280405,501,19,71,,,,
00-0031237,Teddy Bridgewater,QB,TB,3,3.180007928209199,8.37371553489731,1.83597385602301,33.80698151950719,32.0,model+realized+hier_bayes,4.97885472894208,0.3,3.191938928004511,4.138920341789328,31.924851506188567,1.0,False,14.706956714432124,10.863095888449688,0.0,36.24557435388361,1.75325,15,-190.25998209763006,-233.4917059267829,-214.03743020366414,502,19,72,,,,
