player_id,player_name,position,team,games_played,mu_pergame_raw,mu_pergame,sigma_own,age,draft_number,basis,sigma_pergame,availability_rate,age_multiplier,team_changed,season_mean,season_median,season_p10,season_p90,expected_games,replacement_rank,vor_mean,vor_p90,draft_score,overall_rank,tier,position_rank,adp,adp_sd,adp_round,value_gap
00-0039139,Jahmyr Gibbs,RB,DET,17,20.5285648290008,16.095621537352468,13.527205702496252,24.451745379876797,12.0,model+realized,13.311936095059359,0.9771428571428571,1.0,False,238.49617584276743,247.28159496451406,149.63160045549782,318.5231565755055,14.439,23,104.83408922251098,153.81204094130078,131.77196266784537,1,1,1,1.7,0.8,1,0.7
00-0038542,Bijan Robinson,RB,ATL,17,20.638880599247237,16.177159280578095,10.258404015302597,24.58590006844627,8.0,model+realized,11.109754002563513,0.9771428571428571,1.0,False,237.40896677779307,248.8939545127758,157.09258139938785,305.40467775929125,14.423,23,103.74688015753662,140.69356212508654,124.06755523968909,2,1,2,1.9,0.8,1,-0.10000000000000009
00-0036223,Jonathan Taylor,RB,IND,17,20.33449696114831,15.473614667715042,12.441507261629376,27.616700889801507,41.0,model+realized+age_prior,12.537416193134876,0.9771428571428571,0.97,False,229.39284215976875,238.3999369871439,148.70460369853225,301.8017064835862,14.4815,23,95.7307555395123,137.0905908493815,118.47866495994036,3,1,3,6.9,1.7,1,3.9000000000000004
00-0039075,Puka Nacua,WR,LAR,17,19.605748275860613,14.833310225653486,11.40257968748352,25.259411362080765,177.0,model+realized+team_change_prior,13.950338632075537,0.9771428571428571,1.0,True,240.837766261446,248.77279253458974,158.73849422835983,319.7633969878216,15.5375,23,96.30708865370963,122.30206199264802,110.60432399012575,4,1,1,2.8,0.7,1,-1.2000000000000002
00-0033280,Christian McCaffrey,RB,SF,17,21.69884884710401,14.58612810232612,8.224465832824288,30.234086242299796,8.0,model+realized+age_prior,9.924640335365785,0.9771428571428571,0.86,False,211.83564681490878,223.48242531420493,136.26532381223964,275.86435425464646,14.36875,23,78.17356019465234,111.15323862044175,96.31238332883652,5,2,4,4.7,1.2,1,-0.2999999999999998
00-0037744,Trey McBride,TE,ARI,17,17.215506882967873,13.35626771960845,8.366468437617335,26.77618069815195,55.0,model+realized,9.893527190477961,0.9771428571428571,1.0,False,201.9787137017322,207.5601703569731,146.54617033251958,257.9102505996728,14.87,9,84.4862632445093,105.26959972127818,95.91709830673219,6,2,1,31.5,5.8,6,25.5
00-0039040,De'Von Achane,RB,MIA,17,17.84836686556097,14.114605651331722,8.371520348250757,24.88432580424367,84.0,model+realized,9.305504583060845,0.9771428571428571,1.0,False,205.5386339851545,215.37642780363058,133.32403799843138,265.3765335248148,14.44775,23,71.87654736489804,100.66541789061012,87.71042615403968,7,2,5,9.5,1.5,2,2.5
00-0036963,Amon-Ra St. Brown,WR,DET,17,18.80049278505516,14.696883556550796,10.929207360527652,26.855578370978783,112.0,model+realized,11.639665590426436,0.9771428571428571,1.0,False,220.4516427327954,227.95977755029006,148.46264961919826,287.2262051494687,14.68125,23,75.92096512505901,89.76487015429512,83.53511289113888,8,2,2,7.7,1.4,2,-0.2999999999999998
00-0038543,Jaxon Smith-Njigba,WR,SEA,17,18.89011149809175,14.763123474882187,7.481206846649338,24.54483230663929,20.0,model+realized,9.313852607216099,0.9771428571428571,1.0,False,220.35204252913638,228.19277173675124,165.5905283435005,276.18220616732094,14.75675,23,75.8213649214,78.72087117214738,77.41609335931106,9,2,3,6.3,1.6,1,-2.7
00-0036900,Ja'Marr Chase,WR,CIN,17,17.810350959166115,13.965039598284982,11.015336901739479,26.50239561943874,5.0,model+realized,11.490221733835849,0.9771428571428571,1.0,False,209.7522185598807,217.31159307424616,139.9077999298184,277.8442862456536,14.58925,23,65.22154095214432,80.38295125048006,73.56031661622897,10,2,4,4.2,1.2,1,-5.8
00-0037248,James Cook,RB,BUF,17,16.549020347508822,12.759592521675252,9.20159832663358,26.934976043805612,63.0,model+realized+age_prior,9.627285980810486,0.9771428571428571,0.97,False,188.81922780868283,195.6867116193646,124.44741926675519,247.84589846858518,14.54775,23,55.15714118842638,83.13478283438047,70.54484409370113,11,2,6,12.9,2.9,2,1.9000000000000004
00-0037840,Kyren Williams,RB,LAR,17,15.737557037190804,12.056030523098817,6.1148264849606715,26.015058179329227,164.0,model+realized+team_change_prior+age_prior,8.483238003252966,0.9771428571428571,0.97,True,186.94131577060313,195.77090890270512,125.01348543923574,241.72832157765026,15.298,23,53.27922915034668,77.01720594344556,66.33511638655106,12,2,7,33.1,4.2,6,21.1
00-0040122,Ashton Jeanty,RB,LV,17,14.809150074023059,11.8682280228037,8.685277434696433,22.748802190280628,6.0,model+realized,8.951242007226575,0.9616,1.0,False,170.21295060724051,178.0167007803776,104.63159189573726,225.2227950933016,14.142,23,36.55086398698407,60.51167945909691,49.72931249664613,13,3,8,11.9,2.6,2,-1.0999999999999996
00-0038597,Chase Brown,RB,CIN,17,15.14036090840617,11.74964494990122,7.346132435826753,26.4476386036961,163.0,model+realized+age_prior,8.102481789208744,0.9771428571428571,0.97,False,171.89119964370187,179.77551762292615,114.1353641606954,223.53925137355537,14.48725,23,38.22911302344542,58.82813573935067,49.558575517193304,14,3,9,15.9,3.4,3,1.9000000000000004
00-0032764,Derrick Henry,RB,BAL,17,16.36298256858361,11.194373102675325,10.002690814446469,32.6570841889117,45.0,model+realized+age_prior,10.137283644848825,0.9771428571428571,0.86,False,167.5521753907783,173.4546449299319,103.44898284563205,226.0493364571282,14.45675,23,33.89008877052186,61.33822082292349,48.986561399342754,15,3,10,15.3,2.6,3,0.3000000000000007
00-0034857,Josh Allen,QB,BUF,17,21.33885749850672,16.964828250168477,11.491085803403283,30.28062970568104,7.0,model+realized,11.86952041187513,0.9771428571428571,1.0,False,259.5318298694242,266.00327839796324,194.86185173399718,325.61831439314034,14.98075,8,41.50757215370723,52.193237157849865,47.38468790598568,16,3,1,27.5,6.7,5,11.5
00-0034844,Saquon Barkley,RB,PHI,17,15.261419016704547,11.348337799633283,7.804801501036925,29.557837097878167,2.0,model+realized+age_prior,8.43698609429397,0.9771428571428571,0.93,False,165.26539011552845,173.30497928799718,105.40899744333252,217.73154713693472,14.383,23,31.603303495272,53.02043150273002,43.382723899373914,17,3,11,17.8,3.1,3,0.8000000000000007
00-0036973,Travis Etienne,RB,NO,17,14.444589112683257,11.138298755082376,6.9443269271102315,27.59753593429158,25.0,model+realized+team_change_prior+age_prior,8.854204965400614,0.9771428571428571,0.97,True,163.92280722541753,171.4927514749542,98.86075226880298,217.85740333726386,14.38,23,30.260720605161083,53.14628770305916,42.84778250900503,18,3,12,38.6,5.2,7,20.6
00-0037247,George Pickens,WR,DAL,17,15.57143700443437,12.310190153483257,9.650632408415158,25.49486652977413,52.0,model+realized,10.0918649645898,0.9771428571428571,1.0,False,184.69298372049985,189.18960489194788,127.26507766721177,242.46507308137933,14.718,23,40.162306112763474,45.00373808620577,42.825093698156735,19,3,5,21.0,3.1,4,2.0
00-0036997,Javonte Williams,RB,DAL,17,14.00015576114739,10.932167433453513,6.891138811375596,26.351813826146476,35.0,model+realized+age_prior,7.58013643411621,0.9771428571428571,0.97,False,160.61233272394992,167.33975515497292,106.02044684652402,209.26663760825306,14.47825,23,26.950246103693473,44.55552197404836,36.633147832388666,20,4,13,33.0,4.6,6,13.0
00-0035700,Josh Jacobs,RB,GB,17,13.99142283496189,10.47535346774844,9.93655609649659,28.553045859000683,24.0,model+realized+age_prior,9.649389188583571,0.9771428571428571,0.93,False,156.48085587950584,162.82836759713922,97.03097153547724,210.2376877806241,14.48775,23,22.818769259249393,45.5265721464194,35.3080608471929,21,4,14,25.9,3.3,5,4.899999999999999
00-0036970,Kyle Pitts,TE,ATL,17,11.228298704300215,8.930939935375834,9.940636297541522,25.90280629705681,4.0,model+realized,9.563788177154235,0.9771428571428571,1.0,False,139.51117753250534,140.93596747595973,88.88570386289334,190.88959381093125,14.85,9,22.01872707528244,38.248942932536636,30.945345796772248,22,5,2,85.1,13.8,15,63.099999999999994
00-0038120,Breece Hall,RB,NYJ,17,12.65081159141062,10.272934361742333,8.022825342146508,25.253935660506503,36.0,model+realized,8.097673867814004,0.9771428571428571,1.0,False,151.07608444858033,156.8444621687228,97.53197250034233,199.79298662537818,14.501,23,17.413997828323886,35.081870991173474,27.13132806789116,23,6,15,28.4,3.3,5,5.399999999999999
00-0040734,TreVeyon Henderson,RB,NE,17,12.392986203586922,10.08236777074221,9.597054542011989,23.860369609856264,38.0,model+realized,9.11999712884672,0.9616,1.0,False,147.5291098373459,152.19762978588147,90.53196077910343,198.9480686472014,14.24475,23,13.867023217089468,34.23695301299671,25.07048460483845,24,6,16,57.6,6.0,10,33.6
00-0036275,D'Andre Swift,RB,CHI,17,12.811584637957246,10.080013615131536,7.330340855568965,27.630390143737166,35.0,model+realized+age_prior,7.656811092912392,0.9771428571428571,0.97,False,146.92030624434668,153.74532317877532,95.36570701953401,193.70626026351655,14.43275,23,13.25821962409023,28.995144629311852,21.913528376962123,25,7,17,46.1,4.4,8,21.1
00-0036139,Rico Dowdle,RB,PIT,17,12.23464078380448,9.175079194527012,9.801819308919436,28.216290212183434,300.0,model+realized+team_change_prior+age_prior,10.614113471825707,0.9771428571428571,0.93,True,141.19568560087313,145.52289820934536,77.91639225198078,197.52385284526696,14.3895,23,7.533598980616688,32.812737211062256,21.437125007361754,26,7,18,77.4,6.4,13,51.400000000000006
00-0040128,Tyler Warren,TE,IND,17,11.743846649161288,9.311997112012278,4.8783811803892965,24.27378507871321,14.0,model+realized,6.242021140572776,0.9616,1.0,False,136.85369857080593,141.28322169255105,100.37583534805955,173.83613898942446,14.5845,9,19.36124811358303,21.195488111029846,20.37008011217878,27,7,3,57.6,9.2,10,30.6
00-0030506,Travis Kelce,TE,KC,17,12.099486139837836,8.904620807545168,6.405265526938616,36.90622861054072,63.0,model+realized+age_prior,7.363472623927898,0.9771428571428571,0.93,False,133.9125494402287,137.70370011003362,92.03951127474691,176.23671405155716,14.794,9,16.4200989830058,23.59606317316255,20.366879287592013,28,7,4,94.2,17.3,16,66.2
00-0039064,Zay Flowers,WR,BAL,17,13.883561312598015,11.062629859517255,7.483054385822442,25.971252566735114,22.0,model+realized,8.263317955364238,0.9771428571428571,1.0,False,166.77121590756283,171.43026475354014,119.2440036817956,215.58591680459952,14.80375,23,22.240538299826454,18.124581809425962,19.976762230106182,29,7,6,28.4,4.2,5,-0.6000000000000014
00-0037239,Chris Olave,WR,NO,17,13.665543817141522,10.901486493310282,8.673230451832133,26.17932922655715,11.0,model+realized,9.026835915287313,0.9771428571428571,1.0,False,163.27883691117148,168.72564054562534,104.5607889471246,215.7917076269188,14.6045,23,18.748159303435102,18.330372631745234,18.518376634005676,30,7,7,23.6,3.5,4,-6.399999999999999
00-0026498,Matthew Stafford,QB,LAR,17,19.2417755978141,14.502254370501221,6.979441659785756,38.56536618754278,1.0,model+realized+team_change_prior+age_prior,9.715345766359361,0.9771428571428571,0.96,True,232.96454205750098,239.91242592030693,176.21727875508506,292.0247759235099,15.82725,8,14.940284341784007,18.599698688219405,16.952962232323475,31,7,2,97.2,14.0,17,66.2
00-0038134,Kenneth Walker III,RB,KC,17,11.934633104851407,9.646149195133974,6.529632680417518,25.864476386036962,41.0,model+realized+team_change_prior,7.990828173083292,0.9771428571428571,1.0,True,140.75404546355307,147.00457978677105,81.9451746115297,189.63316560670015,14.36175,23,7.091958843296624,24.922049972495444,16.898508964355976,32,7,19,22.7,4.0,4,-9.3
00-0039851,Drake Maye,QB,NE,17,19.72230895564763,15.769988022837847,5.388321794836115,24.005475701574266,3.0,model+realized,7.447162003856788,0.9771428571428571,1.0,False,237.98915104653443,245.3144364803519,195.74426718225084,284.93947705535334,15.01275,8,19.96489333081746,11.514399820062863,15.317121899902432,33,8,3,58.0,7.6,10,25.0
00-0035676,A.J. Brown,WR,NE,17,12.78728091050964,9.64642261240569,10.343902722348648,29.17180013689254,51.0,model+realized+team_change_prior+age_prior,11.475142716984976,0.9771428571428571,0.97,True,153.8509906240211,156.54750630290079,97.06301576595597,212.9346553946956,14.82,23,9.320313016284729,15.473320399522038,12.70446707706525,34,9,8,15.7,2.8,3,-18.3
00-0038041,Jake Ferguson,TE,DAL,17,10.397153513046986,8.31661522879736,7.089423564055701,27.619438740588638,129.0,model+realized,7.430591257970425,0.9771428571428571,1.0,False,126.3836521616573,129.70429141605035,84.33136970659703,168.22423617254591,14.77525,9,8.891201704434394,15.583585294151305,12.572012678778695,35,9,5,121.7,19.6,21,86.7
00-0036919,Kenneth Gainwell,RB,PIT,17,11.38221813631671,9.055219979824908,9.377915233016722,27.468856947296374,150.0,model+realized+age_prior,8.782206942334808,0.9771428571428571,0.97,False,134.8136499836586,139.73036086530078,78.73436832375674,185.024664257083,14.34075,23,1.151563363402147,20.3135486228783,11.690655256114033,36,9,20,,,,
00-0040730,RJ Harvey,RB,DEN,17,11.449914253678234,9.385314590374918,7.655971333464065,25.571526351813826,60.0,model+realized,7.62392831302098,0.9616,1.0,False,135.58503299371895,140.90339250812332,81.86855999604502,181.79981008010475,14.18075,23,1.9229463734625085,17.088694445900046,10.264107813303156,37,10,21,94.7,14.0,16,57.7
00-0039338,Brock Bowers,TE,LV,17,9.253403056996758,7.471234456934148,10.863697642634769,23.718001368925393,13.0,model+realized,9.72961926080063,0.9771428571428571,1.0,False,119.45465423148099,121.30333780092806,70.91248686612275,168.7167580450704,14.8545,9,1.9622037742580858,16.076107166675797,9.724850640087826,38,10,6,36.7,7.1,6,-1.2999999999999972
00-0036322,Justin Jefferson,WR,MIN,17,13.445538429496871,10.738873815485974,5.792248877493399,27.211498973305954,22.0,model+realized,7.021549057460238,0.9771428571428571,1.0,False,159.23270093620775,165.05622184557288,115.72469951196466,201.93193022686802,14.70525,23,14.70202332847137,4.47059523169446,9.074737875244068,39,10,9,12.6,2.6,2,-26.4
00-0037240,Jameson Williams,WR,DET,17,12.694716482981397,10.183918463713667,8.963254234405506,25.43463381245722,12.0,model+realized,9.020097788786746,0.9771428571428571,1.0,False,154.779025314147,159.56400397845783,103.68699478361667,204.9420185048077,14.74,23,10.248347706410613,7.480683509634133,8.726132398183548,40,10,10,49.8,5.8,9,9.799999999999997
00-0036971,Trevor Lawrence,QB,JAX,17,18.590808488234245,14.933661590401867,8.78550778605446,26.90485968514716,1.0,model+realized,9.566527336894355,0.9771428571428571,1.0,False,225.36292648618385,232.02138894180257,171.6849893290499,282.8892817808242,14.90525,8,7.338668770466882,9.464204545533732,8.50771344675365,41,10,4,88.1,10.6,15,47.099999999999994
00-0036912,DeVonta Smith,WR,PHI,17,12.830314047735474,10.284142750705811,7.798698986520312,27.797399041752225,10.0,model+realized,8.256686960600799,0.9771428571428571,1.0,False,153.92508562558942,158.32815944112198,104.63810936409422,202.61075870010268,14.664,23,9.394408017853038,5.14942370492912,7.059666645744883,42,11,11,28.5,3.1,5,-13.5
00-0037228,Jaylen Warren,RB,PIT,17,11.597363935335743,9.209470163556379,6.355486282130813,27.83299110198494,300.0,model+realized+age_prior,6.76713682430034,0.9771428571428571,0.97,False,134.30680192857432,140.055396358418,83.32376718118482,176.6697609076371,14.3905,23,0.6447153083178705,11.95864527343241,6.8673767891308675,43,11,22,64.0,5.5,11,21.0
00-0040663,Harold Fannin Jr.,TE,CLE,17,10.246424536938175,8.205206855151717,6.225345490058221,22.116358658453116,67.0,model+realized,6.807768572148976,0.9616,1.0,False,122.7777975661545,125.79296241568738,83.72694756539025,160.2616047282322,14.60975,9,5.285347108931603,7.620953849837576,6.569930816429888,44,11,7,70.4,9.2,12,26.400000000000006
00-0033090,Hunter Henry,TE,NE,17,10.170050568619015,7.904293834819647,7.275492706177848,31.734428473648187,35.0,model+realized+age_prior,7.504007803519433,0.9771428571428571,0.97,False,120.28873619601677,123.06917116982459,78.2716659392494,162.1514841875583,14.828,9,2.7962857387938698,9.5108333091637,6.489286902497277,45,11,8,149.3,15.0,25,104.30000000000001
00-0040129,Emeka Egbuka,WR,TB,17,12.726094792894042,10.207111127562145,8.421318361229226,23.88227241615332,19.0,model+realized,8.658173443855627,0.9616,1.0,False,151.15411145166078,156.11926442995343,99.75458902850337,200.71667523214248,14.4475,23,6.623433843924403,3.2553402369689195,4.770982360098887,46,12,12,42.2,6.0,7,-3.799999999999997
00-0036554,Nico Collins,WR,HOU,17,12.61353680088302,10.12391608998878,7.876664156563623,27.45516769336071,89.0,model+realized,8.264162066388423,0.9771428571428571,1.0,False,151.81316684639876,157.35132010146154,101.45581341851586,198.9888627604232,14.6635,23,7.282489238662379,1.52752776524963,4.117260428285367,47,13,13,24.3,3.0,4,-22.7
00-0038117,Wan'Dale Robinson,WR,TEN,17,12.345229835031724,9.627834178293991,8.590345983582214,25.65366187542779,43.0,model+realized+team_change_prior,9.997063829339732,0.9771428571428571,1.0,True,148.86844872184503,152.74799878243772,95.31593932654062,200.87726516269385,14.728,23,4.337771114108648,3.415930167520287,3.8307585934850494,48,13,14,91.3,14.3,16,43.3
00-0039732,Bo Nix,QB,DEN,17,18.235654346595204,14.671156355277358,8.369988228257938,26.5160848733744,12.0,model+realized,9.224110692351786,0.9771428571428571,1.0,False,221.79795883410426,228.04656560851794,169.27260364616788,277.0755748106635,14.9735,8,3.7737011183872937,3.6504975753730378,3.7059391697294526,49,13,5,119.2,10.9,20,70.2
00-0031381,Davante Adams,WR,LAR,17,12.84490017676453,8.787746957896674,8.7834277444046,33.686516084873375,53.0,model+realized+team_change_prior+age_prior,10.268771835414087,0.9771428571428571,0.88,True,146.36592926742392,149.0508864034457,88.54414459948285,202.42491620858496,15.6115,23,1.8352516596875432,4.963581213411402,3.5558329142356655,50,13,15,42.1,4.5,7,-7.899999999999999
00-0033077,Dak Prescott,QB,DAL,17,18.26332661345989,14.691609769916472,8.280775574645592,33.09240246406571,135.0,model+realized,9.168110413242337,0.9771428571428571,1.0,False,222.59358810269526,226.94209002535246,174.61210176184224,275.82050687659205,15.023,8,4.569330386978294,2.3954296413015754,3.373684976856098,51,13,6,62.0,8.6,11,11.0
00-0034351,Dallas Goedert,TE,PHI,17,9.82896095278415,7.659747410249346,7.863196102169681,31.66050650239562,49.0,model+realized+age_prior,7.8238786301313,0.9771428571428571,0.97,False,115.76048808110508,118.10444848215778,74.42399121617906,158.35370480707658,14.71925,9,-1.7319623761178207,5.713053928681973,2.3627965915220663,52,14,9,124.4,16.9,21,72.4
00-0037238,Drake London,WR,ATL,17,11.31909123045017,9.167151972712325,12.354732363135426,25.10609171800137,8.0,model+realized,11.03730746500673,0.9771428571428571,1.0,False,144.46224321281997,147.73307679981815,86.65872737988269,201.22889622888567,14.74875,23,-0.06843439491640879,3.767561233712115,2.04136320082928,53,14,16,11.2,2.0,2,-41.8
00-0039918,Caleb Williams,QB,CHI,17,18.010399545262658,14.504663676031562,8.227406138310293,24.78576317590691,1.0,model+realized,9.089186833205016,0.9771428571428571,1.0,False,220.15718905336232,225.75531489624157,167.89114710886125,273.8393692032693,15.00225,8,2.1329313376453456,0.4142919679788406,1.1876796843287678,54,15,7,100.1,14.4,17,46.099999999999994
00-0036358,CeeDee Lamb,WR,DAL,17,12.174622171580959,9.7995009292003,8.515738025423696,27.40041067761807,17.0,model+realized,8.606523804274442,0.9771428571428571,1.0,False,147.88256065146874,152.58137826536966,98.59321583221342,195.8540976170775,14.7145,23,3.3518830437323572,-1.6072373780960447,0.6243668117267359,55,15,17,11.6,2.5,2,-43.4
00-0034348,Courtland Sutton,WR,DEN,17,12.745683414896313,9.91494198403169,7.483943597108805,30.89390828199863,40.0,model+realized+age_prior,8.024873840322428,0.9771428571428571,0.97,False,148.9392914396613,153.3330836862406,101.5383189362259,194.45291949457865,14.7385,23,4.408613831924924,-3.008415500594907,0.32924769903901674,56,15,18,70.9,9.0,12,14.900000000000006
00-0038559,Michael Wilson,WR,ARI,17,11.516969902901458,9.313410121915451,10.602919964080927,26.521560574948666,94.0,model+realized,9.887645974678644,0.9771428571428571,1.0,False,144.53067760773638,147.67496262876915,90.919936063322,197.46133499517356,14.724,23,0.0,0.0,0.0,57,15,19,85.2,8.8,15,28.200000000000003
00-0036389,Jalen Hurts,QB,PHI,17,17.953165352224822,14.462360142047075,8.876809840318563,28.0684462696783,53.0,model+realized,9.521134186548847,0.9771428571428571,1.0,False,218.02425771571697,225.1229862238825,163.94452852262063,273.4250772352905,14.90925,8,0.0,0.0,0.0,58,15,8,86.6,15.6,15,28.599999999999994
adp:jeremiyah love,Jeremiyah Love,RB,ARI,0,10.573340689069344,10.573340689069344,,,,rookie_market_prior,2.2174376726351666,0.85,1.0,False,133.66208662025645,141.51393607387655,96.23211521526316,164.7111156342047,12.631,23,0.0,0.0,0.0,59,15,23,22.7,2.6,4,-36.3
00-0034383,Dalton Schultz,TE,HOU,17,9.926617332298825,7.729762788431823,5.639161911031065,30.140999315537304,137.0,model+realized+age_prior,6.334373376971341,0.9771428571428571,0.97,False,117.4924504572229,120.54909516447267,82.77744555475014,152.6406508783946,14.90325,9,0.0,0.0,0.0,60,15,10,174.0,18.8,29,114.0
00-0036252,Michael Pittman,WR,PIT,17,12.438835730408364,9.694945535457505,7.4894484600198785,28.906228610540726,34.0,model+realized+team_change_prior,9.15877672209125,0.9771428571428571,1.0,True,146.80366637475868,151.16362379920596,93.89179974567986,195.45241257726002,14.716,23,2.272988767022298,-2.0089224179135385,-0.08206238469241245,61,15,20,69.0,7.6,12,8.0
00-0036613,Jaylen Waddle,WR,DEN,17,12.183599640999917,9.511952356572927,7.274700923708944,27.76728268309377,6.0,model+realized+team_change_prior,8.929180276924077,0.9771428571428571,1.0,True,145.19332356032126,149.33911805118117,93.39680280111376,195.9538089591738,14.7035,23,0.6626459525848816,-1.5075260359997458,-0.5309486411366635,62,15,21,43.5,5.5,8,-18.5
00-0036410,Tee Higgins,WR,CIN,17,11.836557164358116,9.549626793426894,9.008615157660113,27.619438740588638,33.0,model+realized,8.870658550314104,0.9771428571428571,1.0,False,144.991944378902,148.70182235001448,94.62996667143031,194.9594933009786,14.71925,23,0.46126677116561154,-2.501841694194951,-1.168442884782698,63,15,22,33.3,5.9,6,-29.700000000000003
00-0036040,Juwan Johnson,TE,NO,17,9.728678784710683,7.822525212200963,4.82457709210321,29.965776865160848,300.0,model+realized,5.734165637518613,0.9771428571428571,1.0,False,117.26487514546265,120.78049357778428,82.94844543032195,150.5785290398868,14.82975,9,-0.2275753117602477,-2.0621218385078066,-1.236575901471405,64,15,11,162.9,15.7,27,98.9
00-0040124,Tetairoa McMillan,WR,CAR,17,12.509031926863642,10.046673357017935,7.084484912157569,23.408624229979466,8.0,model+realized,7.703525484917252,0.9616,1.0,False,147.08289937724825,153.0093185910709,99.74907397371737,191.74765439509184,14.419,23,2.552221769511874,-5.713680600081716,-1.994024533764601,65,15,23,33.0,3.4,6,-32.0
00-0039915,Ladd McConkey,WR,LAC,17,12.031059176548561,9.693389150263311,7.18183984292408,24.804928131416837,34.0,model+realized,7.669312898475228,0.9771428571428571,1.0,False,146.08855595823587,149.55424326271665,103.34217195738707,189.18047381330555,14.828,23,1.557878350499493,-8.280861181868005,-3.8534283923026313,66,16,24,38.1,5.6,7,-27.9
00-0039165,Zach Charbonnet,RB,SEA,17,10.102407681684394,8.389331471944688,7.044835404915642,25.645448323066393,52.0,model+realized,6.956689672157481,0.9771428571428571,1.0,False,122.9700258432657,127.62267872042204,75.06735247889547,165.07070507561798,14.377,23,-10.692060776990743,0.3595894414132772,-4.613653156868532,67,16,24,153.5,22.7,26,86.5
00-0034753,Mark Andrews,TE,BAL,17,9.219358039405687,7.222688625831483,6.786150472491316,30.986995208761122,86.0,model+realized+age_prior,6.948925390828591,0.9771428571428571,0.97,False,110.33047628347514,112.52341651018813,73.56675195223137,146.9259559276758,14.9035,9,-7.161974173747765,-5.714694950718808,-6.365970601081839,68,17,12,133.2,17.3,23,65.19999999999999
00-0037256,Rachaad White,RB,WAS,17,10.377532356094525,8.251554917822085,5.498054468734961,27.63586584531143,91.0,model+realized+team_change_prior+age_prior,6.849701438813338,0.9771428571428571,0.97,True,121.17836992290034,126.58793053221751,72.27537740491928,162.93431434935047,14.38825,23,-12.483716697356101,-1.7768012848542298,-6.594913220480072,69,17,25,105.4,12.4,18,36.400000000000006
00-0040784,Quinshon Judkins,RB,CLE,17,9.78187029343244,8.152412532801941,7.714343973480601,22.84188911704312,36.0,model+realized,7.352090536958727,0.9616,1.0,False,119.17737808756446,122.82275528864656,71.67491047654474,162.19843002394015,14.21525,23,-14.484708532691982,-2.5126856102645547,-7.900095925356896,70,18,26,47.7,5.5,8,-22.299999999999997
00-0040126,Colston Loveland,TE,CHI,17,8.443349903499557,6.87249951739274,8.602244064264655,22.39561943874059,10.0,model+realized,8.00239116743839,0.9616,1.0,False,105.64391031070782,107.64497139302756,63.2863536682807,146.27218146404346,14.60575,9,-11.848540146515077,-6.3684694143511535,-8.834501243824919,71,18,13,49.3,10.1,9,-21.700000000000003
00-0035261,Tony Pollard,RB,TEN,17,10.730989171743332,8.234159719249075,5.619471139026603,29.338809034907598,128.0,model+realized+age_prior,6.104838594287289,0.9771428571428571,0.93,False,120.13721459083429,125.92233676825788,75.12889370734266,158.71826244534682,14.416,23,-13.524872029422156,-5.992853188857879,-9.382261667111804,72,18,27,66.6,9.3,11,-5.400000000000006
00-0035685,David Montgomery,RB,HOU,17,10.174915310698319,7.773400188765694,6.721701684053806,29.234770704996578,73.0,model+realized+team_change_prior+age_prior,7.763075670763458,0.9771428571428571,0.93,True,116.92933854819925,121.79579479703949,65.84027877294417,161.06512315848104,14.46325,23,-16.73274807205719,-3.6459924757236593,-9.535032494073748,73,18,28,55.6,7.0,10,-17.4
00-0036355,Justin Herbert,QB,LAC,17,17.127137630164107,13.85181791269785,8.665242435765329,28.479123887748116,6.0,model+realized,9.238036460544393,0.9771428571428571,1.0,False,209.67998034563738,215.19003320858127,158.08651850377726,262.6045346113789,14.9615,8,-8.344277370079595,-10.820542623911592,-9.706223259687194,74,18,9,88.6,16.0,15,14.599999999999994
00-0033288,George Kittle,TE,SF,17,8.428369308798024,6.381127020643454,9.744164920607615,32.8952772073922,146.0,model+realized+age_prior,8.775393976231406,0.9771428571428571,0.93,False,102.53787047660843,104.28160159534383,56.36212537701844,147.1566468267448,14.73825,9,-14.954579980614469,-5.484004051649805,-9.745763219683903,75,18,14,106.1,18.4,18,31.099999999999994
00-0033106,Jared Goff,QB,DET,17,17.23893180653706,13.934448390886555,7.5179776692468385,31.88227241615332,1.0,model+realized,8.476739993387161,0.9771428571428571,1.0,False,209.8547776477488,215.6849226265922,162.539518300134,261.09053473076153,14.933,8,-8.16948006796818,-12.33454250452894,-10.460264408076599,76,18,10,101.4,15.1,17,25.400000000000006
00-0036875,Rhamondre Stevenson,RB,NE,17,9.300077588175576,7.250563539414021,10.358525190279119,28.520191649555098,120.0,model+realized+age_prior,9.060152055651702,0.9771428571428571,0.93,False,113.03216352082082,115.73497682247495,61.881043674880736,161.9321651806118,14.50075,23,-20.62992309943563,-2.7789504535928984,-10.811888144222127,77,18,29,70.6,6.2,12,-6.400000000000006
00-0039793,AJ Barner,TE,SEA,17,8.445211766172765,6.8738756767598925,6.492875054287449,24.331279945242983,121.0,model+realized,6.568455657305733,0.9771428571428571,1.0,False,105.14780364840209,107.32947761705714,69.35781456064366,141.43099185126948,14.87875,9,-12.344646808820812,-11.209659027125127,-11.720403528888186,78,18,15,,,,
00-0033873,Patrick Mahomes,QB,KC,17,16.222247192961476,13.182985850417646,10.781411153953282,30.95687885010267,10.0,model+realized,10.524506517800424,0.9771428571428571,1.0,False,200.7307210597047,204.94978692787868,142.87538503867825,262.63268206082705,14.89925,8,-17.293536656012265,-10.792395174463422,-13.717908841160401,79,19,11,103.4,16.4,18,24.400000000000006
00-0034827,DJ Moore,WR,BUF,17,11.128886076733398,8.493095530462163,8.197783595725918,29.38261464750171,24.0,model+realized+team_change_prior+age_prior,9.396216953488393,0.9771428571428571,0.97,True,131.1925000513145,133.87525705624287,79.47930206452507,180.2821163239081,14.68975,23,-13.338177556421869,-17.17921867126546,-15.450750169585845,80,20,25,69.0,11.0,12,-11.0
00-0030279,Keenan Allen,WR,LAC,17,12.351181582533883,8.738401199776948,6.805890614667821,34.34633812457221,76.0,model+realized+age_prior,7.48091969201947,0.9771428571428571,0.88,False,131.7504005301917,134.79341451556783,87.47965406717653,174.41843611479834,14.7425,23,-12.780277077544667,-23.04289888037522,-18.42471906910147,81,21,26,,,,
00-0035640,DK Metcalf,WR,PIT,17,10.671391951147864,8.68841772279323,6.976467798332941,28.71457905544148,64.0,model+realized,7.244016966718648,0.9771428571428571,1.0,False,131.51737166716842,135.6026787778614,88.62190269091745,173.6398416754073,14.75,23,-13.01330594056796,-23.82149331976626,-18.957808999127025,82,21,27,60.5,8.4,10,-21.5
00-0040583,Woody Marks,RB,HOU,17,8.981214354777087,7.560623360752331,7.065403489581343,25.672826830937716,116.0,model+realized,6.761277009822654,0.9616,1.0,False,109.83129025635613,114.22126259829341,64.81220329298367,148.9300919908109,14.25275,23,-23.83079636390032,-15.781023643393809,-19.40342136762174,83,21,30,138.8,22.1,23,55.80000000000001
00-0039384,Tyrone Tracy Jr.,RB,NYG,17,8.8389296744253,7.23179273040798,8.001098270200897,26.77344284736482,166.0,model+realized+age_prior,7.370975752647828,0.9771428571428571,0.97,False,107.63009022324489,111.94042690034286,59.53559736647072,150.28090456070856,14.336,23,-26.031996397011554,-14.430211073496139,-19.651014469078078,84,21,31,158.4,16.7,27,74.4
00-0034855,Baker Mayfield,QB,TB,17,16.486793872400934,13.378520352612028,6.243110320232074,31.38398357289528,1.0,model+realized,7.4830528688599784,0.9771428571428571,1.0,False,201.17353362142086,206.66144681410307,158.0974897573636,247.47856773016912,14.9765,8,-16.850724094296112,-25.946509505121355,-21.853406070249996,85,21,12,130.6,11.7,22,45.599999999999994
00-0040242,Jacory Croskey-Merritt,RB,WAS,17,8.610977025076684,7.286969682278121,7.468610785067296,25.388090349075977,245.0,model+realized,6.966310830917684,0.9616,1.0,False,106.4839233787413,109.96992714681622,62.85910713883768,147.1099283482967,14.24,23,-27.17816324151515,-17.601187285907997,-21.910826465931216,86,21,32,122.1,15.4,21,36.099999999999994
00-0031588,Stefon Diggs,WR,NE,17,11.376134648216826,8.564662483965543,6.811641203289627,32.75564681724846,146.0,model+realized+age_prior,7.279989327459832,0.9771428571428571,0.93,False,129.48567076025031,133.1094057941778,89.2748257747069,169.11216419324242,14.7835,23,-15.045006847486064,-28.349170801931137,-22.362297022430855,87,21,28,,,,
00-0038563,Tre Tucker,WR,LV,17,9.98849622968121,8.183668711274398,8.93790260302586,25.4839151266256,100.0,model+realized,8.434327866260265,0.9771428571428571,1.0,False,126.2017174459766,129.48452093515493,79.94049020378834,171.40219678885285,14.75575,23,-18.32896016175978,-26.05913820632071,-22.58055808626829,88,21,29,135.7,9.2,23,47.69999999999999
00-0040189,Oronde Gadsden II,TE,LAC,17,7.46420014413097,6.14878013003335,7.6332958728424085,23.186858316221766,165.0,model+realized,7.114521673525477,0.9616,1.0,False,93.69154399778182,95.27623143896601,55.78882630532208,130.7711294163619,14.6,9,-23.80090645944108,-21.869521462032708,-22.738644710866474,89,21,16,166.2,28.5,28,77.19999999999999
00-0038129,Cade Otton,TE,TB,17,7.622417674254022,6.26572352186343,6.212576191981589,27.381245722108144,106.0,model+realized,6.185433165105344,0.9771428571428571,1.0,False,95.72040367505299,98.0315100185424,61.566109074817774,128.4762926136057,14.8385,9,-21.77204678216991,-24.164358264788916,-23.087818097610363,90,21,17,,,,
00-0037816,Romeo Doubs,WR,NE,17,10.14698929493159,8.051791286717853,7.463977216092834,26.38466803559206,132.0,model+realized+team_change_prior,8.585158593247815,0.9771428571428571,1.0,True,124.72726092135248,126.1904543992377,78.39483553066849,171.07329257677995,14.77475,23,-19.803416686383898,-26.38804241839361,-23.42496083898924,91,21,30,103.6,7.5,18,12.599999999999994
00-0035719,Deebo Samuel Sr.,WR,WAS,17,10.62984013886748,8.397974348304933,7.302462316393899,30.628336755646817,36.0,model+realized+age_prior,7.456963910485021,0.9771428571428571,0.97,False,125.81535419895356,129.38027368607374,82.0253739463343,169.1573535223609,14.66025,23,-18.715323408782822,-28.303981472812666,-23.989085343999236,92,21,31,,,,
00-0039361,Bucky Irving,RB,TB,17,8.119492995080243,6.923698877498143,8.188873369323982,24.035592060232716,125.0,model+realized,7.36429768536979,0.9771428571428571,1.0,False,103.86899675283648,107.31313138300501,58.57279998593602,144.32427770415396,14.43825,23,-29.793089867419965,-20.386837930050746,-24.619651301866895,93,21,33,44.7,5.1,8,-48.3
00-0039847,Theo Johnson,TE,NYG,17,7.25127334128419,5.991399449668338,6.13863129025087,25.51129363449692,107.0,model+realized,6.048354529757409,0.9771428571428571,1.0,False,91.95077324314626,94.48263177210606,57.61298089767263,123.94347058331273,14.815,9,-25.541677214076643,-28.69718029508188,-27.277203908629524,94,21,18,,,,
00-0040236,Kyle Monangai,RB,CHI,17,8.360907626413693,7.1021357789185195,6.2796063477222,24.238193018480494,233.0,model+realized,6.1110837610388975,0.9616,1.0,False,103.11939966757295,106.94009114902617,64.631438590479,139.59043428936468,14.2265,23,-30.542686952683496,-25.120681344840023,-27.560583868369584,95,21,34,99.5,13.6,17,4.5
00-0034960,Jakobi Meyers,WR,JAX,17,10.766433590894167,8.495905914562327,4.986363758232222,29.809719370294317,300.0,model+realized+age_prior,5.9107128502762425,0.9771428571428571,0.97,False,126.4922336563177,130.98621123059183,89.81072898200276,161.36721533747655,14.755,23,-18.038443951418685,-36.09411965769701,-27.96906558987176,96,21,32,89.5,9.9,15,-6.5
00-0037664,Alec Pierce,WR,IND,17,9.647673671250047,7.931756385477452,8.76265051897239,26.33264887063655,53.0,model+realized,8.243555430649662,0.9771428571428571,1.0,False,120.68897184342741,123.06604640407838,75.06673301911239,165.17307539537254,14.68425,23,-23.84170576430897,-32.28825959980102,-28.4873103738296,97,21,33,67.6,8.8,12,-29.400000000000006
00-0035229,T.J. Hockenson,TE,MIN,17,7.4773182338439765,6.1584761093864415,4.529478609132428,29.163586584531142,8.0,model+realized,5.006993740858683,0.9771428571428571,1.0,False,92.1778070608691,94.57247716518266,63.54977335929841,121.12165303253774,14.81975,9,-25.3146433963538,-31.518997845856873,-28.72703834358049,98,21,19,160.7,20.6,27,62.69999999999999
00-0038996,Tucker Kraft,TE,GB,17,6.017160121028597,5.079228808609857,9.971739478912097,25.82614647501711,78.0,model+realized,8.366257421174202,0.9771428571428571,1.0,False,84.00275876069782,84.03733872075532,43.02752367606155,125.7808320304054,14.74925,9,-33.489691696525085,-26.859818847989203,-29.84326162983035,99,21,20,88.2,24.9,15,-10.799999999999997
00-0039868,Troy Franklin,WR,DEN,17,9.751251569592203,8.00831396251296,7.625306165502278,23.567419575633128,102.0,model+realized,7.4919212237531205,0.9771428571428571,1.0,False,120.12074452355213,123.3203644036453,76.7137729907182,162.78400078952492,14.6505,23,-24.409933084184246,-34.677334205648634,-30.05700370098966,100,21,34,171.3,7.9,29,71.30000000000001
00-0030061,Zach Ertz,TE,WAS,17,7.369524746897478,5.653286476137036,6.7704266092018335,35.80835044490075,35.0,model+realized+age_prior,6.5056297122687585,0.9771428571428571,0.93,False,86.88168871193233,88.49862685791155,51.75701676707317,121.35593045121125,14.75225,9,-30.610761745290574,-31.28472042718336,-30.981439020331607,101,21,21,,,,
00-0033923,Kareem Hunt,RB,KC,17,9.411761410673009,6.775814262299107,6.050425361809162,31.071868583162217,86.0,model+realized+age_prior,6.151502730498115,0.976,0.86,False,99.09338570718172,102.41963407442266,56.993448641752174,136.21875527774185,14.325,23,-34.56870091307472,-28.492360356462854,-31.226713606938194,102,21,35,,,,
00-0038544,Quentin Johnston,WR,LAC,17,9.411144717491172,7.756930637046979,8.643116097933252,24.985626283367555,21.0,model+realized,8.112581317070006,0.9771428571428571,1.0,False,118.25947509204367,120.7397870092897,71.8298334816133,161.6114592950016,14.64525,23,-26.271202515692707,-35.849875700171964,-31.539472767156298,103,21,35,101.3,10.3,17,-1.7000000000000028
00-0038933,Dalton Kincaid,TE,BUF,17,6.5098506689420335,5.4433913875023965,7.345937252498626,26.872005475701574,25.0,model+realized,6.695932901679577,0.9771428571428571,1.0,False,85.50745713941853,85.82942370303923,50.362849081158274,120.16100561864047,14.9025,9,-31.984993317804367,-32.479645259754136,-32.25705188587674,104,21,22,138.7,17.9,23,34.69999999999999
00-0037809,Chig Okonkwo,TE,WAS,17,7.236641126598972,5.7413609610875715,4.482670881884384,26.981519507186857,143.0,model+realized+team_change_prior,5.656711483614796,0.9771428571428571,1.0,True,87.24538109485268,88.69840814281517,55.79852411705962,118.2859941458008,14.85075,9,-30.247069362370226,-34.35465673259381,-32.5062424159932,105,21,23,164.1,15.6,28,59.099999999999994
00-0039738,Blake Corum,RB,LAR,17,6.979507217727269,6.020289687294876,6.492965650700493,25.765913757700204,83.0,model+realized+team_change_prior,6.89789747422945,0.9771428571428571,1.0,True,95.65212252526814,98.67545153327978,51.20768028013337,135.34711047581433,15.204,23,-38.009964094988305,-29.36400515839037,-33.25468667985944,106,21,36,116.2,14.5,20,10.200000000000003
00-0037261,Khalil Shakir,WR,BUF,17,9.72821975028444,7.991290443894177,6.156894748262022,26.576317590691307,148.0,model+realized,6.488562866813146,0.9771428571428571,1.0,False,119.29169759027752,123.71132761686809,78.59746819643122,157.4882397484393,14.62225,23,-25.238980017458857,-39.97309524673426,-33.342743393560326,107,21,36,105.7,10.4,18,-1.2999999999999972
00-0040666,Omarion Hampton,RB,LAC,17,7.049783922855759,6.133044345853959,9.632317691897784,23.463381245722108,22.0,model+realized,8.146056288953403,0.9616,1.0,False,93.67108749567406,95.41210108624222,48.40570657179463,136.72558900109885,14.237,23,-39.99099912458239,-27.98552663310585,-33.387989254270295,108,21,37,18.1,3.2,3,-89.9
00-0039065,Sam LaPorta,TE,DET,17,6.403098603185095,5.3644876867255284,7.627162181386763,25.634496919917865,34.0,model+realized,6.862200732255198,0.9771428571428571,1.0,False,83.98250291094706,85.64164256904854,47.24499887670464,118.81092253769967,14.787,9,-33.50994754627584,-33.82972834069494,-33.68582698320635,109,21,24,74.0,11.7,13,-35.0
00-0039893,Brian Thomas Jr.,WR,JAX,17,9.737566960188351,7.9981992512144595,5.966672143715309,23.89869952087611,23.0,model+realized,6.361175185425214,0.9771428571428571,1.0,False,119.49809009575719,123.55300724790737,80.87489013269217,155.8811283734442,14.69025,23,-25.032587511979187,-41.58020662172936,-34.13377802234178,110,21,37,81.8,8.0,14,-28.200000000000003
00-0036244,Colby Parkinson,TE,LA,17,6.33763229350372,5.3160995447871215,7.499578419523876,27.64955509924709,133.0,model+realized,6.760133772124285,0.9771428571428571,1.0,False,83.14634692135864,84.31051901559577,46.77125498646311,118.23002891173002,14.752,9,-34.34610353586426,-34.41062196666459,-34.38158867280444,111,21,25,,,,
00-0039391,Kimani Vidal,RB,LAC,17,7.207800790914819,6.249839422245438,8.247343600856475,25.010266940451746,181.0,model+realized,7.233785827090966,0.9771428571428571,1.0,False,94.21379911483886,96.86293829350956,50.97236087262596,133.80115058396711,14.46925,23,-39.44828750541758,-30.909965050237588,-34.75221015506858,112,21,38,,,,
00-0036555,Chuba Hubbard,RB,CAR,17,7.843600774851827,6.518185184583347,6.385680211591079,27.225188227241617,126.0,model+realized+age_prior,6.08659950275131,0.9771428571428571,0.97,False,96.22534236468907,99.7993361877285,56.06456854601673,131.414083266886,14.4045,23,-37.436744255567376,-33.29703236731871,-35.159902717030604,113,21,39,81.3,9.2,14,-31.700000000000003
adp:jadarian price,Jadarian Price,RB,SEA,0,8.053622360015552,8.053622360015552,,,,rookie_market_prior,2.2174376726351666,0.85,1.0,False,101.60281207243685,106.86952745314493,72.97092379501613,125.48533808606845,12.61775,23,-32.0592745478196,-39.22577754813625,-36.000851197993754,114,21,40,69.1,8.5,12,-44.900000000000006
00-0036894,Pat Freiermuth,TE,PIT,17,6.42500724722359,5.380681032319199,6.535311325227519,27.852156057494867,55.0,model+realized,6.124865722589705,0.9771428571428571,1.0,False,82.4219635806326,83.80002974744545,48.465218432292495,114.8996275229096,14.73175,9,-35.070486876590294,-37.74102335548501,-36.53928193998239,115,21,26,,,,
00-0039919,Rome Odunze,WR,CHI,17,8.510212524435072,7.0910242334837745,9.515413193093305,24.246406570841888,9.0,model+realized,8.516472822603216,0.9771428571428571,1.0,False,111.387434990185,113.35918332563391,64.8282547476647,156.7552610081703,14.717,23,-33.14324261755138,-40.706073987003265,-37.30279987074992,116,21,38,56.5,6.8,10,-59.5
00-0037525,Jordan Mason,RB,MIN,17,7.75378082819528,6.4537881880456744,5.672216860950139,27.274469541409992,300.0,model+realized+age_prior,5.584669259000575,0.9771428571428571,0.97,False,94.73738086796065,98.5013290073056,56.12726279121453,128.29922021281396,14.4035,23,-38.92470575229579,-36.41189542139074,-37.54266007029801,117,21,41,120.3,13.7,20,3.299999999999997
00-0038606,Parker Washington,WR,JAX,17,9.027562281490933,7.47341318435115,7.853029576501783,24.449007529089666,185.0,model+realized,7.4947383415723685,0.9771428571428571,1.0,False,113.7901558922881,116.29552526332421,70.1279076260111,154.25376354702573,14.682,23,-30.74052171544828,-43.20757144814783,-37.597399068433035,118,21,39,76.0,8.2,13,-42.0
00-0034869,Sam Darnold,QB,SEA,17,14.745656743487046,12.091592909501763,7.976384076834344,29.240246406570844,3.0,model+realized,8.368199993148846,0.9771428571428571,1.0,False,183.88381903289715,188.29619870739694,138.5634283410637,231.79139137401518,15.01325,8,-34.14043868281982,-41.633685861275296,-38.261724630970335,119,21,13,150.9,17.2,25,31.900000000000006
00-0035689,Dawson Knox,TE,BUF,17,6.462982481686028,5.408749683878392,5.297405025104273,29.796030116358658,96.0,model+realized,5.291970356352592,0.9771428571428571,1.0,False,81.81245461191673,83.8099510818792,51.05131157321883,111.08282560577237,14.779,9,-35.679995845306166,-41.55782527262224,-38.912802030330006,120,21,27,,,,
00-0038935,Brenton Strange,TE,JAX,17,6.245526088652281,5.2480210455491,6.064966902581726,25.678302532511978,61.0,model+realized,5.7630579119498035,0.9771428571428571,1.0,False,80.23995534804659,81.60502455581096,49.25558682782654,110.64138015977667,14.7715,9,-37.25249510917631,-41.999270718617936,-39.8632216943692,121,21,28,147.2,17.3,25,26.19999999999999
00-0040715,Cam Skattebo,RB,NYG,17,6.256353570958536,5.546595824886447,9.997179749368142,24.569472963723477,105.0,model+realized,8.245977972072371,0.9616,1.0,False,86.72291659924704,88.09302827359625,40.03321286687137,130.1169666604705,14.1365,23,-46.9391700210094,-34.59414897373421,-40.14940844500804,122,21,42,36.8,5.3,6,-85.2
00-0033881,Evan Engram,TE,DEN,17,6.732190789563354,5.439497845401045,4.095442229945813,31.99726214921287,23.0,model+realized+age_prior,4.537592919760506,0.9771428571428571,0.97,False,81.31042865548469,83.42934901307231,53.90936376410506,107.2512548302124,14.806,9,-36.182021801738216,-45.389396048182206,-41.24607763728241,123,21,29,,,,
00-0036259,Jauan Jennings,WR,MIN,17,9.095303673511356,7.078845068972704,6.576612975939372,29.144421629021217,217.0,model+realized+team_change_prior+age_prior,7.637157321636948,0.9771428571428571,0.97,True,107.19668104345708,109.76275926907347,62.723804506811796,149.98779726897467,14.60025,23,-37.3339965642793,-47.473537726198884,-42.91074420333507,124,21,40,135.6,11.8,23,11.599999999999994
00-0037263,Tyler Allgeier,RB,ARI,17,7.089497373537239,5.917750574615741,5.3498763042324855,26.379192334017795,151.0,model+realized+team_change_prior+age_prior,6.027625183157146,0.9771428571428571,0.97,True,87.75709382302324,90.44461972531114,50.680305954397916,122.28772617988855,14.4345,23,-45.904992797233206,-42.42338945431615,-43.990110958628826,125,21,43,161.7,21.2,27,36.69999999999999
00-0036158,J.K. Dobbins,RB,DEN,17,6.911841635360496,5.850154392834996,6.635155922632645,27.707049965776864,55.0,model+realized+age_prior,6.082223582102055,0.9771428571428571,0.97,False,87.05922992017813,89.92391940146817,48.99692652717548,121.39967306976823,14.388,23,-46.60285670007832,-43.311442564436476,-44.792578925475304,126,21,44,91.7,10.9,16,-34.3
adp:kenny gainwell,Kenny Gainwell,RB,TB,0,7.32358580563049,7.32358580563049,,,,rookie_market_prior,2.2174376726351666,0.85,1.0,False,92.52133460192498,97.46043294744882,63.63461511406704,115.76547907245246,12.647,23,-41.14075201833147,-48.94563656175224,-45.43343851721289,127,21,45,95.4,11.7,16,-31.599999999999994
00-0036264,Jordan Love,QB,GB,17,14.007780433858658,11.546206071950346,8.668102614827333,27.83025325119781,26.0,model+realized,8.714195153514634,0.9771428571428571,1.0,False,175.60380411460773,178.8942245374969,128.66201066031167,225.18719053454308,14.968,8,-42.420453601109244,-48.237886700747396,-45.620041805910226,128,21,14,135.3,10.3,23,7.300000000000011
00-0039067,Rashee Rice,WR,KC,17,7.412494099821025,6.2796671370299135,11.04404617349787,26.360027378507873,55.0,model+realized,9.325331292311194,0.9771428571428571,1.0,False,101.0576163837227,103.21004116725649,51.72897788002575,147.69644827959564,14.552,23,-43.47306122401368,-49.764886715577916,-46.93356524437401,129,21,41,23.8,4.7,4,-105.2
00-0040736,Mason Taylor,TE,NYJ,17,5.805950961989264,4.923117691059044,5.404484793424156,22.316221765913756,42.0,model+realized,5.211130696952385,0.9616,1.0,False,74.1881563757592,75.33738662850175,46.57444696604965,102.71870221798062,14.6495,9,-43.304294081463695,-49.92194866041399,-46.94400409988636,130,21,30,,,,
00-0038994,Jordan Addison,WR,MIN,17,8.506480259434873,7.088265602831454,6.357782401028171,24.594113620807665,23.0,model+realized,6.368499798648514,0.9771428571428571,1.0,False,106.17941901654474,110.10223344921499,66.08786591711193,143.23038244340356,14.5955,23,-38.35125859119164,-54.23095255177,-47.085090269509735,131,21,42,93.9,9.9,16,-37.099999999999994
00-0034796,Lamar Jackson,QB,BAL,17,13.396480258450843,11.094375507518482,10.682269118937782,29.648186173853524,32.0,model+realized,9.98079009192596,0.9771428571428571,1.0,False,171.64047068303418,174.56195420199055,121.10136985233088,225.0963678167234,14.99325,8,-46.38378703268279,-48.32870941856709,-47.45349434491915,132,21,15,53.8,8.6,9,-78.2
adp:kenyon sadiq,Kenyon Sadiq,TE,NYJ,0,6.168749988024443,6.168749988024443,,,,rookie_market_prior,2.0999999999999996,0.85,1.0,False,79.38359725199658,82.4289835702224,61.03015616910781,97.3807430775146,12.89025,9,-38.108853205226325,-55.259907800880015,-47.54193323283586,133,21,31,158.9,14.3,27,25.900000000000006
00-0038997,Josh Downs,WR,IND,17,8.633247006035619,7.181962763362439,4.824744735704251,25.05407255304586,79.0,model+realized,5.352665722017795,0.9771428571428571,1.0,False,106.25399778758084,109.94203736924038,73.57911079612708,137.61682921426734,14.7015,23,-38.276679820155536,-59.84450578090622,-50.138984098568415,134,21,43,92.0,8.6,16,-42.0
00-0033858,Jonnu Smith,TE,PIT,17,5.909273806134756,4.849502147282019,3.916452851902659,31.028062970568104,100.0,model+realized+age_prior,4.223432137354749,0.9771428571428571,0.97,False,73.04875996701948,74.99261480032612,48.80701734906087,96.84034907545865,14.87125,9,-44.44369049020342,-55.80030180293596,-50.68982671220632,135,21,32,,,,
00-0036290,Cole Kmet,TE,CHI,17,5.798856139539963,4.9178736918573875,3.3570382604839253,27.479808350444902,43.0,model+realized,3.817207853860761,0.9771428571428571,1.0,False,73.25463590898514,75.51170368321687,50.20728438800843,95.63390120963987,14.7795,9,-44.237814548237765,-57.006749668754736,-51.2607288645221,136,21,33,,,,
00-0039032,Tyjae Spears,RB,TEN,17,6.2364518975715235,5.531885892383002,6.101615022463556,25.21286789869952,81.0,model+realized,5.593277034381752,0.9771428571428571,1.0,False,81.04785932858535,83.49981342652629,45.77943285925044,113.36226470608158,14.39425,23,-52.6142272916711,-51.34885092812313,-51.918270291719715,137,21,46,122.3,13.9,21,-14.700000000000003
00-0036407,Jerry Jeudy,WR,CLE,17,8.4059114319359,7.013932121636561,5.216679978683761,27.356605065023956,15.0,model+realized,5.571422352558545,0.9771428571428571,1.0,False,103.40586775550823,106.96941159011966,68.07293738613127,136.27584751795106,14.593,23,-41.124809852228154,-61.185487477222495,-52.158182545975045,138,21,44,145.1,14.1,25,7.099999999999994
00-0039849,Marvin Harrison Jr.,WR,ARI,17,7.818123717057932,6.579480332378932,7.727405393639385,24.057494866529773,4.0,model+realized,7.155231440448856,0.9771428571428571,1.0,False,99.86532978383246,102.2006682325433,60.12437821072033,138.90163448061568,14.7235,23,-44.665347823903915,-58.559700514557875,-52.307241803763596,139,21,45,68.8,9.5,12,-70.2
00-0035250,Devin Singletary,RB,NYG,17,6.4886687105387,5.31802552396015,6.327420485474314,28.993839835728952,74.0,model+realized+age_prior,5.793929862182418,0.9771428571428571,0.93,False,79.77135604066967,81.9582262083334,43.60082387602576,112.83942465130146,14.4555,23,-53.89073057958677,-51.871690982903246,-52.78025880141083,140,21,47,,,,
00-0035710,Daniel Jones,QB,IND,17,13.073600890989002,10.855725540264078,9.780104805164411,29.26488706365503,6.0,model+realized,9.312895118677968,0.9771428571428571,1.0,False,167.2959051515141,170.17988083737163,117.64404846275558,218.30917286063777,14.968,8,-50.72835256420288,-55.1159043746527,-53.14150605995028,141,21,16,161.5,12.1,27,20.5
00-0033906,Alvin Kamara,RB,NO,17,7.19114932897155,5.3642773651480065,5.9437498067050125,31.104722792607802,67.0,model+realized+age_prior,5.664232147349358,0.9771428571428571,0.86,False,79.69224679975807,81.86069415071255,44.33877382920591,112.087036245893,14.447,23,-53.96983982049838,-52.6240793883117,-53.2296715827957,142,21,48,154.7,21.9,26,12.699999999999989
00-0038797,Emanuel Wilson,RB,GB,17,6.042487751524792,5.226865456119747,6.939655865344605,27.318275154004105,300.0,model+realized+age_prior,6.126919216943063,0.9771428571428571,0.97,False,77.72830741777024,79.42391922171657,39.7002446597421,113.60115745239955,14.36375,23,-55.93377920248621,-51.109958181805155,-53.28067764111162,143,21,49,,,,
00-0037545,Rashid Shaheed,WR,SEA,18,8.022847133862538,6.784633036010678,5.649466398540246,28.00273785078713,300.0,model+realized,5.794732802726568,0.9776744186046511,1.0,False,101.45951845476249,104.11891345957275,67.26359458839225,134.6573976311747,14.7145,23,-43.07115915297389,-62.80393736399887,-53.92418716903762,144,21,46,128.7,9.1,22,-15.300000000000011
00-0039150,Bryce Young,QB,CAR,17,13.469696644950861,11.148491967105452,8.151677019809734,25.10335386721424,1.0,model+realized,8.272328522410303,0.9771428571428571,1.0,False,168.37876114575562,172.72193459909388,121.82362447741906,215.6657445458334,14.88875,8,-49.64549656996135,-57.75933268945707,-54.10810643568399,145,21,17,165.9,18.9,28,20.900000000000006
00-0040691,Jaxson Dart,QB,NYG,17,12.814573493414281,10.664270507274066,11.448845176800713,23.304585900068446,25.0,model+realized,10.403977961222026,0.9616,1.0,False,163.15356929310266,165.34835225427673,107.97079856916264,218.74171589765498,14.735,8,-54.87068842261431,-54.68336133763549,-54.76765852587596,146,21,18,116.4,13.9,20,-29.599999999999994
00-0033293,Aaron Jones,RB,MIN,17,7.060693860112496,5.281353062768904,5.963245267272431,31.748117727583846,182.0,model+realized+age_prior,5.6531246277137175,0.9771428571428571,0.86,False,77.61671545841455,79.96956947805879,41.13577970840506,110.77242474063094,14.33025,23,-56.0453711618419,-53.938690893573764,-54.88669701429443,147,21,50,99.4,12.9,17,-47.599999999999994
00-0036924,Michael Carter,RB,ARI,17,6.224591295324688,5.3574257794788895,5.38406554238578,27.32101300479124,107.0,model+realized+age_prior,5.103128250079967,0.9771428571428571,0.97,False,79.3443072424243,81.7301418335815,47.64025983219931,108.21444461622694,14.49675,23,-54.31777937783214,-56.49667101797776,-55.51616977991223,148,21,51,,,,
adp:carnell tate,Carnell Tate,WR,TEN,0,8.174730629822202,8.174730629822202,,,,rookie_market_prior,2.504646756799147,0.85,1.0,False,104.33275048755844,109.76224807661619,76.79461910085615,129.26111677536116,12.75875,23,-40.19792712017794,-68.2002182198124,-55.59918722497689,149,21,47,65.5,10.9,11,-83.5
00-0040584,Gunnar Helm,TE,TEN,17,5.34338469144571,4.581220882396417,4.104490009159983,23.98631074606434,120.0,model+realized,4.21895813610528,0.9616,1.0,False,67.9673110161339,69.49701480358067,43.35324346643194,91.76739215685573,14.59075,9,-49.525139441088996,-60.873258721538875,-55.76660504533643,150,21,34,,,,
00-0040162,Dylan Sampson,RB,CLE,17,6.070089072095583,5.4089220648573075,5.584142464051534,21.963039014373717,126.0,model+realized,5.210325047177411,0.9616,1.0,False,78.32071001007239,80.94380496999392,46.0316048817619,108.02767987999786,14.211,23,-55.34137661018406,-56.68343575420684,-56.07950913939659,151,21,52,161.3,14.4,27,10.300000000000011
00-0035662,Marquise Brown,WR,KC,17,8.108727573998143,6.590446252883393,5.888548208174915,29.242984257357975,25.0,model+realized+age_prior,5.965859478366416,0.9771428571428571,0.97,False,98.55188203886848,101.41159522637928,63.001375543166546,132.04017629366444,14.68775,23,-45.978795568867895,-65.42115870150911,-56.67209529182057,152,21,48,,,,
00-0033885,David Njoku,TE,CLE,17,5.059443711715549,4.240210918717987,5.553662013906309,30.143737166324435,29.0,model+realized+age_prior,5.137992441127007,0.9771428571428571,0.97,False,64.40230074272527,65.49868423271283,36.65005465680792,91.24082880633658,14.776,9,-53.09014971449763,-61.39982207205803,-57.660469511155846,153,21,35,,,,
00-0038951,Sean Tucker,RB,TB,17,5.070193195271121,4.669868590682704,8.235026518761545,24.851471594798085,300.0,model+realized,6.826181285731454,0.9771428571428571,1.0,False,72.70679874321873,74.70172777046187,36.27627145034303,107.77157778390317,14.4935,23,-60.95528787703772,-56.939537850301534,-58.74662536233282,154,21,53,,,,
adp:mike washington,Mike Washington Jr.,RB,LV,0,6.315878561907105,6.315878561907105,,,,rookie_market_prior,2.2174376726351666,0.85,1.0,False,79.51704303710586,83.87178476660006,53.7249611750215,100.78873259899159,12.55625,23,-54.14504358315058,-63.922383035213116,-59.52258028178497,155,21,54,148.9,45.6,25,-6.099999999999994
00-0031610,Darren Waller,TE,MIA,17,4.378406297462352,3.5972176637209774,8.085885487542292,33.96577686516085,204.0,model+realized+age_prior,6.700636464182796,0.9771428571428571,0.93,False,59.61900530811792,59.50179701322698,27.140582068978418,91.581443790658,14.86625,9,-57.87344514910498,-61.05920708773661,-59.62561421535238,156,21,36,,,,
00-0037197,Isiah Pacheco,RB,DET,17,5.8931649547124,5.068609428069768,4.471987977464635,27.50171115674196,251.0,model+realized+team_change_prior+age_prior,5.084169407211355,0.9771428571428571,0.97,True,74.79418557397015,77.31450383552851,41.15062669075555,104.03541510719697,14.3655,23,-58.86790104628629,-60.675700527007734,-59.86219076068308,157,21,55,144.8,17.9,24,-12.199999999999989
00-0034829,Mike Gesicki,TE,CIN,17,4.7674009801999535,4.030828977731372,5.39143520126244,30.913073237508556,42.0,model+realized+age_prior,4.959380868353975,0.9771428571428571,0.97,False,62.24392978135333,63.30832833093952,35.116939206440925,87.8378088057323,14.884,9,-55.24852067586957,-64.80284207266232,-60.50339744410558,158,21,37,,,,
00-0040130,Jayden Higgins,WR,HOU,17,7.769170240527812,6.543297327987104,5.370548772485644,23.71252566735113,34.0,model+realized,5.5422846458726,0.9616,1.0,False,95.2588625415058,98.38129269002833,60.48964307252525,127.17308479295804,14.409,23,-49.27181506623057,-70.28825020221552,-60.8308543910223,159,21,49,124.3,12.9,21,-34.7
00-0035644,Noah Fant,TE,CIN,17,4.691096585741345,4.0990948912236265,4.804294953476525,28.78028747433265,20.0,model+realized,4.5422808948657645,0.9771428571428571,1.0,False,62.2308109502765,63.42451408979865,37.137534623516345,86.14526216841573,14.83575,9,-55.2616395069464,-66.49538870997888,-61.44020156861427,160,21,38,,,,
adp:jordyn tyson,Jordyn Tyson,WR,NO,0,7.744830522770439,7.744830522770439,,,,rookie_market_prior,2.504646756799147,0.85,1.0,False,99.42471939477969,103.9234050532823,75.11860192125825,122.5557346609452,12.81825,23,-45.10595821295669,-74.90560033422835,-61.4957613796561,161,21,50,79.2,9.5,14,-81.8
00-0039894,Xavier Worthy,WR,KC,17,7.539951095860987,6.3738744819290165,5.113577658605395,23.34839151266256,28.0,model+realized,5.319389247632441,0.9771428571428571,1.0,False,94.52469875749242,97.52810775491716,61.6157416304335,126.42884303053333,14.597,23,-50.00597885024396,-71.03249196464023,-61.57056106316192,162,21,51,103.4,7.5,18,-58.599999999999994
00-0037112,Jake Tonges,TE,SF,17,4.100212782828062,3.6623546890703302,6.763124495466313,27.15126625598905,300.0,model+realized,5.736100438019751,0.9771428571428571,1.0,False,58.43231821985383,58.81117270039425,30.27962906518598,87.23452602672248,14.78125,9,-59.06013223736907,-65.40612485167213,-62.55042817523575,163,21,39,,,,
adp:jonah coleman,Jonah Coleman,RB,DEN,0,6.1124758190507755,6.1124758190507755,,,,rookie_market_prior,2.2174376726351666,0.85,1.0,False,76.74408013385815,81.07436841095034,51.28352341545767,97.34557808297829,12.563,23,-56.9180064863983,-67.36553755122641,-62.66414857205376,164,21,56,162.9,10.0,27,-1.0999999999999943
00-0038608,Kayshon Boutte,WR,NE,17,7.038118783402254,6.002954946633431,7.50291609975748,24.320328542094455,187.0,model+realized,6.8387129603550285,0.9771428571428571,1.0,False,91.24551629418592,93.41782008437686,53.829555251042926,126.92605285909355,14.7055,23,-53.28516131355046,-70.53528213608001,-62.77272776594171,165,21,52,167.8,25.1,28,2.8000000000000114
00-0039163,C.J. Stroud,QB,HOU,17,12.584981593086745,10.49457214616241,8.295236407651293,24.91170431211499,2.0,model+realized,8.220824916358378,0.9771428571428571,1.0,False,160.11843986646747,164.02797572629407,115.26510624190715,205.53690710181425,14.95525,8,-57.9058178492495,-67.88817013347622,-63.3961116055742,166,21,19,148.3,11.5,25,-17.69999999999999
adp:kaelon black,Kaelon Black,RB,SF,0,6.037314580865514,6.037314580865514,,,,rookie_market_prior,2.2174376726351666,0.85,1.0,False,76.28937210218878,80.02674504879508,53.146108271974654,96.24874950684871,12.64825,23,-57.37271451806767,-68.46236612735599,-63.47202290317625,167,21,57,168.4,22.1,28,1.4000000000000057
00-0033119,Jacoby Brissett,QB,ARI,17,12.247546386469583,10.245163515184508,9.345021323111668,33.72210814510609,91.0,model+realized,8.877801945630964,0.9771428571428571,1.0,False,158.21470426112046,160.85122548917445,111.75296202027363,205.48061065773913,15.0155,8,-59.80955345459651,-67.94446657755134,-64.28375567222167,168,21,20,167.0,11.9,28,-1.0
00-0038124,Christian Watson,WR,GB,17,6.481698988785253,5.591688141916517,8.843209425382646,27.307323750855577,34.0,model+realized,7.633218093640401,0.9771428571428571,1.0,False,88.07795341753699,89.25078105215472,50.589664953480565,125.83121232305784,14.79275,23,-56.45272419019939,-71.63012267211572,-64.80029335525337,169,21,53,62.1,8.0,11,-106.9
00-0039066,Michael Mayer,TE,LV,17,4.187579038741626,3.7269297477890517,5.449892065849723,25.155373032169745,35.0,model+realized,4.8635339263916695,0.9771428571428571,1.0,False,57.7389129141003,58.77297697365809,31.0058072287009,83.2786311574457,14.77075,9,-59.753537543122604,-69.36201972094891,-65.03820274092706,170,21,40,,,,
00-0040719,Bhayshul Tuten,RB,JAX,17,5.246504176862505,4.800185403163292,5.00123514156018,24.54483230663929,104.0,model+realized,4.660131757779979,0.9616,1.0,False,69.86398367100288,72.72921903146117,39.20259070585105,96.50895744872435,14.237,23,-63.79810294925356,-68.20215818548036,-66.22033332917829,171,21,58,60.2,7.5,10,-110.8
00-0034791,Nick Chubb,RB,HOU,17,6.236676637975946,4.75756472417602,4.536721088549981,30.680355920602327,35.0,model+realized+age_prior,4.529191132819475,0.9771428571428571,0.86,False,69.93616317857536,72.80677751880435,40.11761700787115,95.89413548384897,14.476,23,-63.72592344168109,-68.81698015035573,-66.52600463145214,172,21,59,,,,
00-0037005,Tommy Tremble,TE,CAR,17,4.230996677609461,3.7590210460826685,4.477451678065523,26.247775496235455,83.0,model+realized,4.212428145469327,0.9771428571428571,1.0,False,57.040490195882946,58.32087842916416,33.45632995957611,79.13171126075375,14.8185,9,-60.451960261339956,-73.50893961764086,-67.63329890730546,173,21,41,,,,
00-0035537,Ty Johnson,RB,BUF,17,5.420551140354819,4.583810794194623,5.2852388782343604,28.955509924709105,186.0,model+realized+age_prior,4.885760069360922,0.9771428571428571,0.93,False,67.00657033504291,69.84398174456632,33.59698741617423,95.69743904667004,14.2925,23,-66.65551628521354,-69.01367658753466,-67.95250445149016,174,21,60,,,,
00-0040735,Luther Burden III,WR,CHI,17,6.646454038404473,5.713463613374201,7.601112534669243,22.72142368240931,39.0,model+realized,6.823204439617757,0.9616,1.0,False,85.3980314186746,86.57791875666948,48.371433186819345,121.01146886409452,14.428,23,-59.132646189061774,-76.44986613107903,-68.65711715717126,175,21,54,50.4,6.5,9,-124.6
adp:makai lemon,Makai Lemon,WR,PHI,0,7.258107756409144,7.258107756409144,,,,rookie_market_prior,2.504646756799147,0.85,1.0,False,92.18082792398306,96.49211540169408,66.65714782466866,115.04227690461275,12.70175,23,-52.34984968375332,-82.41905809056081,-68.88791430749744,176,21,55,98.2,11.1,17,-77.8
00-0039901,Keon Coleman,WR,BUF,17,6.622296539813976,5.695608070937747,6.421499962213337,23.293634496919918,33.0,model+realized,6.015992811073797,0.9771428571428571,1.0,False,86.18887366127653,88.42019381408912,51.43432368351697,119.26635263214395,14.6425,23,-58.34180394645985,-78.19498236302961,-69.26105207557322,177,21,56,,,,
00-0037291,Jalen Nailor,WR,LV,17,6.421075122274649,5.380472821191201,6.655592517928503,27.50171115674196,191.0,model+realized+team_change_prior,7.052837937196979,0.9771428571428571,1.0,True,84.20188963262127,85.40449526873995,45.95336880059812,120.69738865919773,14.69875,23,-60.328787975115105,-76.76394633597583,-69.36812507358852,178,21,57,150.4,15.2,25,-27.599999999999994
00-0033110,Tyler Higbee,TE,LA,17,4.044251316296535,3.3675224353630835,5.931192470123277,33.66461327857632,110.0,model+realized+age_prior,5.1572994687287625,0.9771428571428571,0.93,False,52.998600270124264,53.63070040990019,26.810210461756135,78.9928233159694,14.804,9,-64.49385018709864,-73.6478275624252,-69.52853774352826,179,21,42,,,,
00-0040170,Elic Ayomanor,WR,TEN,17,7.1904853144563035,6.115573686977728,4.468377452590988,23.247091033538673,136.0,model+realized,4.807236295056221,0.9616,1.0,False,88.7002500559226,92.15866148665305,59.12663901759008,116.58415651760572,14.3665,23,-55.830427551813784,-80.87717847756784,-69.60614056097852,180,21,58,,,,
00-0038558,Darnell Washington,TE,PIT,17,4.191917351508902,3.730136326790951,3.5300912336152246,25.0403832991102,93.0,model+realized,3.5590839216678116,0.9771428571428571,1.0,False,56.03276373212628,57.57095875314822,34.28445157100619,76.01194191593356,14.741,9,-61.459686725096624,-76.62870896246105,-69.80264895564706,181,21,43,,,,
00-0040705,Chimere Dike,WR,TEN,17,6.754909409121716,5.793626278686946,6.084907800548541,24.71457905544148,103.0,model+realized,5.814969847806344,0.9616,1.0,False,85.49253643809193,87.90028363583343,51.85592530089737,117.45244092606774,14.40725,23,-59.03814116964445,-80.00889406910582,-70.57205526434821,182,21,59,,,,
00-0037838,Isaiah Likely,TE,NYG,17,3.9830427853808983,3.4327207467971816,4.171894759261424,26.3709787816564,139.0,model+realized+team_change_prior,4.5386621633394535,0.9771428571428571,1.0,True,52.83312019995186,53.49641527714348,29.720814983545647,76.31050405371015,14.85525,9,-64.65933025727105,-76.33014682468446,-71.07827936934842,183,21,44,140.2,18.7,24,-42.80000000000001
00-0039880,Malik Washington,WR,MIA,17,7.060012944311733,6.0191375873056545,3.3408236920221444,25.864476386036962,184.0,model+realized,4.013089713645976,0.9771428571428571,1.0,False,88.8103930224332,92.05745875176999,62.76737885061225,113.566615539714,14.6695,23,-55.720284585303176,-83.89471945545957,-71.21622376388919,184,21,60,156.8,16.2,26,-27.19999999999999
00-0037740,Garrett Wilson,WR,NYJ,17,5.687892904677048,5.00496190583654,9.32597968359483,26.11088295687885,10.0,model+realized,7.79473672216708,0.9771428571428571,1.0,False,79.9937706766971,81.03933125054718,39.30821932772941,119.38503935732442,14.65225,23,-64.53690693103928,-78.07629563784914,-71.9835707197847,185,21,61,27.8,3.3,5,-157.2
00-0039342,Xavier Legette,WR,CAR,17,6.294762011204607,5.453517332400388,6.715012811515964,25.587953456536617,32.0,model+realized,6.146772119038019,0.9771428571428571,1.0,False,83.21875829081365,85.19403636252778,48.828818193495934,116.1721277492287,14.66875,23,-61.311919316922726,-81.28920724594487,-72.2994276778849,186,21,62,,,,
00-0032392,Austin Hooper,TE,NE,17,4.133300590161427,3.576206567655924,3.23571521323748,31.84120465434634,81.0,model+realized+age_prior,3.3452000664438017,0.9771428571428571,0.97,False,53.70008491753282,55.017042572429574,34.41691197584993,72.531595452458,14.831,9,-63.79236553969008,-80.1090554259366,-72.76654497712566,187,21,45,,,,
00-0023459,Aaron Rodgers,QB,PIT,17,13.526228180810552,10.071248531205919,6.950643431916721,42.74880219028063,24.0,model+realized+age_prior,7.4651544096136915,0.9771428571428571,0.9,False,152.83205626950718,157.12526298525427,110.92370036782899,194.4285228878793,14.909,8,-65.1922014462098,-78.99655434741118,-72.78459554187054,188,21,21,188.6,17.1,32,0.5999999999999943
00-0038621,DeMario Douglas,WR,NE,17,6.515741739820065,5.6168501752900735,5.240937556448105,25.730321697467488,210.0,model+realized,5.190825025322515,0.9771428571428571,1.0,False,84.07486296288198,86.04943027066197,54.250682498528235,113.97940285309417,14.659,23,-60.4558146448544,-83.48193214207939,-73.12017926832814,189,21,63,,,,
00-0039798,Isaiah Davis,RB,NYJ,17,4.421085029774164,4.190092990097997,5.124924676634425,24.525667351129364,173.0,model+realized,4.590081758643886,0.9771428571428571,1.0,False,62.20700316683429,64.1600811360844,33.77549486375712,88.69802126583235,14.444,23,-71.45508345342216,-76.01309436837235,-73.96198945664477,190,21,61,,,,
00-0038611,Chris Rodriguez Jr.,RB,JAX,17,4.336753860860242,3.963889134667773,5.391646589046474,26.93223819301848,193.0,model+realized+team_change_prior+age_prior,5.469057992138678,0.9771428571428571,0.97,True,60.24862356324786,60.95783896732073,29.129408356228826,90.00101849438519,14.38375,23,-73.41346305700858,-74.71009713981951,-74.12661180255459,191,21,62,151.9,18.7,26,-39.099999999999994
adp:kc concepcion,KC Concepcion,WR,CLE,0,6.766892116309581,6.766892116309581,,,,rookie_market_prior,2.504646756799147,0.85,1.0,False,87.11476288263329,90.29050831627437,66.42616804150245,107.90103302184671,12.8955,23,-57.41591472510309,-89.56030197332684,-75.09532771162615,192,21,64,122.0,9.4,21,-70.0
00-0035659,Terry McLaurin,WR,WAS,17,6.14249594251098,5.1807436614389015,6.942373089776079,30.962354551676935,76.0,model+realized+age_prior,6.269388598912464,0.9771428571428571,0.97,False,80.06464067142444,81.21755698579028,46.2326031072526,113.32207093167884,14.707,23,-64.46603693631194,-84.13926406349472,-75.28631185626247,193,21,65,39.3,4.8,7,-153.7
00-0038115,Daniel Bellinger,TE,NYG,17,3.4364260260938906,3.1717296949624645,5.062666119278865,25.94113620807666,112.0,model+realized,4.424555055370651,0.9771428571428571,1.0,False,48.813361325039786,49.44920606652407,25.419712079480185,71.66768948512359,14.79325,9,-68.67908913218312,-80.97296139327102,-75.44071887578147,194,21,46,,,,
00-0037252,Greg Dulcich,TE,MIA,17,3.4303519524690413,3.167240162283228,4.553909115835989,26.43394934976044,80.0,model+realized,4.0771798054506645,0.9776744186046511,1.0,False,48.8208690826456,49.54715712544577,26.80598234880739,70.58266154339641,14.86625,9,-68.6715813745773,-82.0579893349982,-76.03410575280878,195,21,47,170.7,15.8,29,-24.30000000000001
00-0040198,Ollie Gordon II,RB,MIA,17,4.4518280051435175,4.212816058849258,4.346296597983973,22.628336755646817,179.0,model+realized,4.066356357439182,0.9616,1.0,False,61.22639988676134,63.17652966147794,34.04612562452687,85.01543201173943,14.23675,23,-72.4356867334951,-79.69568362246527,-76.4286850224287,196,21,63,,,,
00-0039041,Elijah Higgins,TE,ARI,17,3.560954750777598,3.263772665380857,3.9509864739893836,25.845311430527037,197.0,model+realized,3.6977352809151958,0.9771428571428571,1.0,False,49.51748101108816,50.561298068506005,29.379541526803475,68.98729595709163,14.8885,9,-67.97496944613474,-83.65335492130298,-76.59808145747726,197,21,48,,,,
00-0039410,Ryan Flournoy,WR,DAL,17,5.752571458215623,5.052767793234617,7.218073720549972,26.847364818617386,216.0,model+realized,6.374948530514394,0.9771428571428571,1.0,False,77.88317345115529,79.2598477044805,42.59531724469217,112.56556765468153,14.629,23,-66.64750415658109,-84.89576734049203,-76.6840489077321,198,21,66,164.0,12.5,28,-34.0
00-0033908,Cooper Kupp,WR,SEA,17,7.36436385466595,5.49480149504198,4.302624028358946,33.21286789869952,69.0,model+realized+age_prior,4.731052888324856,0.9771428571428571,0.88,False,81.73029823957113,83.86953161325111,52.98826482103959,109.08850952525772,14.66875,23,-62.80037936816525,-88.37282546991584,-76.86522472412807,199,21,67,160.8,11.7,27,-38.19999999999999
00-0039074,Davis Allen,TE,LA,17,3.6689439945708844,3.343590802097634,3.0707227545472287,25.574264202600958,175.0,model+realized,3.124410400179988,0.9771428571428571,1.0,False,50.385976630991664,51.710821602517015,32.57942524181837,67.48068433001484,14.834,9,-67.10647382623124,-85.15996654837977,-77.03589482341293,200,21,49,,,,
00-0037746,Brian Robinson,RB,ATL,17,4.624896400660814,4.168408951037265,3.2024462157397564,27.446954140999317,98.0,model+realized+team_change_prior+age_prior,3.8189902725083575,0.9771428571428571,0.97,True,60.57707538013727,62.67096519638665,35.06215054919415,83.30326948978211,14.4055,23,-73.08501124011917,-81.40784614442259,-77.66257043748605,201,21,64,156.9,17.3,26,-44.099999999999994
00-0040737,Terrance Ferguson,TE,LA,17,3.2972059980419264,3.068827935097969,4.728628392101481,23.488021902806295,46.0,model+realized,4.1648512969244855,0.9616,1.0,False,46.24356516588026,46.85034088215957,24.112239374567277,68.17704307105328,14.566,9,-71.24888529134265,-84.46360780734133,-78.51698267514192,202,21,50,,,,
00-0039144,Luke Musgrave,TE,GB,17,3.6125538702501334,3.3019111449909917,2.8114654960170005,25.9958932238193,42.0,model+realized,2.934928026077957,0.9771428571428571,1.0,False,49.06888087181801,50.480339947975665,31.7370352504042,65.72961880421974,14.83025,9,-68.42356958540489,-86.91103207417487,-78.59167395422838,203,21,51,,,,
00-0038976,Marvin Mims Jr.,WR,DEN,17,6.006448056718332,5.240415713867054,5.683444740441052,24.45448323066393,63.0,model+realized,5.384735976203281,0.9771428571428571,1.0,False,78.46042551807834,80.71656827159302,46.29009291846378,107.921940932869,14.66575,23,-66.07025208965804,-89.53939406230455,-78.97828017461362,204,21,68,,,,
adp:denzel boston,Denzel Boston,WR,CLE,0,6.450539302155006,6.450539302155006,,,,rookie_market_prior,2.504646756799147,0.85,1.0,False,83.20139890122284,86.22452748617013,62.37460968253436,103.34633826495919,12.87725,23,-61.329278706513534,-94.11499673021437,-79.36142361954899,205,21,69,140.3,11.3,24,-64.69999999999999
00-0039890,Adonai Mitchell,WR,NYJ,18,5.6111664427237,4.97587251765655,6.618978950936556,23.89869952087611,52.0,model+realized,5.971603180504053,0.9776744186046511,1.0,False,76.31199148004796,77.81950180175534,43.41486760131277,108.4252495965455,14.722,23,-68.21868612768841,-89.03608539862806,-79.66825572670523,206,21,70,153.8,17.5,26,-52.19999999999999
00-0034975,Justice Hill,RB,BAL,17,3.7773700710192037,3.4543024156643583,7.2220098636451775,28.79671457905544,113.0,model+realized+age_prior,5.895876670203351,0.9771428571428571,0.93,False,54.7167550517385,55.539753906819485,22.12914795530301,84.41420100526264,14.47125,23,-78.94533156851794,-80.29691462894206,-79.68870225175121,207,21,65,159.1,23.9,27,-47.900000000000006
00-0039356,Ja'Tavion Sanders,TE,CAR,17,3.312507816851173,3.0801379750874123,3.8233704718096417,23.433264887063654,101.0,model+realized,3.5528544063657246,0.9771428571428571,1.0,False,46.48513802724849,47.3744009376077,26.328254799747597,65.63592598708482,14.78575,9,-71.0073124299744,-87.00472489130979,-79.80588928370886,208,21,52,,,,
adp:omar cooper,Omar Cooper Jr.,WR,NYJ,0,6.41532129260305,6.41532129260305,,,,rookie_market_prior,2.504646756799147,0.85,1.0,False,82.07456799959868,85.60441336097225,60.640628438374755,102.82323301167102,12.76875,23,-62.456109608137695,-94.63810198350254,-80.15620541458836,209,21,71,142.5,19.7,24,-66.5
00-0037157,Bam Knight,RB,ARI,17,4.956600732630326,4.585908944382987,6.0926124503851575,25.39082819986311,300.0,model+realized,5.348124695064856,0.7825,1.0,False,54.58038125369365,55.133323144664274,24.79583613689155,83.40668653389876,11.5805,23,-79.0817053665628,-81.30442910030594,-80.30420342012152,210,21,66,,,,
00-0040237,Tez Johnson,WR,TB,17,5.808645586130864,5.094213887780665,6.421929341762352,24.290212183436,235.0,model+realized,5.845350572787364,0.9616,1.0,False,76.39529281940928,77.71022562446808,44.359905825362,107.0965316047277,14.47775,23,-68.1353847883271,-90.36480339044586,-80.36156501949242,211,21,72,,,,
00-0030565,Geno Smith,QB,LV,17,11.278811787043855,9.529142289522014,7.830035496876942,35.893223819301845,39.0,model+realized,7.684325598994363,0.9771428571428571,1.0,False,144.95081517802046,148.15933435344584,102.61447305380173,187.0394524156082,14.93225,8,-73.07344253769651,-86.38562481968228,-80.39514279278868,212,21,22,,,,
00-0040078,Brashard Smith,RB,KC,17,4.244226000958706,4.059371099234398,4.006639709869841,23.392197125256672,228.0,model+realized,3.796617017006639,0.9616,1.0,False,57.769230875941524,60.58073462583701,30.68406770462425,80.48583681191403,14.0555,23,-75.89285574431491,-84.22527882229068,-80.47568843720158,213,21,67,,,,
00-0036309,Darnell Mooney,WR,ATL,17,6.084021078770335,5.297752295383752,4.015292458764587,28.840520191649556,173.0,model+realized,4.266689196241622,0.9771428571428571,1.0,False,78.87981819421711,80.99988868869201,53.317576763315216,103.1397122876012,14.73775,23,-65.65085941351927,-94.32162270757236,-81.41977922524848,214,21,73,,,,
00-0035249,Josh Oliver,TE,MIN,17,2.986607297130103,2.8392549822501,4.671180415118671,29.44832306639288,69.0,model+realized,4.053149818975805,0.9771428571428571,1.0,False,43.38055222315681,43.922977967815875,21.623860562274384,64.44084546044559,14.7805,9,-74.11189823406609,-88.19980541794902,-81.8602471852017,215,21,53,,,,
00-0039875,Ray Davis,RB,BUF,17,3.6963050353383555,3.5447544565582536,6.297443458868612,26.781656399726216,128.0,model+realized+age_prior,5.25203145503069,0.9771428571428571,0.97,False,54.09467790878281,55.168685848042585,24.408495517020626,80.9233300812647,14.45075,23,-79.56740871147363,-83.78778555294001,-81.88861597428013,216,21,68,,,,
00-0038619,Andrei Iosivas,WR,CIN,17,5.748613436392308,5.049842298843471,5.239857148928439,26.88021902806297,206.0,model+realized,5.028929748795365,0.9771428571428571,1.0,False,76.14581184340486,78.09979485081988,46.19622433016398,104.14735240381792,14.683,23,-68.38486576433152,-93.31398259135564,-82.0958800191948,217,21,74,,,,
00-0040194,Jackson Hawes,TE,BUF,17,3.3601560901574405,3.1153562640529144,2.8837909078156136,25.73579739904175,173.0,model+realized,2.925083365078627,0.9616,1.0,False,45.33149534479991,46.27742424403377,27.929190553070573,61.863248644145976,14.50975,9,-72.16095511242298,-90.77740223424863,-82.40000102942709,218,21,54,,,,
00-0033307,Kendrick Bourne,WR,SF,17,5.826924976806282,4.750184009835078,6.727762935601036,31.077344284736483,300.0,model+realized+age_prior,6.0571576054487455,0.9771428571428571,0.93,False,73.34869619416064,74.270982316534,41.02660570935213,105.6197308480047,14.77625,23,-71.18198141357574,-91.84160414716885,-82.54477391705196,219,21,75,,,,
adp:antonio williams,Antonio Williams,WR,WAS,0,6.257355605269774,6.257355605269774,,,,rookie_market_prior,2.504646756799147,0.85,1.0,False,79.45674307813913,83.29749473167496,56.74716101484824,100.22935386329276,12.73675,23,-65.07393452959725,-97.2319811318808,-82.76086016085321,220,21,76,152.8,11.9,26,-67.19999999999999
00-0038393,Dontayvion Wicks,WR,PHI,17,5.302347077364716,4.578393453340558,6.592046232347871,25.21013004791239,159.0,model+realized+team_change_prior,6.732865163193533,0.9771428571428571,1.0,True,72.2220632626136,72.7385203349092,37.31958665796164,105.98229149347831,14.6675,23,-72.30861434512278,-91.47904350169524,-82.85235038123764,221,21,77,174.8,4.8,29,-46.19999999999999
00-0040739,Elijah Arroyo,TE,SEA,17,3.188094474991039,2.988180287625574,3.14319994310781,23.408624229979466,50.0,model+realized,3.061243046023886,0.9616,1.0,False,44.413764304346564,45.12119360573219,26.733106721953597,61.30941594624992,14.647,9,-73.07868615287634,-91.3312349321447,-83.11758798147395,222,21,55,,,,
00-0033526,Samaje Perine,RB,CIN,17,4.454053375307264,3.624436371992709,4.761201961442831,30.9596167008898,114.0,model+realized+age_prior,4.348907624437056,0.9771428571428571,0.86,False,53.89014859627732,55.404070465110784,27.149251928781716,78.3138267914239,14.41975,23,-79.77193802397912,-86.3972888427808,-83.41588097432003,223,21,69,165.0,14.5,28,-58.0
00-0040187,Mitchell Evans,TE,CAR,17,3.0907455369259162,2.9162267247078746,3.190991455737266,23.457905544147845,163.0,model+realized,3.0709751762939606,0.9616,1.0,False,43.510995138841025,44.27376550646967,26.88864445355857,60.26367449938173,14.70175,9,-73.98145531838188,-92.37697637901289,-84.09899190172894,224,21,56,,,,
adp:germie bernard,Germie Bernard,WR,PIT,0,6.100004647777663,6.100004647777663,,,,rookie_market_prior,2.504646756799147,0.85,1.0,False,77.78538631690579,80.80749787385969,56.150291602700776,98.48740677559016,12.76475,23,-66.7452912908306,-98.9739282195834,-84.47104160164464,225,21,78,163.8,11.2,28,-61.19999999999999
00-0038618,Xavier Hutchinson,WR,HOU,17,5.526121215758311,4.885391527070516,5.407511116085498,26.250513347022586,205.0,model+realized,5.096192617902252,0.9771428571428571,1.0,False,73.78863551997216,76.2001283288021,44.02241356166183,101.46719964419812,14.71075,23,-70.74204208776422,-95.99413535097544,-84.6306933825304,226,21,79,,,,
00-0036637,Noah Gray,TE,KC,17,3.1789512801227935,2.9814222740273055,2.1313831466085724,27.340177960301162,162.0,model+realized,2.371069389746195,0.9771428571428571,1.0,False,44.180436252025224,45.44382150744757,29.641992339058955,58.20985402497709,14.7865,9,-73.31201420519767,-94.43079685341752,-84.92734466171859,227,21,57,,,,
adp:dezhaun stribling,De'Zhaun Stribling,WR,SF,0,6.04539375134679,6.04539375134679,,,,rookie_market_prior,2.504646756799147,0.85,1.0,False,77.11462054964454,80.34542994485372,56.45813030189035,96.90614522636034,12.76725,23,-67.41605705809184,-100.55518976881322,-85.6425800489886,228,21,80,167.8,9.9,28,-60.19999999999999
00-0039916,Ricky Pearsall,WR,SF,17,5.133013472410557,4.594833629813481,6.846429941303459,25.976728268309376,31.0,model+realized,5.992072173180851,0.9771428571428571,1.0,False,70.8556418760658,72.48358765442936,38.37865867648421,102.02335527124546,14.64025,23,-73.67503573167058,-95.4379797239281,-85.6446549274122,229,21,81,102.4,8.1,17,-126.6
00-0033555,Mack Hollins,WR,NE,17,5.917412005318445,4.812384006390611,5.237576336661161,32.95824777549623,118.0,model+realized+age_prior,5.062840502698543,0.9771428571428571,0.93,False,72.80293249260959,74.63743552290646,44.11005376778827,100.4228665698172,14.70075,23,-71.7277451151268,-97.03846842535636,-85.64864293575306,230,21,82,,,,
00-0033955,Jeremy McNichols,RB,WAS,17,4.436590592141123,3.6133361159105792,3.8210812297968597,30.68309377138946,162.0,model+realized+age_prior,3.7063641013060624,0.9771428571428571,0.86,False,52.7061121279707,54.31745762742294,27.704341771636322,74.52128402184636,14.3555,23,-80.95597449228575,-90.18983161235835,-86.03459590832568,231,21,70,,,,
00-0040202,Devin Neal,RB,NO,17,3.50819122468854,3.5153453950347098,5.064183634343539,23.055441478439427,184.0,model+realized,4.378281817932143,0.9616,1.0,False,51.28719237907984,52.68544132210057,24.095397076072672,75.14702788261305,14.1745,23,-82.3748942411766,-89.56408775159166,-86.32895067190489,232,21,71,,,,
00-0037805,Jeremy Ruckert,TE,NYJ,17,2.9843213205678247,2.83756534739972,2.481697711126753,26.05612594113621,101.0,model+realized,2.563766980005728,0.9771428571428571,1.0,False,42.34594562890482,43.331536384190834,27.57658234059604,56.85131877056687,14.81625,9,-75.14650482831809,-95.78933210782773,-86.5000598320484,233,21,58,,,,
adp:zachariah branch,Zachariah Branch,WR,ATL,0,5.937398882013008,5.937398882013008,,,,rookie_market_prior,2.504646756799147,0.85,1.0,False,75.72255281359493,78.71492237890519,54.731777071309175,96.30204749338354,12.794,23,-68.80812479414145,-101.15928750179002,-86.60126428334816,234,21,83,176.0,2.8,30,-58.0
00-0036212,Tua Tagovailoa,QB,MIA,17,10.609277782897621,9.034269329935666,7.975596971940316,28.501026694045173,5.0,model+realized,7.670453459082496,0.9771428571428571,1.0,False,138.40740887822668,141.1045719331891,97.83908350045841,180.43543855756224,14.941,8,-79.6168488374903,-92.98963867772824,-86.97188324962116,235,21,23,,,,
00-0035208,Olamide Zaccheaus,WR,CHI,17,5.652990241952215,4.829789356994813,4.780151978878545,29.1088295687885,300.0,model+realized+age_prior,4.696241427592714,0.9771428571428571,0.97,False,72.0569353849139,73.93150339105009,44.80839337847139,98.31410725095078,14.6815,23,-72.47374222282248,-99.14722774422277,-87.14415925959264,236,21,84,,,,
00-0036422,Adam Trautman,TE,DEN,17,2.863057851411427,2.7479358267189045,2.9659588272101622,29.568788501026695,105.0,model+realized,2.864705769796509,0.9771428571428571,1.0,False,40.765394382585455,41.90531399885748,24.414419590106345,56.61597399723362,14.817,9,-76.72705607463745,-96.02467688116099,-87.34074751822538,237,21,59,,,,
00-0037837,Calvin Austin III,WR,PIT,17,5.2408023571314715,4.674503675041984,5.518578248276719,27.44147843942505,138.0,model+realized,5.111777631949629,0.9771428571428571,1.0,False,70.44644327100563,71.90021080435838,40.40183269625138,98.88743565231051,14.6125,23,-74.08423433673074,-98.57389934286304,-87.55355009010351,238,21,85,,,,
00-0038454,Keaton Mitchell,RB,LAC,17,3.4748151601102735,3.455769368612527,3.3889634889464015,24.621492128678987,300.0,model+realized+team_change_prior,3.7178334584825063,0.9771428571428571,1.0,True,50.99318792935511,52.38057405413315,27.360888834579427,72.27271895446533,14.43575,23,-82.66889869090133,-92.43839667973937,-88.04212258476225,239,21,72,164.2,30.9,28,-74.80000000000001
00-0031408,Mike Evans,WR,SF,17,5.544076962290983,4.181498878337171,6.667447258222332,33.02943189596167,7.0,model+realized+team_change_prior+age_prior,6.850229599972767,0.9771428571428571,0.88,True,66.96762403214609,67.99228739492605,31.943458679650156,100.53536081954591,14.743,23,-77.56305357559029,-96.92597417562764,-88.21265990561085,240,21,86,53.7,7.1,9,-186.3
00-0039491,Jalen Coker,WR,CAR,17,5.065858606522703,4.545197424592024,6.155509249253636,24.83778234086242,300.0,model+realized,5.508138008293384,0.9771428571428571,1.0,False,69.00592185539253,69.93861211931001,37.83244403132869,98.54887342272632,14.65025,23,-75.52475575234385,-98.91246157244724,-88.38799395340072,241,21,87,126.4,9.2,21,-114.6
00-0037267,Jerome Ford,RB,CLE,17,3.717681222358745,3.5600802532524374,3.20116017571571,26.97056810403833,156.0,model+realized+age_prior,3.1505511324848547,0.9771428571428571,0.97,False,51.924150474862515,53.902112089667405,30.64395822083171,70.87879275899432,14.4405,23,-81.73793614539393,-93.83232287521038,-88.38984884679297,242,21,73,,,,
00-0040676,Cam Ward,QB,TEN,17,11.182273330319102,9.457787778029804,5.398444220328668,24.27104722792608,1.0,model+realized,6.014571399248885,0.9616,1.0,False,140.29590073437527,143.89055270334103,106.51639871065109,176.30436529452444,14.739,8,-77.7283569813417,-97.12071194076603,-88.3941522090251,243,21,24,167.7,13.9,28,-75.30000000000001
00-0038705,Emari Demercado,RB,ARI,17,3.5024147028661865,3.405743518190164,4.232281403965589,27.613963039014372,300.0,model+realized+age_prior,3.811509452844224,0.9771428571428571,0.97,False,50.17846362281748,51.91230321473339,26.78496554853885,72.27977949209274,14.44075,23,-83.48362299743897,-92.43133614211196,-88.40486522700911,244,21,74,,,,
00-0033857,JuJu Smith-Schuster,WR,KC,17,5.57522177524376,4.774032747602534,4.103280610037032,29.7741273100616,62.0,model+realized+age_prior,4.2196310656064515,0.9771428571428571,0.97,False,71.09701512262774,72.9329424513245,45.07475192596444,96.31831194000748,14.643,23,-73.43366248510864,-101.14302305516608,-88.67381079864023,245,21,88,,,,
00-0035535,Darius Slayton,WR,NYG,17,5.50284100114674,4.722138879565149,4.637736833971552,29.634496919917865,171.0,model+realized+age_prior,4.5678553292227235,0.9771428571428571,0.97,False,70.63206545661028,72.78260431613275,42.77608950364913,96.40298350379302,14.685,23,-73.8986121511261,-101.05835149138053,-88.83646878826605,246,21,89,,,,
00-0033921,Chris Godwin Jr.,WR,TB,17,5.056773988388141,4.402328225635179,6.7196758937948085,30.510609171800137,84.0,model+realized+age_prior,5.889862802938767,0.9771428571428571,0.97,False,67.84762251883606,68.91056824764026,36.59907040856293,98.34755917321317,14.69125,23,-76.68305508890032,-99.11377582196039,-89.01995149208335,247,21,90,82.3,7.8,14,-164.7
00-0037834,Brock Purdy,QB,SF,17,9.352554034625122,8.105386559473384,12.482427177247786,26.680355920602327,262.0,model+realized,10.523269728104271,0.9771428571428571,1.0,False,130.5011869604228,131.79713797787906,78.08006438676665,182.86779466174517,14.91825,8,-87.52307075529416,-90.55728257354531,-89.19188725533229,248,21,25,88.7,16.0,15,-159.3
00-0038555,Tank Bigsby,RB,PHI,17,3.1886138759906135,3.2791360503449383,4.975809127226269,24.005475701574266,88.0,model+realized,4.258501492447295,0.9771428571428571,1.0,False,48.73235111126868,49.96847331019241,23.36229625005185,71.94905636086382,14.4535,23,-84.92973550898776,-92.76205927334088,-89.23751357938198,249,21,75,162.5,15.6,27,-86.5
00-0038547,Luke Schoonmaker,TE,DAL,17,2.7190202127158707,2.6414732242047974,1.4970804921579868,27.926078028747433,58.0,model+realized,1.832183747826007,0.9771428571428571,1.0,False,39.248012325082065,40.49798097461447,28.316658251390194,50.35715020442869,14.78975,9,-78.24443813214083,-102.28350067396592,-91.46592253014464,250,21,60,,,,
00-0038046,Charlie Kolar,TE,BAL,17,2.4016325032241963,2.40688230849356,3.0524098483580056,27.5564681724846,128.0,model+realized,2.8155831736185775,0.9771428571428571,1.0,False,36.27309650803737,36.99083635880436,20.190991177324406,51.28589228462964,14.85725,9,-81.21935394918553,-101.35475859376497,-92.29382650370422,251,21,61,,,,
00-0034613,Tanner Hudson,TE,CIN,17,2.3519951003774984,2.2990879795456207,3.3856096852969437,31.802874743326488,300.0,model+realized+age_prior,3.0305508211278873,0.9771428571428571,0.97,False,34.92088978306337,35.44288202570596,17.675630664308706,51.073762874228144,14.785,9,-82.57156067415953,-101.56688800416646,-93.01899070566334,252,21,62,,,,
00-0040667,Matthew Golden,WR,GB,17,5.114980667389185,4.581505034797685,4.346152795018493,23.085557837097877,23.0,model+realized,4.288095328304829,0.9616,1.0,False,67.18560248978213,68.5827379025499,42.00559897760398,91.54630538241051,14.46,23,-77.34507511795425,-105.91502961276305,-93.05855009009909,253,21,91,117.3,8.7,20,-135.7
00-0036550,Rashod Bateman,WR,BAL,17,5.001427509290185,4.497574439681032,4.53514867776259,26.757015742642025,27.0,model+realized,4.392756942819655,0.9771428571428571,1.0,False,67.04061755594203,68.91775744905303,40.69514598670959,91.37023139233443,14.697,23,-77.49006005179434,-106.09110360283913,-93.22063400486897,254,21,92,161.0,14.4,27,-93.0
00-0037801,KaVontae Turpin,WR,DAL,17,4.914463086059049,4.300297496095757,4.735605123144554,30.080766598220396,300.0,model+realized+age_prior,4.510797580562467,0.9771428571428571,0.97,False,65.16204613925879,66.10055005986368,39.57278552185348,89.93680999787877,14.7885,23,-79.36863146847759,-107.52452499729479,-94.85437290932705,255,21,93,,,,
00-0039337,Malik Nabers,WR,NYG,17,3.5618283601205074,3.4335228946425755,9.36349686438842,23.096509240246405,6.0,model+realized,7.373598431611932,0.9771428571428571,1.0,False,59.03039946335659,58.674820415205474,24.262766546348992,93.96269287528999,14.65025,23,-85.50027814437979,-103.49864211988357,-95.39937833090687,256,21,94,48.0,8.3,8,-208.0
00-0035631,Drew Sample,TE,CIN,17,2.280875059426084,2.24809800235915,2.673370861797121,30.376454483230663,52.0,model+realized+age_prior,2.529596233094823,0.9771428571428571,0.97,False,33.41582882899534,33.983914460943666,18.686776012421724,47.225260625249845,14.76225,9,-84.07662162822757,-105.41539025314476,-95.81294437193203,257,21,63,,,,
00-0038104,Tyquan Thornton,WR,KC,17,4.539805715071357,4.156375722214943,5.690575283644311,26.067077344284737,50.0,model+realized,5.0814681530254635,0.9776744186046511,1.0,False,62.67151874153168,64.30054367455938,33.697935507856094,90.01436008207736,14.56025,23,-81.8591588662047,-107.4469749130962,-95.93245769199501,258,21,95,,,,
00-0040669,Isaac TeSlaa,WR,DET,17,4.56018087898475,4.171435625977015,5.48417509481492,24.528405201916495,70.0,model+realized,4.945396499758119,0.9616,1.0,False,62.38407980823238,63.676160952127354,34.222363108955754,89.36652777420224,14.44525,23,-82.14659779950401,-108.09480722097132,-96.41811298131103,259,21,96,169.3,13.9,29,-89.69999999999999
00-0035500,Greg Dortch,WR,ARI,17,4.313531455954761,3.9891295306939805,5.793556258262024,28.26009582477755,300.0,model+realized,5.103958845293717,0.9771428571428571,1.0,False,62.06928321600972,62.845013232994084,34.326670938873754,88.86229075036563,14.8235,23,-82.46139439172666,-108.59904424480793,-96.83710181092135,260,21,97,,,,
00-0036754,Brock Wright,TE,DET,17,1.9107349142548231,2.044044960124893,3.656661930037864,27.761806981519506,300.0,model+realized,3.1116728974665366,0.9771428571428571,1.0,False,30.991258334720886,31.191106924823444,13.967071409098077,47.31114243555079,14.813,9,-86.50119212250202,-105.32950844284382,-96.85676609869,261,21,64,,,,
00-0038720,Julian Hill,TE,MIA,17,2.164594624171274,2.2316803978892263,2.1022397020097117,26.146475017111566,300.0,model+realized,2.1140336114746128,0.9771428571428571,1.0,False,33.20374956358375,34.004268617759735,20.814755590128172,45.068119419957405,14.7845,9,-84.28870089363915,-107.5725314584372,-97.09480770427808,262,21,65,,,,
00-0039874,Jaylen Wright,RB,MIA,17,2.535831182802764,2.7966444945104407,4.778459633667343,23.419575633127995,120.0,model+realized,4.002387291554695,0.9771428571428571,1.0,False,41.905348795676474,42.50123947069477,18.519853555381275,63.09799279960802,14.39475,23,-91.75673782457997,-101.61312283459668,-97.17774958008917,263,21,76,,,,
00-0033217,Mo Alie-Cox,TE,IND,17,2.2385102408322837,2.126271722185266,2.858424082478686,32.95003422313484,300.0,model+realized+age_prior,2.6455249537549377,0.9771428571428571,0.93,False,31.81696576079425,32.4531765521036,17.149873412928812,45.731005238753774,14.7745,9,-85.67548469642865,-106.90964563964084,-97.35427321519535,264,21,66,,,,
00-0040727,Tre Harris,WR,LAC,17,4.937244180660402,4.450134588085106,2.9768345801617966,24.50650239561944,55.0,model+realized,3.319619531557511,0.9616,1.0,False,64.94765999774951,66.75485855450104,44.77912092653857,84.87878432455139,14.55525,23,-79.58301760998687,-112.58255067062217,-97.73276079333628,265,21,98,,,,
00-0036628,John Bates,TE,WAS,17,1.9908159385710338,2.1032352824455702,2.4255078303922497,28.8186173853525,124.0,model+realized,2.293215920295096,0.9771428571428571,1.0,False,31.324029634870026,31.90590082174848,17.82261083991721,44.031130124409614,14.76225,9,-86.16842082235287,-108.609520753985,-98.51102578475054,266,21,67,,,,
00-0039373,Audric Estimé,RB,NO,17,2.3017041800816003,2.623594101194798,5.580520216104673,22.986995208761122,147.0,model+realized,4.504061906584964,0.9771428571428571,1.0,False,39.64766275961817,39.75235914646659,15.711664921395593,62.14475798711994,14.42575,23,-94.01442386063827,-102.56635764708477,-98.71798744318386,267,21,77,,,,
00-0032385,Sterling Shepard,WR,TB,17,5.299851199474412,4.151970654969571,4.181137616092764,33.555099247091036,40.0,model+realized+age_prior,4.214723158782335,0.9771428571428571,0.88,False,61.75510734206922,63.69048886559459,36.13777446079088,85.63953279317367,14.5815,23,-82.77557026566716,-111.82180220199989,-98.75099783065016,268,21,99,,,,
00-0036887,Luke Farrell,TE,SF,17,1.8352152753240336,1.9882260965673528,3.0436288325924754,28.88158795345654,145.0,model+realized,2.677149309747553,0.9771428571428571,1.0,False,29.702956271437195,30.05587356027185,14.689449410288521,44.44436953005198,14.80225,9,-87.78949418578571,-108.19628134834264,-99.01322712519203,269,21,68,,,,
00-0040138,Jaylin Noel,WR,HOU,17,4.44758948824242,4.088215902384858,4.907841864272512,23.991786447638603,79.0,model+realized,4.52983636818971,0.9616,1.0,False,60.640516247394864,62.044643250512834,33.66698880095063,85.47453571120728,14.39775,23,-83.89016136034152,-111.98679928396628,-99.34331221833514,270,21,100,,,,
00-0034159,Will Dissly,TE,LAC,17,2.117410067039008,2.1309007099911983,1.812882819612746,30.1492128678987,120.0,model+realized+age_prior,1.9062363142406986,0.9771428571428571,0.97,False,31.321083198463572,32.196933876791235,19.42885666654264,42.19952642897843,14.75075,9,-86.17136725875933,-110.44112444941618,-99.51973371362061,271,21,69,,,,
00-0030564,DeAndre Hopkins,WR,BAL,17,5.187746139219643,4.079053624473425,4.167742018097061,34.23682409308692,27.0,model+realized+age_prior,4.182062787103389,0.9771428571428571,0.88,False,61.17583260014461,62.88115626768746,36.69139616349494,84.71566947859792,14.6915,23,-83.35484500759176,-112.74566551657564,-99.5197962875329,272,21,101,,,,
00-0037614,John Metchie III,WR,CAR,17,4.21835935147279,3.8012213837771736,5.281070524273742,26.12183436002738,44.0,model+realized+team_change_prior,5.445795682975539,0.9771428571428571,1.0,True,58.70214495742897,59.68972083175177,29.20505737668966,86.31329665517443,14.69975,23,-85.82853265030741,-111.14803833999913,-99.75426077963786,273,21,102,115.4,3.6,20,-157.6
00-0037306,John FitzPatrick,TE,GB,17,1.8571865147001323,2.0044657082801214,2.43033827226727,26.480492813141684,213.0,model+realized,2.2652499398435078,0.9771428571428571,1.0,False,29.76528267061398,30.469233917384244,16.443993993854228,42.39916316947586,14.76525,9,-87.72716778660892,-110.24148770891875,-100.11004374387933,274,21,70,,,,
00-0037004,Hunter Long,TE,JAX,17,1.7041123228961506,1.891323914338048,3.2208078087921472,28.035592060232716,81.0,model+realized,2.766971175212029,0.9771428571428571,1.0,False,27.973929283251525,28.218196035104338,12.672947366859656,42.705386657736575,14.76875,9,-89.51852117397138,-109.93526422065804,-100.74772984964903,275,21,71,,,,
00-0033455,Anthony Firkser,TE,DET,8,2.2472601050984577,2.252383052849168,2.7144783766209777,31.531827515400412,300.0,model+realized+age_prior,2.471460701036496,0.8283823529411766,0.97,False,28.73508435126123,29.166057274706507,15.733907515811897,41.45414156617305,12.5935,9,-88.75736610596167,-111.18650931222156,-101.0933948694046,276,21,72,,,,
00-0037086,Grant Calcaterra,TE,PHI,17,1.7493145939552983,1.9247342885991572,2.5324801840000526,27.742642026009584,198.0,model+realized,2.3094794285956404,0.9771428571428571,1.0,False,28.835372988610768,29.327147416170355,15.379357130099931,41.350104084946665,14.812,9,-88.65707746861213,-111.29054679344794,-101.10548559727184,277,21,73,,,,
00-0039912,Ben Sinnott,TE,WAS,17,1.7006973146311877,1.8887997777943797,2.334460512056895,24.216290212183434,53.0,model+realized,2.163456376944983,0.9771428571428571,1.0,False,28.254016732520455,28.715147319167542,15.880397796942978,40.38700758503405,14.861,9,-89.23843372470245,-112.25364329336057,-101.89679898746442,278,21,74,,,,
00-0033246,Johnny Mundt,TE,JAX,17,1.9350027776359338,2.0001226142409076,1.4327575222789999,31.772758384668034,300.0,model+realized+age_prior,1.6050932015824098,0.9771428571428571,0.97,False,29.874946184010092,30.669593915544915,20.186587888056028,39.051989041759555,14.888,9,-87.6175042732128,-113.58866183663505,-101.90164093309505,279,21,75,,,,
00-0040134,Pat Bryant,WR,DEN,17,4.24893511414962,3.94138440849018,4.377356508213604,23.72621492128679,74.0,model+realized,4.127372423328859,0.9616,1.0,False,58.01580265366911,59.377866626561385,33.62292463362931,81.05745070780495,14.44925,23,-86.51487495406727,-116.40388428736861,-102.95383008738301,280,21,103,,,,
00-0032211,Tyler Lockett,WR,LV,18,4.917470392121668,3.920928422140423,3.560371024214381,33.92470910335387,69.0,model+realized+age_prior,3.711916081136197,0.9776744186046511,0.88,False,58.886804803032625,60.111452592154365,36.88918494426625,79.82049403276345,14.81175,23,-85.64387280470376,-117.64084096241011,-103.24220529144226,281,21,104,,,,
00-0039530,Brevyn Spann-Ford,TE,DAL,17,1.6252414429608781,1.8330280465598032,2.1546120163909954,26.680355920602327,300.0,model+realized,2.0235132310971493,0.9771428571428571,1.0,False,27.466635656238584,27.897850016780133,16.039182250944762,38.43643386445063,14.92225,9,-90.02581480098432,-114.20421701394397,-103.32393601811214,282,21,76,,,,
00-0036415,Van Jefferson,WR,TEN,17,4.339286677057181,3.887921018511374,3.6258163381019535,30.099931553730322,57.0,model+realized+age_prior,3.6353064331640548,0.9771428571428571,0.97,False,58.12601784387694,59.8743753572949,36.12530403496535,79.27169507257177,14.6905,23,-86.40465976385944,-118.18963992260178,-103.88639885116773,283,21,105,,,,
00-0034270,Tyler Conklin,TE,LAC,17,1.6722781550687937,1.811760482669945,2.0664689975044532,31.091033538672143,157.0,model+realized+age_prior,1.9745760203059746,0.9771428571428571,0.97,False,26.885463076304358,27.25024198956682,15.673629814970681,37.580748872717834,14.8195,9,-90.60698738091854,-115.05990200567678,-104.05609042453557,284,21,77,,,,
00-0039424,Devaughn Vele,WR,NO,17,3.690624809703181,3.5287202704210734,6.1213764791915874,28.720054757015742,235.0,model+realized,5.196014511516969,0.9771428571428571,1.0,False,54.746743260695865,55.946230505808366,27.06514801488186,81.2405173000202,14.64475,23,-89.78393434704051,-116.22081769515336,-104.32422018850258,285,21,106,,,,
00-0038551,Kendre Miller,RB,NO,17,2.164518182919247,2.522195755466102,3.401113571966065,24.22450376454483,71.0,model+realized,2.99644393290355,0.9771428571428571,1.0,False,36.92521460841157,37.98361644994822,18.528747575400747,53.311767811453834,14.41325,23,-96.73687201184487,-111.39934782275087,-104.80123370784317,286,21,78,,,,
00-0037085,Tyler Badie,RB,DEN,17,2.5374327669649546,2.713893425885324,1.7292466908012456,27.564681724845997,196.0,model+realized+age_prior,1.9292216092550296,0.9771428571428571,0.97,False,38.87482209481246,40.78553943747288,23.368517726442793,51.58589976652986,14.348,23,-94.78726452544399,-113.12521586767484,-104.87313776367095,287,21,79,,,,
00-0038794,Jaleel McLaughlin,RB,DEN,17,2.2573225279365454,2.590790271348453,2.755249001238097,25.965776865160848,300.0,model+realized,2.5745885693886215,0.9771428571428571,1.0,False,37.49604396840949,38.974252720006135,20.047560828496604,52.320541990309,14.42725,23,-96.16604265184696,-112.39057364389569,-105.08953469747377,288,21,80,,,,
00-0039921,Trey Benson,RB,ARI,17,2.018889557886269,2.4145572065286833,3.896029275768736,24.109514031485283,66.0,model+realized,3.305788373787773,0.9771428571428571,1.0,False,35.762011232886344,36.474585230927524,16.352616619653325,53.46633260451157,14.51925,23,-97.9000753873701,-111.24478302969314,-105.23966459064778,289,21,81,,,,
00-0038685,Chris Brooks,RB,GB,17,2.4361120337148425,2.641250865394266,2.015108375424479,26.639288158795345,300.0,model+realized+age_prior,2.104684452377088,0.9771428571428571,0.97,False,37.984618870679036,39.419965926462325,22.79768460905754,51.141724928085495,14.4275,23,-95.6774677495774,-113.56939070611921,-105.51802537567539,290,21,82,,,,
00-0033553,James Conner,RB,ARI,17,2.3119022564931413,2.2627733564682533,4.5816289165985244,31.326488706365502,105.0,model+realized+age_prior,3.82672046018751,0.9771428571428571,0.86,False,34.38526825352888,34.74811197566545,13.505454246624733,53.87544594772643,14.50425,23,-99.27681836672757,-110.83566968647827,-105.63418659259045,291,21,83,162.2,29.6,27,-128.8
00-0040743,Tyler Shough,QB,NO,17,8.813586020320214,7.707018896726279,9.30927510288403,26.926762491444215,40.0,model+realized,8.274680049588994,0.9616,1.0,False,118.83498070531547,119.81583407841502,76.16431018043593,162.44988007916575,14.73675,8,-99.1892770104015,-110.97519715612472,-105.67153309054927,292,21,26,141.7,13.2,24,-150.3
00-0038440,Zavier Scott,RB,MIN,17,1.981621387307047,2.315400832382763,4.087094106488633,27.12662559890486,300.0,model+realized+age_prior,3.428752092458864,0.9771428571428571,0.97,False,34.776347296350444,35.51402343632578,15.265494995682651,52.76282901977861,14.44125,23,-98.885739323906,-111.9482866144261,-106.07014033369205,293,21,84,,,,
00-0039359,Cade Stover,TE,HOU,17,1.382751282007205,1.6537961884636099,2.0660241727416797,26.220396988364133,123.0,model+realized,1.9065645599055294,0.9771428571428571,1.0,False,24.778809806998066,25.33931825488095,13.92415094239676,35.13269386697376,14.83775,9,-92.71364065022483,-117.50795701142084,-106.35051464888264,294,21,78,,,,
00-0034981,Foster Moreau,TE,NO,17,1.499058380344844,1.7397623046262127,1.2913456274025807,29.322381930184804,137.0,model+realized,1.4069828174889878,0.9771428571428571,1.0,False,25.970571481934464,26.766469022256437,17.1257886471132,34.157351152593186,14.8635,9,-91.52187897528844,-118.48329972580143,-106.3506603880706,295,21,79,,,,
00-0037741,Jahan Dotson,WR,PHI,17,4.052683281970161,3.796328706444493,3.440406525226856,26.444900752908968,16.0,model+realized,3.4490172653198874,0.9771428571428571,1.0,False,56.30699496066421,57.77805744247044,35.19296262809743,76.01113938112064,14.6905,23,-88.22368264707217,-121.45019561405292,-106.49826477891158,296,21,107,,,,
00-0037563,Malik Davis,RB,DAL,17,1.904783617047266,2.2603114918791207,4.154046574266648,27.76454483230664,300.0,model+realized+age_prior,3.459929213165994,0.9771428571428571,0.97,False,34.05006020862653,34.86447826582315,14.211902775628053,52.57536378958246,14.5035,23,-99.61202641162991,-112.13575184462223,-106.50007539977568,297,21,85,,,,
00-0034365,Ian Thomas,TE,LV,17,1.3460999967158715,1.5779049247899586,2.225404788030311,30.236824093086927,101.0,model+realized+age_prior,2.0063720802372655,0.9771428571428571,0.97,False,23.62009249885612,23.9099328929045,12.83647792783718,34.22015698563681,14.8605,9,-93.87235795836678,-118.4204938927578,-107.37383272228183,298,21,80,,,,
00-0037348,Tanner Conner,TE,NYG,17,1.3660148395122693,1.641425774445614,1.5696102925848299,28.451745379876797,300.0,model+realized,1.5650891239490212,0.9771428571428571,1.0,False,24.430546487606275,24.952561918383267,15.107128212483515,33.30973302901043,14.83775,9,-93.06190396961662,-119.33091784938418,-107.50986160348879,299,21,81,,,,
00-0036988,Josh Palmer,WR,BUF,17,3.9704584429811955,3.7355538254526492,3.2577847941056337,26.94318959616701,77.0,model+realized,3.307560449018303,0.9771428571428571,1.0,False,55.28440506600159,57.209144432982406,34.15726026247657,74.87276898697739,14.63725,23,-89.24627254173478,-122.58856600819617,-107.58453394828855,300,21,108,,,,
00-0038979,Cedric Tillman,WR,CLE,17,3.719032098836106,3.5497169623888873,4.470705300324876,26.368240930869266,74.0,model+realized,4.079525997819685,0.9771428571428571,1.0,False,53.21207240870381,54.00245321231311,29.797223948830307,75.9424624145562,14.70825,23,-91.31860519903256,-121.51887258061736,-107.92875225890418,301,21,109,,,,
00-0040238,LeQuint Allen Jr.,RB,JAX,17,2.2850095490002613,2.611254591265113,1.0863118932478668,22.072553045859,236.0,model+realized,1.4448822848670566,0.9616,1.0,False,37.01809586522788,39.061001534170416,25.335377357845,46.875662900142274,14.22825,23,-96.64399075502857,-117.83545273406243,-108.2992948434972,302,21,86,,,,
00-0036626,Dyami Brown,WR,JAX,17,3.6757795489059903,3.5177476863535846,4.7896410893412344,26.833675564681723,82.0,model+realized,4.287315709803435,0.9771428571428571,1.0,False,52.35692456002784,53.977792155812736,26.61422717988892,75.71218282100223,14.6045,23,-92.17375304770854,-121.74915217417133,-108.44022256726308,303,21,110,,,,
00-0038783,Nate Adkins,TE,DEN,17,1.1135415835419202,1.454815106989269,2.6426507414292324,27.148528405201915,300.0,model+realized,2.277002504171878,0.9771428571428571,1.0,False,22.026853743537952,22.57392140657523,9.749391684171778,33.47788686843373,14.87875,9,-95.46559671368495,-119.16276400996088,-108.49903872663671,304,21,82,,,,
00-0037666,Jalen Tolbert,WR,DAL,17,3.7471799651490065,3.5705219070549443,4.079909528985402,27.509924709103355,88.0,model+realized,3.819698260922018,0.9771428571428571,1.0,False,53.38227363268761,54.661939229082776,30.12535547967294,74.70280281606998,14.663,23,-91.14840397504878,-122.75853217910358,-108.53397448727893,305,21,111,,,,
00-0026158,Joe Flacco,QB,CIN,17,9.14299922943994,7.15544840268547,10.390767395087984,41.62354551676933,18.0,model+realized+age_prior,9.065619366085182,0.9771428571428571,0.9,False,114.54805077611033,116.15067200804947,68.47297978858883,160.3878735101289,14.89475,8,-103.47620693960664,-113.03720372516156,-108.73475517166185,306,21,27,,,,
00-0040782,Isaiah Bond,WR,CLE,17,3.9569975833628686,3.7256044944304074,3.234044544783986,22.46406570841889,300.0,model+realized,3.2885891819883533,0.9616,1.0,False,54.234315043997896,56.17694841649248,33.768389991700296,73.5733861209848,14.36525,23,-90.29636256373848,-123.88794887418877,-108.77173503448614,307,21,112,,,,
00-0032464,Kalif Raymond,WR,DET,17,3.991715740428762,3.4886771390903566,4.421330316172485,32.06570841889117,300.0,model+realized+age_prior,4.103237200401316,0.9771428571428571,0.93,False,52.46025561774313,53.73959406235308,29.034781561390137,74.78796706172085,14.65575,23,-92.07042198999325,-122.67336793345271,-108.90204225889596,308,21,113,,,,
00-0036741,Jack Stoll,TE,NO,17,1.0765997659249518,1.4275102852723793,2.4549769377136483,28.591375770020534,300.0,model+realized,2.1493843176452807,0.9771428571428571,1.0,False,21.561304544934735,21.74339332887503,9.964558279723368,32.88329984146593,14.8515,9,-95.93114591228817,-119.75735103692868,-109.03555873084045,309,21,83,,,,
00-0034775,Christian Kirk,WR,SF,17,3.621932608273135,3.272401060285535,4.5780004625703254,29.78507871321013,47.0,model+realized+team_change_prior+age_prior,4.751900921573716,0.9771428571428571,0.97,True,51.24158996464368,51.879520183929216,25.581202935254364,75.45718775450113,14.749,23,-93.2890876430927,-122.00414724067242,-109.08237042176154,310,21,114,169.2,17.2,29,-140.8
00-0032104,Ameer Abdullah,RB,IND,16,2.2656775745086364,2.246340892458134,2.795941999875295,33.21834360027378,54.0,model+realized+age_prior,2.599778715288666,0.9765853658536585,0.86,False,32.83385673687728,33.509247218891886,16.92688342267277,47.654191062467106,14.4545,23,-100.82822988337917,-117.0569245717376,-109.7540119619763,311,21,87,,,,
00-0038589,Josh Whyle,TE,GB,17,1.119361624292305,1.4591168762395534,1.8594551700462598,26.981519507186857,147.0,model+realized,1.7444295156314567,0.9771428571428571,1.0,False,21.870789361876074,22.17019833491497,12.029335946543908,31.186195694661677,14.879,9,-95.62166109534682,-121.45445518373293,-109.82969784395918,312,21,84,,,,
00-0036755,Jaret Patterson,RB,LAC,12,1.7425458769113027,2.2700286930754396,3.6703872308303414,26.691307323750856,300.0,model+realized+age_prior,2.9993683828831816,0.9005743243243243,0.97,False,30.635423293963466,31.292041707816413,13.295411327871784,46.93810968371376,13.215,23,-103.02666332629298,-117.77300595049094,-111.13715176960187,313,21,88,,,,
00-0038738,Hunter Luepke,RB,DAL,17,1.7505504282500675,2.1497330013023466,2.7526190736652763,26.507871321013006,300.0,model+realized+age_prior,2.478153249166671,0.9771428571428571,0.97,False,31.500779173503034,32.446358888347305,16.197316176582873,45.734414066272016,14.479,23,-102.16130744675341,-118.97670156793268,-111.40977421340202,314,21,89,,,,
00-0036945,Justin Fields,QB,NYJ,17,7.743891328375639,6.916374993984636,11.170485797008851,27.49349760438056,11.0,model+realized,9.359999912063726,0.9771428571428571,1.0,False,111.47410156849124,112.28062314479607,67.02076220188593,157.23490815441585,14.9795,8,-106.55015614722574,-116.19016908087463,-111.85216326073262,315,21,28,,,,
00-0031236,Brandin Cooks,WR,BUF,17,3.851019616130878,3.39196384669255,3.604878230789985,32.93360711841205,20.0,model+realized+age_prior,3.5184919213866337,0.9771428571428571,0.93,False,50.82063092319194,51.51896542202314,30.666769800419605,70.76490481209477,14.711,23,-93.71004668454444,-126.69643018307879,-111.85255760873834,316,21,115,,,,
00-0040131,Kyle Williams,WR,NE,17,3.398599064028991,3.3128751540531938,4.778267283785422,23.800136892539356,69.0,model+realized,4.221350619986049,0.9616,1.0,False,49.53101285111356,50.39778512795384,26.958128561317473,71.54922572534569,14.50925,23,-94.99966475662282,-125.91210926982787,-112.0015092388856,317,21,116,,,,
00-0036442,Joe Burrow,QB,CIN,17,7.89834233982125,7.030534437227045,10.343213034756316,29.724845995893222,1.0,model+realized,8.823488071347235,0.9771428571428571,1.0,False,112.29588632745548,114.06042055274594,68.36272866411716,156.17196798640435,14.9475,8,-105.7283713882615,-117.25310924888612,-112.06697721160504,318,21,29,50.0,9.5,9,-268.0
00-0033375,Tim Patrick,WR,JAX,17,3.499905190241131,3.1506108435048583,5.231880496476555,32.772073921971256,300.0,model+realized+age_prior,4.5510902974220135,0.9771428571428571,0.93,False,48.3949058420072,49.25473117949598,23.744737629072795,71.8610615130577,14.63875,23,-96.13577176572917,-125.60027348211585,-112.34124770974185,319,21,117,,,,
00-0033040,Tyreek Hill,WR,MIA,17,3.269269974873312,2.992074201984632,6.099909594315601,32.50376454483231,165.0,model+realized+age_prior,5.09289755079935,0.9771428571428571,0.93,False,47.06066445389598,47.587664024563026,20.58719444364181,72.39575760211198,14.75075,23,-97.4700131538404,-125.06557739306157,-112.64757348541204,320,21,118,,,,
00-0039746,Will Shipley,RB,PHI,17,1.7578722180426225,2.221631346644249,1.5873581455843357,24.008213552361397,127.0,model+realized,1.687143267493982,0.9771428571428571,1.0,False,31.805940129048746,33.3298173222423,18.46143515673609,42.681009214751526,14.3375,23,-101.8561464912077,-122.03010641945318,-112.95182445174271,321,21,90,,,,
00-0039751,Jordan Whittington,WR,LA,17,3.725731145945145,3.5546684319912205,2.187733180849126,25.916495550992472,213.0,model+realized,2.5285123123506517,0.9771428571428571,1.0,False,52.158696134906776,53.996449291894265,35.87957933423536,67.54848165585896,14.656,23,-92.3719814728296,-129.9128533393146,-113.01946099939636,322,21,119,,,,
00-0036590,Quintin Morris,TE,JAX,17,0.8244579998762087,1.2411446321059172,2.0410673390049974,27.61122518822724,300.0,model+realized,1.8679257905233984,0.9771428571428571,1.0,False,18.249222613964175,18.73200145928854,7.491097087302508,28.131988502168134,14.77125,9,-99.24322784325872,-124.50866237622648,-113.13921683639099,323,21,85,,,,
00-0040648,Tory Horton,WR,SEA,17,2.876312432045208,2.926837208673876,6.480116647461362,23.756331279945243,166.0,model+realized,5.268884655641498,0.9616,1.0,False,46.153393892342024,45.89594184575866,19.33471477100096,71.99318032942118,14.53525,23,-98.37728371539436,-125.46815466575238,-113.27726273809127,324,21,120,,,,
00-0036429,Charlie Woerner,TE,ATL,17,0.8631145333091133,1.2697168524693683,1.5301624289020854,28.876112251882272,190.0,model+realized,1.5205104516534182,0.9771428571428571,1.0,False,18.919365852435455,19.365361493876502,9.957017814558874,27.148241883723035,14.81225,9,-98.57308460478745,-125.49240899467158,-113.37871301922372,325,21,86,,,,
00-0034837,Calvin Ridley,WR,TEN,17,3.4826729966250136,3.1387655834583015,4.7984678927390005,31.698836413415467,26.0,model+realized+age_prior,4.2527495363074275,0.9771428571428571,0.93,False,47.62918753735814,47.755410762612016,25.519358771392778,70.30833659526107,14.73525,23,-96.90149007037823,-127.15299839991249,-113.53981965162207,326,21,121,150.4,15.5,25,-175.6
00-0032775,Demarcus Robinson,WR,SF,17,3.7807602070725936,3.3436681398572685,3.1625799222637654,31.94524298425736,126.0,model+realized+age_prior,3.2029687656169137,0.9771428571428571,0.93,False,49.76194671730376,51.257843440094035,30.261015674158422,68.18927694836455,14.72725,23,-94.76873089043262,-129.272058046809,-113.74556082643963,327,21,122,,,,
00-0035243,Miles Sanders,RB,DAL,17,1.5629811990754117,1.9321507606456039,3.1742646207197254,29.336071184120467,53.0,model+realized+age_prior,2.729840973155678,0.9771428571428571,0.93,False,28.526773764866366,28.911703303348762,12.544262473705254,43.569071987067616,14.44025,23,-105.13531285539008,-121.14204364713709,-113.93901479085093,328,21,91,,,,
00-0039405,Jawhar Jordan,RB,HOU,17,1.589070896024562,2.033959197545886,4.298272566837,27.039014373716633,205.0,model+realized+age_prior,3.499039002203025,0.8761111111111111,0.97,False,27.424189351226143,27.614135463465118,9.870868897054097,44.43884450440348,12.967,23,-106.2378972690303,-120.27227112980123,-113.9568028924543,329,21,92,,,,
00-0031687,Raheem Mostert,RB,LV,17,1.9291078187973705,2.0194492399851156,2.2253552261050236,34.39561943874059,300.0,model+realized+age_prior,2.152961990513668,0.9771428571428571,0.86,False,29.457633650782938,30.185880374815,16.390042072836494,41.87302459305003,14.529,23,-104.20445296947351,-122.83809104115467,-114.45295390889815,330,21,93,,,,
00-0036972,Mac Jones,QB,SF,17,7.940942895224494,7.062021804264225,9.369888253461347,27.98904859685147,15.0,model+realized,8.168807797333166,0.9771428571428571,1.0,False,111.30171164119767,112.61130890871922,70.97222870945181,152.3408752157405,14.98975,8,-106.7225460745193,-121.08420201954996,-114.62145684428617,331,21,30,,,,
00-0038397,Evan Hull,RB,NO,10,1.7783132700347912,2.4373016229025666,0.7441624673267107,25.848049281314168,176.0,model+realized,1.3331951939114166,0.8520357142857142,1.0,False,30.562836853609166,32.08885977969409,19.239323092524575,40.403014809240055,12.5285,23,-103.09924976664728,-124.30810082496464,-114.76411784872182,332,21,94,,,,
00-0040697,Thomas Gordon,TE,CHI,3,0.16844949738633605,1.6706543369666167,0.0,25.987679671457904,300.0,model+realized,1.5843813703794978,0.6911363636363637,1.0,False,17.40614507454542,17.623122818761015,8.493082407501246,25.728755788272114,10.46,9,-100.08630538267748,-126.9118950901225,-114.84037972177224,333,21,87,,,,
00-0036876,Kylen Granson,TE,PHI,17,0.6744805521553949,1.130291735964446,1.7194176510736212,28.432580424366872,127.0,model+realized,1.6492040027300625,0.9771428571428571,1.0,False,16.826116015310387,17.03730816019187,7.714290334414341,25.35033591695137,14.896,9,-100.66633444191251,-127.29031496144324,-115.30952372765441,334,21,88,,,,
00-0036328,Antonio Gibson,RB,NE,17,1.6067772889080396,1.9622558119609887,2.324027310763897,28.191649555099247,66.0,model+realized+age_prior,2.1598591512992504,0.9771428571428571,0.93,False,28.607632101333024,29.276670995473573,15.405364121302219,40.90572524356202,14.532,23,-105.05445451892342,-123.80539039064269,-115.36746924836902,335,21,95,,,,
00-0032268,Marcus Mariota,QB,WAS,17,7.950669058160607,7.069210707303961,8.862313135838017,32.837782340862425,2.0,model+realized,7.825296120023945,0.9771428571428571,1.0,False,111.24788567434449,112.90599738102037,71.39334026903708,150.83567179687338,14.9935,8,-106.77637204137248,-122.58940543841709,-115.47354040974702,336,21,31,,,,
00-0037304,Connor Heyward,TE,PIT,17,0.90907102751397,1.3036846960120885,0.0,27.60848733744011,208.0,model+realized,0.4799999999999999,0.9771428571428571,1.0,False,19.26286672176672,20.114973556259155,16.129619694145585,22.866237539316696,14.77475,9,-98.22958373545617,-129.7744133390779,-115.57924001744811,337,21,89,,,,
00-0037292,Andrew Ogletree,TE,IND,17,0.5542699758669825,1.0414404404469237,2.173740338408323,28.095824777549623,192.0,model+realized,1.95814343011766,0.9771428571428571,1.0,False,15.430631601325683,15.502980164544036,4.8389946360253475,25.586588265747807,14.78625,9,-102.06181885589722,-127.0540626126468,-115.8075529221095,338,21,90,,,,
00-0040528,JJ Galbreath,TE,PIT,3,-0.20538594855709638,1.5460425216521394,0.0,25.073237508555785,300.0,model+realized,1.5,0.6911363636363637,1.0,False,16.325093725490255,16.40584923462002,8.25505603561436,24.315373662641786,10.45825,9,-101.16735673173264,-128.32527721575283,-116.10421299794376,339,21,91,,,,
00-0040164,Jaylin Lane,WR,WAS,17,3.3876205382639784,3.304760591531228,2.548990572986976,24.33675564681725,128.0,model+realized,2.703136055243153,0.9616,1.0,False,48.40492868272026,49.85577013523852,31.77778921022707,64.58155723178876,14.54725,23,-96.12574892501613,-132.8797777633848,-116.3404647861189,340,21,123,,,,
00-0036332,Josiah Deguara,TE,ARI,17,0.4535539307157991,0.9669981462047448,2.3124980127177475,29.544147843942504,94.0,model+realized,2.052498648648068,0.9771428571428571,1.0,False,14.674342417907601,14.730108733587553,4.492356984078584,25.104089679643447,14.9075,9,-102.8181080393153,-127.53656119875116,-116.41325727700502,341,21,92,,,,
00-0040729,Jack Bech,WR,LV,17,3.3082656631878815,3.246106988214113,3.091817949895194,23.704312114989733,58.0,model+realized,3.055587562970604,0.9616,1.0,False,47.379364010311534,48.72468238915772,28.37864971279498,65.1987255169522,14.45475,23,-97.15131359742485,-132.26260947822135,-116.46252633186292,342,21,124,,,,
00-0034970,Irv Smith,TE,HOU,4,0.0,1.4530540540540542,0.0,28.06297056810404,50.0,model+realized,1.5,0.6978571428571428,1.0,False,15.453053977316088,15.546061524914084,7.485148276278408,23.393330509353305,10.59275,9,-102.03939647990681,-129.2473203690413,-117.00375461893077,343,21,93,,,,
00-0039420,Jaheim Bell,TE,PIT,4,-0.11733685293518586,1.4061193128799798,0.0,25.215605749486652,231.0,model+realized,1.5,0.7179741379310345,1.0,False,15.308586000558163,15.398545916717946,7.631999171067297,23.149878454110425,10.93525,9,-102.18386445666474,-129.4907724242842,-117.20266383885544,344,21,94,,,,
00-0040586,Jaydon Blue,RB,DAL,17,1.1539509807875459,1.7752547799774536,3.1378734837465965,22.647501711156742,149.0,model+realized,2.6287027309692563,0.9616,1.0,False,25.709900283179184,26.171962424480817,10.283534625087787,39.86906108380058,14.2375,23,-107.95218633707726,-124.84205455040413,-117.24161385440703,345,21,96,132.4,38.3,22,-212.6
00-0033576,Eric Saubert,TE,SEA,17,0.6986888575150856,1.067811893044183,1.0179275370026275,32.31485284052019,174.0,model+realized+age_prior,1.1721907251617867,0.9771428571428571,0.93,False,15.808538192029104,16.15248090393454,9.05756461353889,22.28191562793526,14.84875,9,-101.6839122651938,-130.35873525045935,-117.45506490708985,346,21,95,,,,
00-0038679,Tyrell Shavers,WR,BUF,17,2.850347903022238,2.9076460350482023,4.698740444492107,27.039014373716633,300.0,model+realized,4.0520941320117,0.9771428571428571,1.0,False,44.09226721537621,44.78233842777699,21.486905022890504,65.7399044108908,14.6475,23,-100.43841039236017,-131.72143058428276,-117.6440714979176,347,21,125,,,,
00-0039458,Brenden Bates,TE,CLE,16,0.4705380154444366,1.0026885812568875,1.2811453209270736,26.87748117727584,300.0,model+realized,1.354096880618049,0.9765853658536585,1.0,False,14.76270810566313,15.021404413378118,7.108184653260317,22.39387342618458,14.8155,9,-102.72974235155976,-130.24677745221004,-117.86411165691743,348,21,96,,,,
00-0030035,Adam Thielen,WR,PIT,17,3.75660884787094,3.148192151491835,2.6333829729746756,36.02737850787132,300.0,model+realized+age_prior,2.8380410506074876,0.9771428571428571,0.88,False,46.71592232500331,48.28566913654791,29.291211731388117,63.04459897128849,14.708,23,-97.81475528273307,-134.41673602388508,-117.94584469036668,349,21,126,,,,
00-0040142,Kaleb Johnson,RB,PIT,17,1.4515680577132741,1.9952326194442962,0.8148890216753806,23.04996577686516,83.0,model+realized,1.1046575611899305,0.9616,1.0,False,28.35876074567382,29.802247334908056,18.787179357226577,36.14820886293867,14.2045,23,-105.30332587458263,-128.56290677126603,-118.0960953677585,350,21,97,,,,
00-0039399,Tanner McLachlan,TE,LAC,5,-0.12854716951025574,1.2625276993626602,0.0,27.46611909650924,194.0,model+realized,1.5,0.7388333333333333,1.0,False,14.283817510919043,14.317755150111678,6.400125649771931,21.81742510772156,11.2265,9,-103.20863294630385,-130.82322577067305,-118.39665899970691,351,21,97,,,,
00-0039737,Tip Reiman,TE,ARI,17,0.5145345028359913,1.0120707429892346,0.8095023889075675,24.955509924709105,82.0,model+realized,1.0304616244571458,0.9771428571428571,1.0,False,15.055312730814423,15.382781111076461,8.83899467728983,20.97546966381517,14.8235,9,-102.43713772640848,-131.66518121457943,-118.5125616449025,352,21,98,,,,
00-0039794,Braelon Allen,RB,NYJ,17,1.169933587777797,1.7870680112311175,2.2402566817219856,22.614647501711158,134.0,model+realized,2.021308287040458,0.9771428571428571,1.0,False,26.06662264007953,26.932855311392093,13.873659754069577,37.21989830854975,14.4945,23,-107.59546398017692,-127.49121732565496,-118.53812832018983,353,21,98,178.2,29.3,30,-174.8
00-0037475,Stone Smartt,TE,NYJ,17,0.29604099709852194,0.8505755430963226,2.182955363182458,27.90965092402464,300.0,model+realized,1.9644096469640715,0.9771428571428571,1.0,False,12.748938567517959,12.512383808607794,2.722245928048256,22.648163253668667,14.81325,9,-104.74351188970495,-129.99248762472595,-118.63044854396651,354,21,99,,,,
00-0035359,David Sills,WR,ATL,17,3.108014040179479,2.8812282747016105,4.329532646969701,31.260780287474333,300.0,model+realized+age_prior,3.8551640994297594,0.9771428571428571,0.93,False,43.49972097074355,43.694501743377046,22.857378765662805,64.03750319683249,14.7335,23,-101.03095663699283,-133.42383179834107,-118.84703797573437,355,21,127,,,,
00-0037078,Cole Turner,TE,TEN,5,-0.2420951217660934,1.2109149937918249,0.0,26.46132785763176,149.0,model+realized,1.5,0.7388333333333333,1.0,False,13.598683799247,13.633205929489595,5.760244337345723,21.20014330099368,11.1795,9,-103.8937666579759,-131.44050757740092,-119.04447416365966,356,21,100,,,,
00-0037654,Tucker Fisk,TE,LAC,17,0.5055667618187972,1.0054424126721782,0.6536098854461592,27.616700889801507,300.0,model+realized,0.9244547221033882,0.9771428571428571,1.0,False,14.910607694495797,15.324079784679846,9.347216970874799,20.09032997744517,14.84725,9,-102.5818427627271,-132.55032090094943,-119.06450573874938,357,21,101,,,,
00-0039146,Jayden Reed,WR,GB,17,2.7191566464582433,2.8106785845443802,4.721244227830575,26.34360027378508,50.0,model+realized,4.039835654657726,0.9771428571428571,1.0,False,43.26044022454041,43.88631590562714,21.26316372299618,63.8362439389215,14.755,23,-101.27023738319596,-133.62509105625207,-119.06540690337681,358,21,128,90.5,7.3,15,-267.5
00-0036423,Albert Okwuegbunam,TE,LV,17,0.37264108596494017,0.9071930000845447,2.085806375312463,28.35318275154004,118.0,model+realized,1.898348335212475,0.9005743243243243,1.0,False,12.613645048075412,12.621830701885736,3.2023064090721935,21.901553961643334,13.594,9,-104.87880540914749,-130.73909691675127,-119.10196573832957,359,21,102,,,,
00-0040363,Keleki Latu,TE,BUF,17,0.35247744076721943,0.8922894362427511,1.4971050495579008,24.05201916495551,300.0,model+realized,1.4980314336993725,0.9616,1.0,False,13.169736026694746,13.282127334553017,5.039603747227613,21.011422175676756,14.60825,9,-104.32271443052815,-131.62922870271785,-119.34129728023248,360,21,103,,,,
00-0036893,Najee Harris,RB,LAC,17,1.306247615469992,1.755674327741183,1.770676175263862,28.48186173853525,24.0,model+realized+age_prior,1.7274521454915712,0.9771428571428571,0.93,False,25.50928979645627,26.302563479487915,13.240617213101125,36.20988688174461,14.4275,23,-108.15279682380017,-128.5012287524601,-119.34443438456313,361,21,99,,,,
00-0039050,Payne Durham,TE,TB,17,0.49382389895586554,0.9967629053387069,0.5093248125762992,26.21218343600274,171.0,model+realized,0.8263408725518835,0.9771428571428571,1.0,False,14.725032728064011,15.065151160747517,9.800892731904616,19.506303357209216,14.83325,9,-102.7674177291589,-133.1343475211854,-119.46922911477347,362,21,104,,,,
00-0035291,Trayveon Williams,RB,CLE,12,1.1766545193611075,1.8255666207520331,2.763109249970534,28.870636550308006,182.0,model+realized+age_prior,2.335843171665685,0.9005743243243243,0.93,False,24.475383570997433,25.184643875632403,10.93051768915721,36.728525444524756,13.35275,23,-109.18670304925901,-127.98259018967994,-119.52444097649052,363,21,100,,,,
00-0036232,Harrison Bryant,TE,HOU,17,0.4472233990845247,0.9623190576077159,0.4514681931340952,28.358658453114305,115.0,model+realized,0.7869983713311847,0.9771428571428571,1.0,False,14.22643144562197,14.60094849948248,9.435798907578624,18.893098195851305,14.80725,9,-103.26601901160093,-133.7475526825433,-120.03086253061923,364,21,105,,,,
00-0034073,Ross Dwelley,TE,CAR,13,0.35512616066791297,0.9775139584393004,0.5073814121899791,31.59753593429158,300.0,model+realized+age_prior,0.8855218265937965,0.9253947368421053,0.97,False,13.836011268421343,14.20678113371438,8.384000946825868,19.089767864284603,14.067,9,-103.65643918880156,-133.55088301411,-120.0983832927212,365,21,106,,,,
00-0039796,Rasheen Ali,RB,BAL,17,0.9044889889694798,1.5908698295032309,2.7833274627154245,25.53867214236824,165.0,model+realized,2.3726626746464885,0.9771428571428571,1.0,False,23.135120611752697,23.589006572721942,8.744286873671703,36.458488102703676,14.38475,23,-110.52696600850375,-128.25262753150102,-120.27607984615226,366,21,101,,,,
00-0034798,Durham Smythe,TE,CHI,17,0.4165681314621032,0.9114709918319309,0.7316379689758172,31.06365503080082,123.0,model+realized+age_prior,0.9775138189035557,0.9771428571428571,0.97,False,13.480153608201558,13.714859565603103,7.743614262217261,19.04684731107524,14.7785,9,-104.01229684902134,-133.59380356731936,-120.28212554408525,367,21,107,,,,
00-0037539,Lucas Krull,TE,DEN,17,0.3937894402165618,0.9228243923574824,0.5835993791070357,28.142368240930868,300.0,model+realized,0.8768475777927842,0.9771428571428571,1.0,False,13.698091048066262,14.01587091604595,8.634696439228382,18.854331143756195,14.75425,9,-103.79435940915664,-133.78631973463843,-120.28993758817163,368,21,108,,,,
00-0039757,Terrell Jennings,RB,NE,17,0.9077041461202932,1.5932462500060058,2.7625781862771084,25.659137577002053,300.0,model+realized,2.358553166668434,0.9771428571428571,1.0,False,23.491657576923462,23.869242807181216,9.91719275649397,36.08861492785612,14.547,23,-110.17042904333299,-128.62250070634857,-120.31906845799156,369,21,102,,,,
00-0037282,James Mitchell,TE,CAR,17,0.34111675609107917,0.8838924084386475,1.003779621934897,27.058179329226558,177.0,model+realized,1.1625701429157298,0.9771428571428571,1.0,False,12.985910959564823,13.136147617270277,6.267397830367901,19.353349427277667,14.79,9,-104.50653949765808,-133.28730145111695,-120.33595857206046,370,21,109,,,,
00-0039917,Michael Penix Jr.,QB,ATL,17,7.523986204755313,6.753836424352222,8.594389243604704,26.316221765913756,8.0,model+realized,7.571187937798113,0.9771428571428571,1.0,False,105.97688343448793,107.47455532118462,65.78724346364383,146.01980163093413,15.00475,8,-112.04737428122904,-127.40527560435635,-120.49422000894907,371,21,32,,,,
00-0037340,Zaire Mitchell-Paden,TE,NO,16,0.29278360348561205,0.8734126452868334,0.6630422309325403,27.033538672142367,300.0,model+realized,0.9420281539550268,0.976,1.0,False,13.01882940046319,13.22865329786231,7.287287590431732,18.428679515346477,14.79725,9,-104.47362105675971,-134.21197136304812,-120.82971372521834,372,21,110,,,,
00-0038359,Xavier Smith,WR,LA,17,2.736733906962754,2.823670472743366,3.7060860121443167,28.944558521560573,300.0,model+realized,3.3532207512440557,0.9771428571428571,1.0,False,42.64243846832851,43.52020022267903,23.84008904971673,60.52173081037383,14.7745,23,-101.88823913940787,-136.93960418479972,-121.16648991437339,373,21,129,,,,
00-0040466,Raheim Sanders,RB,CLE,17,0.9767886148315614,1.6443086834012912,2.265356094589572,24.23271731690623,300.0,model+realized,2.020442144320909,0.9616,1.0,False,23.31036054782849,23.820728565910112,10.813814399033602,34.67441291809193,14.17725,23,-110.35172607242795,-130.03670271611276,-121.1784632264546,374,21,103,,,,
00-0039355,Luke McCaffrey,WR,WAS,17,2.560060952556763,2.693086115138938,4.714503591858539,25.415468856947296,100.0,model+realized,4.001828724843813,0.9771428571428571,1.0,False,40.86029572544362,41.43917540292874,19.579167356543184,61.592834048445944,14.67475,23,-103.67038188229276,-135.8685009467276,-121.37934736773192,375,21,130,,,,
00-0036534,Shane Zylstra,TE,DET,17,0.1907543743489155,0.7727549958466134,1.212678125181665,29.790554414784395,300.0,model+realized,1.3046211251235322,0.9771428571428571,1.0,False,11.501101987362357,11.591409766246176,4.357038814649645,18.263603893432286,14.83525,9,-105.99134846986054,-134.37704698496233,-121.60348265316654,376,21,111,,,,
00-0039648,David Martin-Robinson,TE,TEN,17,0.08366735657688662,0.6936037218412008,1.8096757915682675,26.68309377138946,300.0,model+realized,1.710579538266422,0.9771428571428571,1.0,False,10.298147478592474,10.231236893566841,1.4059341879856693,19.073033553780316,14.78575,9,-107.19430297863043,-133.5676173246143,-121.69962586892157,377,21,112,,,,
00-0039754,Devin Culp,TE,TB,17,0.07334183492746695,0.685971814535108,1.8432707502761305,26.579055441478438,246.0,model+realized,1.7334241101877688,0.9771428571428571,1.0,False,10.277293469879183,10.046777929752919,1.6612251368427657,19.024181144987086,14.80175,9,-107.21515698734372,-133.6164697334075,-121.73587899767881,378,21,113,,,,
00-0040060,Marshall Lang,TE,NE,6,-0.025430058880900403,1.1981633489379284,0.0,24.878850102669404,300.0,model+realized,0.8571428571428571,0.6635714285714285,1.0,False,12.101022879683564,12.280496407478513,6.8173522277568095,17.247466402555037,10.07375,9,-105.39142757753933,-135.39318447583958,-121.89239387160447,379,21,114,,,,
00-0039923,J.J. McCarthy,QB,MIN,17,7.407256939470619,6.667558271750492,8.979040954945479,23.613963039014372,10.0,model+realized,7.813075688813793,0.9771428571428571,1.0,False,104.73183936553785,106.18347568246394,63.740495909691724,144.42301401230873,14.93575,8,-113.29241835017912,-129.00206322298175,-121.93272303022056,380,21,33,,,,
00-0036640,Zach Davidson,TE,NYG,8,-0.06598307017036154,1.0001911413698321,0.0,28.13141683778234,168.0,model+realized,0.75,0.8051893939393939,1.0,False,12.193717198652276,12.436486602741088,7.558949217540507,16.695060809556736,12.24525,9,-105.29873325857062,-135.94559006883787,-122.15450450421761,381,21,115,,,,
00-0037755,Jelani Woods,TE,NYJ,17,0.2643212317301209,0.8271304991283739,0.33954987505086615,27.89596167008898,73.0,model+realized,0.710893915034589,0.9771428571428571,1.0,False,12.247437558737753,12.637465132996814,7.784000528357772,16.405779347240927,14.82775,9,-105.24501289848514,-136.2348715311537,-122.28943514645283,382,21,116,,,,
00-0039739,Roman Wilson,WR,PIT,17,2.4132478766521706,2.5845721025138046,4.850485118248786,25.201916495550993,84.0,model+realized,4.063453234417431,0.9771428571428571,1.0,False,39.68962472751384,39.86034721808927,18.15037583392988,60.82090984638757,14.755,23,-104.84105288022255,-136.640425148786,-122.33070762793244,383,21,131,,,,
00-0038809,Ben Sims,TE,MIN,17,0.17227828466827655,0.7590987556478803,0.8299982282050542,26.2943189596167,300.0,model+realized,1.044398795179437,0.9771428571428571,1.0,False,11.248369308215192,11.46388510774862,5.023816503771027,17.064424867805617,14.77025,9,-106.24408114900771,-135.57622601058898,-122.37676082287742,384,21,117,,,,
00-0036510,Kenny Yeboah,TE,DET,9,-0.04879795403751957,0.9394239302801911,0.0,27.838466803559207,300.0,model+realized,0.7058823529411764,0.8283823529411766,1.0,False,11.802891130374004,11.988687090170542,7.621467167561776,16.057505601800678,12.5785,9,-105.6895593268489,-136.58314527659394,-122.68103159920867,385,21,118,,,,
00-0038394,Will Mallory,TE,IND,17,0.16494783200254562,0.7536805949819052,0.6305926250944658,27.195071868583163,162.0,model+realized,0.9088029850642367,0.9771428571428571,1.0,False,11.201049129334372,11.351626740340029,5.919687760413616,16.2588730254227,14.874,9,-106.29140132788854,-136.3817778529719,-122.84110841668439,386,21,119,,,,
00-0035956,Giovanni Ricci,TE,DET,6,0.11100503248889065,1.2663808946228239,0.0,29.87542778918549,300.0,model+realized,0.8571428571428571,0.5714166666666667,1.0,False,11.070213129150813,11.179618864185455,5.705187410596294,16.34305613211988,8.699,9,-106.42223732807209,-136.29759474627474,-122.85368390808355,387,21,120,,,,
00-0040628,Drake Dabney,TE,GB,11,0.14655682748305293,0.9495685672267131,0.3919647479510927,24.301163586584533,300.0,model+realized,0.8585059067085273,0.7685526315789473,1.0,False,11.145995988080022,11.309650511718914,6.31553965840488,15.95472959450898,11.703,9,-106.34645446914288,-136.68592128388562,-123.0331612172514,388,21,121,,,,
00-0040644,Trevor Etienne,RB,CAR,17,0.9463841275553336,1.6218358015014707,1.3941316082696322,22.146475017111566,114.0,model+realized,1.4280094936233498,0.9616,1.0,False,23.030092744290254,24.011995917219302,13.120195720326038,31.46741638636081,14.2195,23,-110.63199387596619,-133.2436992478439,-123.06843183049892,389,21,104,,,,
00-0036849,Tutu Atwell,WR,LA,17,2.509568743691404,2.655765786847151,4.264671906558374,26.902121834360027,57.0,model+realized,3.68533562517481,0.9771428571428571,1.0,False,40.095793094967064,40.602340303707535,20.288583074373108,59.058600516396915,14.69825,23,-104.43488451276932,-138.40273447877664,-123.11720199407335,390,21,132,,,,
00-0039631,Cam Grandy,TE,CIN,17,0.15503859869339343,0.7463563790577493,0.45697213198592834,26.784394250513348,300.0,model+realized,0.7907410497504312,0.9771428571428571,1.0,False,11.068737842059967,11.316922045216824,6.49528618237326,15.57395352076182,14.80825,9,-106.42371261516294,-137.0666973576328,-123.27735422352136,391,21,122,,,,
00-0039843,Qadir Ismail,TE,CHI,10,-0.06638646066538467,0.8666672458679184,0.0,26.537987679671456,300.0,model+realized,0.6666666666666666,0.8520357142857142,1.0,False,11.25263341484123,11.53485283395334,7.362853554211054,15.160090161885705,12.999,9,-106.23981704238167,-137.4805607165089,-123.42222606315164,392,21,123,,,,
00-0039466,Ian Wheeler,RB,NO,3,-0.7999999999999999,2.0904103628992394,0.0,24.960985626283367,300.0,model+realized,1.7955707902223894,0.6978571428571428,1.0,False,21.511203788024282,21.828697982638495,10.385646616299466,31.996670207585524,10.277,23,-112.15088283223216,-132.7144454266192,-123.46084225914502,393,21,105,,,,
00-0038710,Blake Whiteheart,TE,CLE,17,0.13879347236938944,0.7343491117747898,0.40475119445378377,26.444900752908968,300.0,model+realized,0.7552308122285729,0.9771428571428571,1.0,False,10.91416686317848,11.18832532292183,6.347939561569744,15.10570880229813,14.80925,9,-106.57828359404442,-137.53494207609648,-123.60444575917306,394,21,124,,,,
00-0040571,Gee Scott Jr.,TE,WAS,8,-0.00973490791909525,1.032332948370556,0.0,25.675564681724847,300.0,model+realized,0.75,0.69,1.0,False,10.656368178138035,10.912664910122238,5.942810014849952,15.199903982989854,10.3105,9,-106.83608227908486,-137.44074689540474,-123.6686478180608,395,21,125,,,,
00-0033854,Dare Ogunbowale,RB,HOU,17,1.0411686976541508,1.4550288073279911,2.1296229989477147,32.328542094455855,300.0,model+realized+age_prior,1.928143639284446,0.9771428571428571,0.86,False,21.275137417903903,21.882454788325504,9.745320801475096,31.7695432272913,14.429,23,-112.38694920235254,-132.9415724069134,-123.69199196486102,396,21,106,,,,
00-0039910,Jayden Daniels,QB,WAS,17,7.197175367333843,6.512280587997221,9.153201304333203,25.702943189596166,2.0,model+realized,7.896094226540841,0.9771428571428571,1.0,False,102.93790403890223,103.60777283386777,65.14198054848187,142.62458886509532,14.9845,8,-115.08635367681474,-130.80048837019515,-123.72912775817397,397,21,34,79.2,11.9,14,-317.8
00-0037617,Hassan Haskins,RB,LAC,17,0.9466524038804028,1.573373069917313,1.1056007150759584,26.765229295003422,131.0,model+realized+age_prior,1.2318084862516516,0.9771428571428571,0.97,False,22.65980474920506,23.620498989920975,13.205358111838143,30.462333524852244,14.36625,23,-111.0022818710514,-134.24878210935245,-123.78785700211697,398,21,107,,,,
00-0039263,McCallan Castles,TE,GB,10,-0.07229937419186988,0.8629716749138652,0.0,26.746064339493497,300.0,model+realized,0.6666666666666666,0.8283823529411766,1.0,False,10.854799691264137,11.057952382431196,6.823615778056621,14.805795274431391,12.55775,9,-106.63765076595877,-137.8348556039632,-123.79611342686121,399,21,126,,,,
00-0034983,Hunter Renfrow,WR,CAR,17,2.236250037900133,2.3801351846113863,5.710613184341631,30.69678302532512,149.0,model+realized+age_prior,4.611156086083339,0.9616,0.97,False,37.04979082436243,36.79083023350381,14.403188618348912,60.13253584845943,14.4225,23,-107.48088678337395,-137.32879914671412,-123.89723858321105,400,21,133,,,,
00-0038741,John Stephens Jr.,TE,DAL,11,-0.06661138448983779,0.8116361947736662,0.0,26.940451745379878,300.0,model+realized,0.631578947368421,0.8761111111111111,1.0,False,10.814016912830029,11.025786719815134,6.856627875550248,14.551677191904963,13.37775,9,-106.67843354439287,-138.08897368648965,-123.9542306225461,401,21,127,,,,
00-0040651,Damien Martinez,RB,GB,4,-0.0006071104214367074,2.12112648244074,0.0,22.584531143052704,223.0,model+realized,1.819825121291724,0.6700000000000002,1.0,False,21.095349841267332,21.439589428664775,10.193003817917607,31.43748816092182,9.90225,23,-112.56673677898911,-133.2736274732829,-123.9555266608507,402,21,108,,,,
00-0039652,Jabari Small,RB,DET,5,0.0,1.9285175696448318,0.0,24.583162217659137,300.0,model+realized,1.6677355862987122,0.7388333333333333,1.0,False,21.107480742643197,21.564714368167373,10.442232681771188,31.061497497973484,10.9405,23,-112.55460587761326,-133.64961813623123,-124.15686261985314,403,21,109,,,,
00-0034364,Jordan Akins,TE,JAX,11,0.0,0.7949060413354532,0.0,34.36824093086927,98.0,model+realized+age_prior,0.631578947368421,0.8761111111111111,0.93,False,10.559366376438687,10.801437430271818,6.607147309229446,14.370745281477214,13.29525,9,-106.93308408078421,-138.2699055969174,-124.16833591465746,404,21,128,,,,
00-0040556,Corey Kiner,RB,ARI,15,0.8263621222337852,1.6004345285523778,1.433377629437347,24.61054072553046,300.0,model+realized,1.456550627893922,0.9175,1.0,False,21.757093117143594,22.557363737582005,12.056948153781343,30.444676194707384,13.57575,23,-111.90499350311285,-134.26643943949733,-124.20378876812433,405,21,110,,,,
00-0036980,Elijah Moore,WR,DEN,17,2.6291351362913122,2.7441409465949094,2.9210946779669875,26.431211498973305,34.0,model+realized,2.7968219737024134,0.9771428571428571,1.0,False,40.69666254986436,41.621950491071686,23.968576352481605,56.560221727930745,14.70675,23,-103.83401505787202,-140.9011132672428,-124.22091907302595,406,21,134,,,,
00-0040179,DJ Giddens,RB,IND,17,0.8307114996056951,1.5363386417126073,1.2579453368840139,23.017111567419576,151.0,model+realized,1.3354028290811295,0.9616,1.0,False,22.003530549557865,22.85634544274587,12.76247922776258,30.06160850479351,14.245,23,-111.65855607069858,-134.64950712941118,-124.3035791529905,407,21,111,,,,
00-0039451,Isaiah Williams,WR,NYJ,17,2.4284047547247507,2.595775012393538,3.98828246978866,25.587953456536617,300.0,model+realized,3.4803396355654246,0.9765853658536585,1.0,False,39.100693505303184,39.377840440097806,20.93885974808488,57.50576981272236,14.7155,23,-105.4299841024332,-139.9555651824512,-124.41905369644311,408,21,135,,,,
00-0036427,Tyler Johnson,WR,NYJ,17,2.3155364247085934,2.5123505945555085,4.2733527958322215,28.019164955509925,161.0,model+realized,3.650475742247772,0.9771428571428571,1.0,False,38.58998698929843,38.905611428926434,18.695356549683797,57.89017712696528,14.79375,23,-105.94069061843794,-139.57115786820827,-124.43744760581163,409,21,136,,,,
00-0037317,Nick Muse,TE,NYJ,12,-0.08306069544618609,0.7518784552881284,0.0,27.76728268309377,227.0,model+realized,0.6000000000000001,0.9005743243243243,1.0,False,10.389810497119049,10.641939333689894,6.707825763040259,13.800965308667216,13.78275,9,-107.10263996010386,-138.8396855697274,-124.55801504539681,410,21,129,,,,
00-0040509,Ben Yurosek,TE,MIN,17,0.03399781926807974,0.6568914551346914,0.5689903338370521,24.459958932238195,300.0,model+realized,0.8669134270091954,0.9616,1.0,False,9.549617813173269,9.676041203170605,4.470639526938138,14.423933871928842,14.56825,9,-107.94283264404963,-138.21671700646576,-124.5934690433785,411,21,130,,,,
00-0040392,Caden Prieskorn,TE,CLE,14,0.04661305885044132,0.7591561682223361,0.0,26.94592744695414,300.0,model+realized,0.5454545454545454,0.8768181818181817,1.0,False,10.096844504615554,10.380019293126864,6.570581519034353,13.56622363583826,13.266,9,-107.39560595260735,-139.07442724255634,-124.8189576620793,412,21,131,,,,
00-0040244,Moliki Matavao,TE,NO,17,0.006829321861991727,0.6368103918345394,0.7276068751089989,23.460643394934976,248.0,model+realized,0.9747726750741192,0.9616,1.0,False,9.158416988021044,9.225859867640931,3.8194753998049222,14.32984614701115,14.543,9,-108.33403346920186,-138.31080473138346,-124.82125766340175,413,21,132,,,,
00-0039824,Jared Wiley,TE,KC,17,0.01627393439924459,0.6437911924055523,0.33954987505086615,25.828884325804243,131.0,model+realized,0.710893915034589,0.9771428571428571,1.0,False,9.616818338936486,9.780980995455892,5.409539411549298,13.66745665028281,14.8045,9,-107.87563211828642,-138.9731942281118,-124.97929127869037,414,21,133,,,,
00-0040581,Dont'e Thornton Jr.,WR,LV,17,2.769908902459931,2.848191121589106,2.0178067592430797,23.753593429158112,108.0,model+realized,2.2121603611602527,0.9616,1.0,False,41.02485690273731,42.27476477249722,27.079324555985746,54.80373473117959,14.4645,23,-103.50582070499907,-142.65760026399397,-125.03929946244628,415,21,137,,,,
00-0036265,AJ Dillon,RB,PHI,17,0.9593619759222414,1.5172281555129246,0.7809778937897253,28.334017796030118,62.0,model+realized+age_prior,1.0110649677770132,0.9771428571428571,0.93,False,21.956404098512504,22.956261119260585,14.015270388015287,28.66844311119823,14.427,23,-111.70568252174394,-136.04267252300647,-125.09102702243834,416,21,112,,,,
00-0033439,Pharaoh Brown,TE,ARI,12,-0.17917657658555672,0.6396551171115497,0.6062177826491071,32.328542094455855,300.0,model+realized+age_prior,0.9637306695894643,0.9005743243243243,0.93,False,8.859108703222638,8.921395505922288,3.5248592916547383,13.898531508136948,13.6805,9,-108.63334175400027,-138.74211937025765,-125.19316944294184,417,21,134,,,,
00-0037015,Sal Cannella,TE,CLE,17,0.3411191137682856,0.8838941510696261,0.7518604376126323,29.746748802190282,300.0,model+realized,0.99126509757659,0.6601923076923077,1.0,False,8.937744609357559,8.97622151426342,4.051502538386928,13.757073831507464,10.109,9,-108.55470584786534,-138.88357704688715,-125.23558500732733,418,21,135,,,,
00-0037258,Dameon Pierce,RB,KC,17,0.8667442515272554,1.5160823989476,0.5532657057657474,26.532511978097194,107.0,model+realized+age_prior,0.8562206799207082,0.9771428571428571,0.97,False,21.841056460684957,22.97709517695244,14.921411195096452,27.68107049293738,14.45525,23,-111.82103015957149,-137.03004514126732,-125.6859883995042,419,21,113,,,,
00-0033699,Austin Ekeler,RB,WAS,17,0.795981721642774,1.2991751730111942,2.3042799053832286,31.293634496919918,300.0,model+realized+age_prior,2.0469103356605953,0.9771428571428571,0.86,False,19.155365378756333,19.397867421127284,7.3121197931176,29.87704792932017,14.47825,23,-114.50672124150012,-134.83406770488455,-125.68676179636157,420,21,114,,,,
00-0034272,Marquez Valdes-Scantling,WR,PIT,16,2.7183421785139403,2.61724908905395,3.0463092423455636,31.89322381930185,174.0,model+realized+age_prior,2.8958766202843567,0.9765853658536585,0.93,False,39.07312555333319,40.18514135871487,22.164418446035146,55.06971442503541,14.7055,23,-105.45755205440318,-142.39162057013814,-125.77128973805742,421,21,138,,,,
00-0035329,Donald Parham,TE,PIT,17,0.0,0.631762632197415,0.0,29.04312114989733,300.0,model+realized,0.4799999999999999,0.9771428571428571,1.0,False,9.46105346560694,9.7313128813929,6.538438161900077,12.26765783797305,14.91125,9,-108.03139699161596,-140.37299304042156,-125.81927481845904,422,21,136,,,,
00-0036556,Brevin Jordan,TE,HOU,17,0.0,0.631762632197415,0.0,26.127310061601644,147.0,model+realized,0.4799999999999999,0.9771428571428571,1.0,False,9.314775701097224,9.653086037433004,5.95393033026231,12.303376613947572,14.71125,9,-108.17767475612568,-140.33727426444705,-125.86545448570243,423,21,137,,,,
00-0038145,Thomas Odukoya,TE,NE,17,0.0,0.631762632197415,0.0,29.32511978097194,300.0,model+realized,0.4799999999999999,0.9771428571428571,1.0,False,9.397396803082575,9.6556769473783,6.471938286986083,12.232319921949996,14.89725,9,-108.09505365414033,-140.40833095644462,-125.86735617040769,424,21,138,,,,
00-0038828,Tanner Taula,TE,TB,17,0.0,0.631762632197415,0.0,27.737166324435318,300.0,model+realized,0.4799999999999999,0.9771428571428571,1.0,False,9.359258431103045,9.648034839791567,6.42556471195383,12.242102093780924,14.85775,9,-108.13319202611986,-140.3985487846137,-125.87913824329146,425,21,139,,,,
00-0039814,Erick All,TE,CIN,17,0.0,0.631762632197415,0.0,25.965776865160848,115.0,model+realized,0.4799999999999999,0.9771428571428571,1.0,False,9.387743554905084,9.663226406797076,6.517266924003153,12.20177678436813,14.82025,9,-108.10470690231782,-140.4388740940265,-125.88849885775758,426,21,140,,,,
00-0039702,Mason Pline,TE,NO,17,0.0,0.631762632197415,0.0,26.570841889117045,300.0,model+realized,0.4799999999999999,0.9771428571428571,1.0,False,9.325641323914997,9.6361908052696,6.171113584385707,12.244343568472507,14.765,9,-108.16680913330791,-140.3963073099221,-125.89303313044572,427,21,141,,,,
00-0040301,Jalin Conyers,TE,MIA,17,0.0,0.631762632197415,0.0,25.10335386721424,300.0,model+realized,0.4799999999999999,0.9616,1.0,False,9.284220383242989,9.53022244845885,6.325599604319785,12.27721805063961,14.5615,9,-108.2082300739799,-140.363432827755,-125.8935915885562,428,21,142,,,,
00-0039936,Thomas Yassmin,TE,LAC,17,0.0,0.631762632197415,0.0,26.863791923340177,300.0,model+realized,0.4799999999999999,0.9771428571428571,1.0,False,9.329824618175234,9.6423682838413,6.186268041749769,12.234970646116384,14.76625,9,-108.16262583904766,-140.40568023227823,-125.89630575532448,429,21,143,,,,
00-0038643,Brayden Willis,TE,SF,17,-0.008889857505032813,0.6251918679545647,0.0,26.806297056810404,247.0,model+realized,0.4799999999999999,0.9771428571428571,1.0,False,9.343157984540843,9.629612448239778,6.353048417329897,12.188930557480287,14.869,9,-108.14929247268206,-140.45172032091432,-125.91562778920981,430,21,144,,,,
00-0039231,Patrick Murtagh,TE,DEN,17,0.0,0.631762632197415,0.0,26.55441478439425,300.0,model+realized,0.4799999999999999,0.9771428571428571,1.0,False,9.334116151258174,9.648565747644085,6.4149121191049225,12.187184070024784,14.85825,9,-108.15833430596473,-140.45346680836983,-125.92065718228753,431,21,145,,,,
00-0033757,Robert Tonyan,TE,KC,17,0.03926932090926946,0.6145326376642721,0.26678918753996633,32.33949349760438,300.0,model+realized+age_prior,0.661416647527177,0.9505448717948718,0.93,False,8.807533787054055,9.006772072233431,4.8392341919031,12.615777952270662,14.4115,9,-108.68491667016885,-140.02487292612395,-125.92189261094416,432,21,146,,,,
00-0040250,Luke Lachey,TE,HOU,17,0.0,0.631762632197415,0.0,25.17453798767967,255.0,model+realized,0.4799999999999999,0.9616,1.0,False,9.24731394807069,9.565295942972309,6.2936872010367635,12.153804538956509,14.55075,9,-108.24513650915222,-140.4868463394381,-125.97807691580945,433,21,147,,,,
00-0040292,Bryce Pierre,TE,CAR,17,0.0,0.631762632197415,0.0,25.598904859685145,300.0,model+realized,0.4799999999999999,0.9616,1.0,False,9.234645729936917,9.489373759863588,6.232709296730588,12.134093080111503,14.58675,9,-108.25780472728599,-140.5065577982831,-125.9946189163344,434,21,148,,,,
00-0040331,Patrick Herbert,TE,JAX,17,0.0,0.631762632197415,0.0,25.869952087611225,300.0,model+realized,0.4799999999999999,0.9616,1.0,False,9.271622805975744,9.60301452972183,6.125945118304121,12.103022969479765,14.58425,9,-108.22082765124716,-140.53762790891486,-125.9950677929644,435,21,149,,,,
00-0040081,Jake Briningstool,TE,KC,17,0.0,0.631762632197415,0.0,23.72895277207392,300.0,model+realized,0.4799999999999999,0.9616,1.0,False,9.189051928098415,9.45686355486844,6.128148785949059,12.163646571699521,14.52375,9,-108.30339852912448,-140.47700430669508,-125.99888170678831,436,21,150,,,,
00-0040046,Rivaldo Fairweather,TE,ARI,17,0.0,0.631762632197415,0.0,24.12046543463381,300.0,model+realized,0.4799999999999999,0.9616,1.0,False,9.21126895785619,9.441602509372588,6.327078731102894,12.126595610154414,14.5885,9,-108.28118149936671,-140.51405526824018,-126.00926207224711,437,21,151,,,,
00-0040504,Bryson Nesbit,TE,MIN,17,0.0,0.631762632197415,0.0,23.93429158110883,300.0,model+realized,0.4799999999999999,0.9616,1.0,False,9.20801734575477,9.511724452903142,6.139103357221978,12.112553243270204,14.586,9,-108.28443311146813,-140.5280976351244,-126.01844859947907,438,21,152,,,,
00-0040598,Mark Redman,TE,LA,17,0.0,0.631762632197415,0.0,24.61327857631759,300.0,model+realized,0.4799999999999999,0.9616,1.0,False,9.27153606552953,9.467120482729865,6.430890908416072,12.056720570102208,14.67625,9,-108.22091439169337,-140.5839303082924,-126.02057314582284,439,21,153,,,,
00-0040215,Gavin Bartholomew,TE,MIN,17,0.0,0.631762632197415,0.0,23.340177960301162,202.0,model+realized,0.4799999999999999,0.9616,1.0,False,9.205729913237025,9.433338884643632,6.297896817055739,12.107611656151112,14.631,9,-108.28672054398588,-140.5330392222435,-126.02219581702758,440,21,154,,,,
00-0040094,Tre Watson,TE,KC,17,0.0,0.631762632197415,0.0,23.887748117727583,300.0,model+realized,0.4799999999999999,0.9616,1.0,False,9.214928426922151,9.53501903070814,6.24435214816932,12.075861303763407,14.58025,9,-108.27752203030074,-140.5647895746312,-126.0355191796825,441,21,155,,,,
00-0040240,Caleb Lohner,TE,DEN,17,0.0,0.631762632197415,0.0,24.917180013689254,241.0,model+realized,0.4799999999999999,0.9616,1.0,False,9.206154168103557,9.441195360899801,6.324367438912735,12.072863633197825,14.5955,9,-108.28629628911935,-140.5677872451968,-126.04111631496195,442,21,156,,,,
00-0040552,Joshua Simon,TE,ATL,17,0.0,0.631762632197415,0.0,25.760438056125942,300.0,model+realized,0.4799999999999999,0.9616,1.0,False,9.181474395365289,9.45154577058804,6.288085069411623,11.988425514028416,14.556,9,-108.31097606185762,-140.6522253643662,-126.09866317823733,443,21,157,,,,
00-0039023,Joel Wilson,TE,TEN,16,-0.030703766317951964,0.6381491036115141,0.0,26.195756331279945,300.0,model+realized,0.5,0.9253947368421053,1.0,False,9.053835695209584,9.257954195565201,6.02374272423722,12.045082280041031,14.1215,9,-108.43861476201332,-140.59556859835357,-126.12493937200045,444,21,158,,,,
00-0040253,Maximilian Mang,TE,NYG,16,-0.04987708292652964,0.6242048733507304,0.0,26.469541409993155,300.0,model+realized,0.5,0.96,1.0,False,9.039561765730632,9.352740758178083,5.732918138883132,12.02910450744086,14.53575,9,-108.45288869149226,-140.61154637095376,-126.1401504151961,445,21,159,,,,
00-0038735,Princeton Fant,TE,DAL,17,-0.03293616862915638,0.6074185075584734,0.0,27.477070499657767,300.0,model+realized,0.4799999999999999,0.9771428571428571,1.0,False,9.010942429492063,9.276677176788409,5.975428163358567,11.960990641640002,14.80525,9,-108.48150802773084,-140.67966023675461,-126.19049174269392,446,21,160,,,,
00-0040021,Phil Mafah,RB,DAL,17,0.4168007393588552,1.2304046015301604,2.6436383128960297,23.854893908281998,239.0,model+realized,2.2776740527693002,0.9616,1.0,False,17.799777786303874,17.959712744401315,5.329239274328542,29.836051608840727,14.32975,23,-115.86230883395257,-134.87506402536397,-126.31932418922884,447,21,115,,,,
00-0024243,Marcedes Lewis,TE,DEN,9,-0.43753844241685985,0.656747062644906,0.0,42.286105407255306,28.0,model+realized+age_prior,0.7058823529411764,0.8283823529411766,0.93,False,8.244426115581803,8.320050700073,4.25638308200682,12.044110789014685,12.5385,9,-109.2480243416411,-140.5965400893799,-126.48970800289744,448,21,161,,,,
00-0035769,Scotty Washington,TE,BAL,10,-0.03703090896883378,0.8584640317079149,0.0,30.099931553730322,300.0,model+realized+age_prior,0.6666666666666666,0.6266666666666667,0.97,False,8.192319379985463,8.21831669109222,4.348682356545317,12.05929072742284,9.55075,9,-109.30013107723744,-140.58136015097176,-126.50480706779132,449,21,162,,,,
00-0040387,Zach Horton,TE,DET,17,-0.0456199047922384,0.5980435721335866,0.0,23.748117727583846,300.0,model+realized,0.4799999999999999,0.9616,1.0,False,8.690047343588356,8.948557701838663,5.700088923323097,11.560402271198418,14.538,9,-108.80240311363454,-141.08024860719618,-126.55521813509344,450,21,163,,,,
00-0036032,Sean McKeon,TE,IND,17,-0.06500915156058304,0.5837123897395928,0.0,28.67624914442163,300.0,model+realized,0.4799999999999999,0.9771428571428571,1.0,False,8.634963022690924,8.89068759331187,5.644265710577018,11.534669604830274,14.79275,9,-108.85748743453198,-141.10598127356434,-126.59415904599977,451,21,164,,,,
00-0035039,Stephen Carlson,TE,CHI,17,-0.054649492538514324,0.591369529016774,0.0,29.71937029431896,300.0,model+realized,0.4799999999999999,0.9771428571428571,1.0,False,8.688253457416517,8.95175595796045,5.756698580993388,11.463166483242214,14.797,9,-108.80419699980638,-141.1774843951524,-126.60950506724669,452,21,165,,,,
00-0040566,CJ Dippre,TE,NE,17,-0.05910870028632714,0.5880735928553471,0.0,24.34223134839151,300.0,model+realized,0.4799999999999999,0.9616,1.0,False,8.524909327165846,8.808590681651374,5.53793045494212,11.363506542658904,14.5255,9,-108.96754113005706,-141.2771443357357,-126.73782289318031,453,21,166,,,,
00-0036196,Gabe Davis,WR,BUF,17,2.227073867328861,2.4469652260574453,3.9539909101624224,27.50444900752909,128.0,model+realized,3.414725182390204,0.9771428571428571,1.0,False,36.82350835944203,37.29697166456603,17.457990390253773,55.146748585876516,14.62,23,-107.70716924829435,-142.31458640929705,-126.74124868684584,454,21,139,,,,
00-0038498,E.J. Jenkins,TE,PHI,17,-0.08455044403986149,0.5692688257331696,0.0,27.82751540041068,300.0,model+realized,0.4799999999999999,0.9771428571428571,1.0,False,8.441027489827952,8.631049124316952,5.466193638672411,11.32597746360251,14.8665,9,-109.05142296739496,-141.3146734147921,-126.79621071346341,455,21,167,,,,
00-0037031,Nikola Kalinic,TE,CHI,17,-0.0882304110480633,0.5665488501184117,0.0,29.609856262833677,300.0,model+realized,0.4799999999999999,0.9771428571428571,1.0,False,8.39785918497617,8.605668485359091,5.446191437535702,11.195488691935441,14.8345,9,-109.09459127224673,-141.44516218645916,-126.88740527506357,456,21,168,,,,
00-0040758,Lawrance Toafili,RB,NYJ,4,-0.6,1.8813693266093148,0.0,24.752908966461327,300.0,model+realized,1.6305059780998046,0.6700000000000002,1.0,False,18.673680017321193,18.896060931143914,9.035795662676964,28.068499505936096,9.943,23,-114.98840660293526,-136.6426161282686,-126.89822184186859,457,21,116,,,,
00-0038040,Zamir White,RB,LV,17,0.6553956600576077,1.3645546479330568,1.146702433322715,26.954140999315538,122.0,model+realized+age_prior,1.2597576546594462,0.9771428571428571,0.97,False,19.67386199155327,20.449809098099536,11.212495074424186,27.11975578791016,14.423,23,-113.98822462870318,-137.59135984629455,-126.96994899837844,458,21,117,,,,
00-0038389,Israel Abanikanda,RB,DAL,6,0.0,1.7678077721744292,0.0,23.906913073237508,143.0,model+realized,0.8804768627753516,0.7603629032258065,1.0,False,20.086046358175448,20.81070895199487,12.814237283963479,26.775882664499466,11.3215,23,-113.576040262081,-137.93523296970523,-126.97359625127433,459,21,118,,,,
00-0039518,Treyton Welch,TE,NO,17,-0.10466052547532448,0.5544048524982621,0.0,25.639972621492127,300.0,model+realized,0.4799999999999999,0.9771428571428571,1.0,False,8.178357338495761,8.412115765718548,5.161206495064272,11.077240685129482,14.70425,9,-109.31409311872714,-141.56341019326513,-127.05121750972305,460,21,169,,,,
00-0040058,Nick Kallerup,TE,SEA,17,-0.09482995012756103,0.5616709299292177,0.0,25.43189596167009,300.0,model+realized,0.4799999999999999,0.9616,1.0,False,8.184040223735773,8.38629722334599,5.348675176069514,11.01049201420127,14.60625,9,-109.30841023348712,-141.63015886419333,-127.08537198037554,461,21,170,,,,
00-0035436,Matt Sokol,TE,PIT,16,-0.04136637979564961,0.611482641358902,0.0,30.811772758384667,300.0,model+realized+age_prior,0.5,0.8761111111111111,0.97,False,8.098747553220125,8.31578199071814,5.011188203053604,11.068280580744686,13.236,9,-109.39370290400278,-141.5723702976499,-127.0919699705087,462,21,171,,,,
00-0037311,Ko Kieft,TE,TB,17,-0.11622969667011147,0.5458537259629848,0.0,28.61327857631759,218.0,model+realized,0.4799999999999999,0.9771428571428571,1.0,False,8.151890110359643,8.370563176319436,5.165509884035496,10.923296114128597,14.8135,9,-109.34056034686326,-141.71735476426602,-127.14779727643477,463,21,172,,,,
00-0035345,Chris Myarick,TE,MIA,11,-0.062994302725022,0.789557359661667,0.0,30.90485968514716,300.0,model+realized+age_prior,0.631578947368421,0.6428499999999999,0.97,False,7.672767900323362,7.768485174864182,4.073428794145879,11.128627253536434,9.74625,9,-109.81968255689954,-141.5120236248582,-127.25047014427679,464,21,173,,,,
00-0036360,Clyde Edwards-Helaire,RB,KC,17,0.6520291943090017,1.3621410383593824,0.8979961351940938,27.392197125256672,32.0,model+realized+age_prior,1.0906373719319837,0.9771428571428571,0.97,False,19.63392734406518,20.611186767646462,11.365004589310963,26.472014915254007,14.364,23,-114.02815927619126,-138.23910071895068,-127.34417706970895,465,21,119,,,,
00-0040009,Savion Williams,WR,GB,17,2.4876787160953375,2.639586201232667,2.303529899957889,24.774811772758383,87.0,model+realized,2.347160338474298,0.9616,1.0,False,38.58552601432454,39.78051560974437,23.62539691273738,52.34621724727175,14.4975,23,-105.94515159341184,-145.11511774790182,-127.48863297838133,466,21,140,,,,
00-0039275,Messiah Swinson,TE,ARI,18,-0.10952950400650935,0.5232920611843073,0.0,26.365503080082135,300.0,model+realized,0.46153846153846156,0.9776744186046511,1.0,False,7.861973847834744,8.014014932886269,5.148265936279734,10.47979865816836,14.95275,9,-109.63047660938815,-142.16085222022625,-127.5221831953491,467,21,174,,,,
00-0039489,Hayden Rucci,TE,MIA,17,-0.15861616712292145,0.5145245956282991,0.0,25.593429158110883,300.0,model+realized,0.4799999999999999,0.9505448717948718,1.0,False,7.377283586348151,7.611848162864909,4.363898805056036,10.119736167304872,14.4085,9,-110.11516687087475,-142.52091471108974,-127.938328182993,468,21,175,,,,
00-0038590,Justin Shorter,TE,LV,17,-0.18860338239783866,0.4923601321642299,0.0,26.373716632443532,150.0,model+realized,0.4799999999999999,0.9771428571428571,1.0,False,7.320851022124068,7.499053433387385,4.470516719510108,10.034537548359225,14.861,9,-110.17159943509883,-142.60611333003538,-128.01058207731393,469,21,176,,,,
00-0036165,Isaiah Hodgins,WR,NYG,15,2.0702123275397675,2.355863303229863,3.9647854682849872,27.863107460643395,207.0,model+realized,3.346726905269512,0.976,1.0,False,35.786102144129124,36.27370807092926,17.63323127453439,53.5975743427643,14.6965,23,-108.74457546360725,-143.86376065240927,-128.06012731744835,470,21,141,,,,
00-0040455,Rushawn Baker,RB,NE,5,-0.24,1.8194266605539227,0.0,23.37577002053388,300.0,model+realized,1.5815942681491104,0.6617307692307692,1.0,False,17.779383055271072,18.071008535688307,8.501908707200172,26.659954673441447,9.7945,23,-115.88270356498538,-138.05116096076324,-128.07535513266322,471,21,120,,,,
00-0039299,George Holani,RB,SEA,17,0.3350135885550609,1.1348546323210136,2.3549853252946056,26.71047227926078,300.0,model+realized+age_prior,2.0813900212003316,0.9771428571428571,0.97,False,16.56812926145982,16.596941486947017,4.800106254501481,27.631503606660228,14.41275,23,-117.09395735879663,-137.07961202754447,-128.08606742660794,472,21,121,,,,
00-0036414,Cam Akers,RB,SEA,16,0.459415717234935,1.2594279272543885,1.3727436031539175,27.195071868583163,52.0,model+realized+age_prior,1.4151624021026117,0.9771428571428571,0.97,False,18.145682197650494,18.699467061394714,9.028351021201974,26.330672830915656,14.4285,23,-115.51640442260594,-138.38044280328904,-128.09162553198166,473,21,122,,,,
00-0036145,Lawrence Cager,TE,WAS,17,-0.019024974617213915,0.6177006944368656,0.0,29.032169746748803,300.0,model+realized,0.4799999999999999,0.7388333333333333,1.0,False,6.963140774268604,7.084741709082872,4.005991741278409,9.71087007952083,11.2245,9,-110.52930968295429,-142.92978079887376,-128.34956879671,474,21,177,,,,
00-0035356,Tyree Jackson,TE,WAS,17,0.0,0.631762632197415,0.0,28.815879534565365,300.0,model+realized,0.4799999999999999,0.7179741379310345,1.0,False,6.8741998968628435,7.013995479819798,3.905868247113301,9.738099595058538,10.89025,9,-110.61825056036005,-142.90255128333607,-128.37461595799687,475,21,178,,,,
00-0036950,Avery Williams,RB,NYJ,4,-0.8999999999999999,1.638073473746663,0.0,28.13141683778234,183.0,model+realized+age_prior,1.5357505281352424,0.7179741379310345,0.93,False,17.47009635686372,17.792117149964998,7.956491508206481,26.30653845703694,10.6025,23,-116.19199026339273,-138.40457717716777,-128.408913065969,476,21,123,,,,
00-0038456,Travis Vokolek,TE,ARI,17,-0.24777397069851814,0.448625349507206,0.0,28.243668720054757,300.0,model+realized,0.4799999999999999,0.9771428571428571,1.0,False,6.743130473706028,6.910680263971209,3.858936764323665,9.407455281130527,14.871,9,-110.74931998351687,-143.23319559726409,-128.61545157107784,477,21,179,,,,
00-0031484,Chris Manhertz,TE,NYG,17,-0.2819066085579677,0.39375909658266256,0.41231056256176607,34.392881587953454,300.0,model+realized+age_prior,0.7603711825420009,0.9771428571428571,0.93,False,5.903450615886255,5.948840053826225,1.804750508431389,9.956294795666729,14.7795,9,-111.58899984133664,-142.68435608272787,-128.69144577410182,478,21,180,,,,
00-0034521,Allen Lazard,WR,NYJ,15,2.4231408448037985,2.529716448237331,2.4132570364156245,30.72416153319644,300.0,model+realized+age_prior,2.412743177785047,0.976,0.97,False,37.309801463116884,38.213035563339986,22.7456183503092,51.15247062135691,14.7135,23,-107.2208761446195,-146.30886437381665,-128.71926967067793,479,21,142,,,,
00-0037276,Ty Chandler,RB,MIN,17,0.48181301408718535,1.1889651517471753,1.6233588998268558,28.306639288158795,169.0,model+realized+age_prior,1.583884051882262,0.9771428571428571,0.93,False,17.236215502221988,17.499839483291886,7.755333155013972,25.927318485216414,14.4585,23,-116.42587111803445,-138.7837971489883,-128.72273043505908,480,21,124,,,,
00-0040225,Thomas Fidone II,TE,NYG,17,-0.2623077993096197,0.43788295444682657,0.0,23.94798083504449,219.0,model+realized,0.4799999999999999,0.9616,1.0,False,6.32730194006941,6.49438141467958,3.4964563372770856,9.03914545475318,14.53925,9,-111.1651485171535,-143.60150542364144,-129.00514481572185,481,21,181,,,,
00-0038727,Xazavian Valladay,RB,MIN,4,-0.3,1.8612734737466627,0.0,28.164271047227928,300.0,model+realized+age_prior,1.7252614280643663,0.5984090909090909,0.93,False,16.419743013735502,16.57389745926187,6.856422353346728,25.641152756921766,8.81425,23,-117.24234360652095,-139.06996287728293,-129.24753420544005,482,21,125,,,,
00-0039920,Malachi Corley,WR,CLE,17,2.348560020876379,2.536759339549089,1.9925043361086479,24.449007529089666,65.0,model+realized,2.106436485102612,0.9771428571428571,1.0,False,37.4132179667349,38.32861217788759,24.4853248732896,50.03817830506576,14.71025,23,-107.11745964100149,-147.4231566901078,-129.28559301800996,483,21,143,,,,
00-0035406,Lil'Jordan Humphrey,WR,DEN,17,1.9499772739954966,2.242154700550176,3.942229885558202,28.369609856262834,300.0,model+realized,3.3485144078053173,0.9771428571428571,1.0,False,34.28516544873645,34.740465787625055,15.40416250835896,52.159352180086955,14.7175,23,-110.24551215899993,-145.3019828150866,-129.5265710198476,484,21,144,,,,
00-0040488,Carter Runyon,TE,LV,17,-0.3973505590834919,0.338068740700921,0.3152963125472329,25.1088295687885,300.0,model+realized,0.6944014925321182,0.9616,1.0,False,4.9173512619180455,4.894538622027647,1.293316983277655,8.501454854297503,14.568,9,-112.57509919530486,-144.13919602409712,-129.9353524511406,485,21,182,,,,
00-0036906,Khalil Herbert,RB,NYJ,15,0.3143525360702175,1.1482834578879126,1.438153578129163,28.36413415468857,217.0,model+realized+age_prior,1.4596653770407584,0.9505448717948718,0.93,False,16.188621069562476,16.550546782875607,7.236228472172368,24.24124927819897,14.0915,23,-117.47346555069397,-140.46986635600572,-130.12148599361544,486,21,126,,,,
00-0036825,Feleipe Franks,TE,ATL,17,-0.40691014652697316,0.33100295867747836,0.06642111641550716,28.692676249144423,300.0,model+realized,0.5251663591625448,0.9771428571428571,1.0,False,4.916606397047639,4.969973595395727,1.987836195187103,7.769388024738232,14.79225,9,-112.57584406017526,-144.8712628536564,-130.33832439658988,487,21,183,,,,
00-0037329,Brittain Brown,RB,CHI,17,0.18553556711622268,0.9853066110249615,2.3525955628524295,28.892539356605067,250.0,model+realized+age_prior,2.0797649827396523,0.976,0.93,False,14.484954579134799,14.453257311841387,3.3402107538820087,25.123096193637267,14.4255,23,-119.17713204112165,-139.58801944056745,-130.40312011081684,488,21,127,,,,
00-0032394,Nick Vannett,TE,LA,17,-0.3861868532078602,0.3220777631950625,0.0,33.489390828199866,94.0,model+realized+age_prior,0.4799999999999999,0.9771428571428571,0.93,False,4.784948398365591,4.810444259739697,2.043997696001383,7.406720674230032,14.813,9,-112.70750205885732,-145.23393020416458,-130.5970375387763,489,21,184,,,,
00-0040028,Montrell Johnson Jr.,RB,CAR,7,0.05838357296562484,1.6632598674501942,0.0,23.88501026694045,300.0,model+realized,0.8,0.6735,1.0,False,16.640913832381464,17.214821512016357,9.488545020946543,22.883136757933933,9.992,23,-117.02117278787497,-141.82797887627078,-130.66491613649265,490,21,128,,,,
00-0038564,Cameron Latu,TE,PHI,17,-0.43013997771515083,0.313833083451434,0.0,26.518822724161534,101.0,model+realized,0.4799999999999999,0.9765853658536585,1.0,False,4.679950726092566,4.7314418834871645,1.9626651656389162,7.34520169336554,14.81875,9,-112.81249973113033,-145.29544918502907,-130.67812193077464,491,21,185,,,,
00-0040590,Konata Mumpfield,WR,LA,17,2.1778296849271257,2.4105673521083366,2.5283975394797116,23.854893908281998,242.0,model+realized,2.4349763257786696,0.9616,1.0,False,35.18456248504004,36.14786685516229,21.018216002774484,49.06596747960301,14.43875,23,-109.34611512269635,-148.39536751557054,-130.82320393877717,492,21,145,,,,
00-0039855,Jalen McMillan,WR,TB,17,1.7990639832914985,2.130610094377656,4.589261763008486,24.733744010951405,92.0,model+realized,3.756791770759336,0.9771428571428571,1.0,False,32.77713479893313,33.16654673957951,13.398295149635302,50.62921040111066,14.76775,23,-111.75354280880325,-146.8321245940629,-131.04676279069605,493,21,146,137.7,12.0,23,-355.3
00-0037742,Treylon Burks,WR,WAS,17,2.091362185334916,2.3466565915401816,2.846372820853607,26.442162902121833,18.0,model+realized,2.633034167194496,0.9771428571428571,1.0,False,34.54766670228018,35.395520575831796,18.662317307704058,49.16840898104904,14.62425,23,-109.9830109054562,-148.29292601412453,-131.05346421522378,494,21,147,,,,
00-0037120,Tyler Goodson,RB,IND,17,0.3094599975129122,1.151065792339681,0.506792102635901,25.806981519507186,300.0,model+realized,0.8246186297924126,0.9771428571428571,1.0,False,16.728959850371968,17.489962173839825,10.831775112295265,21.885487017600315,14.47025,23,-116.93312676988448,-142.82562861660438,-131.17400278558043,495,21,129,,,,
00-0037429,Raheem Blackshear,RB,NYJ,7,-0.28532894155768096,1.374711025225087,0.0,28.240930869267626,300.0,model+realized+age_prior,0.8,0.7825,0.93,False,15.84199077348035,16.41102281422193,9.672365209689048,21.407820756810466,11.558,23,-117.8200958467761,-143.30329487739425,-131.8358553136161,496,21,130,,,,
00-0039792,Devontez Walker,WR,BAL,17,1.5962149519910676,1.9806782016773372,4.915013015361859,25.201916495550993,113.0,model+realized,3.9356874935359283,0.9771428571428571,1.0,False,30.8839958981871,31.110834029109164,10.502189216457506,50.402877227590935,14.68225,23,-113.64668170954928,-147.05845776758264,-132.02315854146764,497,21,148,,,,
00-0040067,Jacardia Wright,RB,SEA,17,0.24234910473174806,1.10146208897969,0.485071250072666,25.930184804928132,300.0,model+realized,0.8098484500494127,0.9616,1.0,False,15.692450356034481,16.393281981360676,9.503483871120059,20.87378911300441,14.224,23,-117.96963626422196,-143.83732652120028,-132.19686590556003,498,21,131,,,,
00-0040218,Jimmy Horn Jr.,WR,CAR,17,2.1652501432849216,2.4012694300249686,1.9518844589720137,23.969883641341546,208.0,model+realized,2.0403046834482534,0.9616,1.0,False,34.8775901071072,35.789742505068716,22.650895010742982,46.576139286200245,14.515,23,-109.65308750062917,-150.8851957089733,-132.33074701521844,499,21,149,,,,
00-0040208,Tahj Brooks,RB,CIN,17,0.16496275709771005,1.0442634842067053,0.786232640320842,24.303901437371664,193.0,model+realized,1.0146381954181725,0.9616,1.0,False,14.96951901583678,15.428716154444135,7.951415914141748,21.130825221411925,14.23225,23,-118.69256760441966,-143.58029041279278,-132.38081514902487,500,21,132,,,,
00-0037277,Teagan Quitoriano,TE,ATL,17,-0.6375518018977205,0.16052869166431727,0.0,26.46406570841889,170.0,model+realized,0.4799999999999999,0.976,1.0,False,2.3983999276654675,2.337666620602938,0.0,4.900355729020522,14.74175,9,-115.09405052955744,-147.74029514937408,-133.04948507045657,501,21,186,,,,
00-0040476,Ulysses Bentley IV,RB,IND,17,0.241252351365269,1.100651445187075,0.0,25.67008898015058,300.0,model+realized,0.4799999999999999,0.9616,1.0,False,15.72716928604087,16.519774013897262,11.942162129036836,19.28568798888367,14.3075,23,-117.93491733421558,-145.42542764532104,-133.0546980053236,502,21,133,,,,
00-0040582,Arian Smith,WR,NYJ,17,2.2055275234264897,2.4310396675209103,1.0316676961571096,24.889801505817932,110.0,model+realized,1.4230188767486842,0.9616,1.0,False,35.356670281746716,36.61839959559972,26.449519798831794,44.5180713141946,14.5535,23,-109.17400732598966,-152.94326368097896,-133.24709832123378,503,21,150,,,,
00-0040394,Anthony Tyus III,RB,CAR,14,0.15392869007235754,1.168434746355308,0.0,23.45242984257358,300.0,model+realized,0.5454545454545454,0.8768181818181817,1.0,False,15.035847240848149,15.88688762948961,9.478265730162404,19.452347944397502,12.8445,23,-118.6262393794083,-145.2587676898072,-133.2741299501277,504,21,134,,,,
00-0039021,Roschon Johnson,RB,CHI,17,0.1557470828442854,1.0374518988889567,0.2958039891549808,25.582477754962355,115.0,model+realized,0.6811467126253868,0.9771428571428571,1.0,False,15.020637343488078,15.762836360857522,9.899944085866485,19.402703667665996,14.5625,23,-118.64144927676837,-145.3084119665387,-133.30827875614204,505,21,135,,,,
00-0036727,Adam Prentice,RB,DEN,17,0.2659365965579236,1.0405735795238003,0.0,29.623545516769337,300.0,model+realized+age_prior,0.4799999999999999,0.9771428571428571,0.93,False,14.892902816218475,15.818833140660509,9.5637435687091,18.684517042455663,14.3105,23,-118.76918380403797,-146.02659859174904,-133.76076193727906,506,21,136,,,,
00-0037231,Kevin Austin Jr.,WR,NO,17,1.558054066698912,1.9524723299396571,4.186295919952597,26.42299794661191,300.0,model+realized,3.4321429161864927,0.9771428571428571,1.0,False,29.844938642439978,29.806495397683115,12.023970313330956,47.59111311419057,14.6595,23,-114.6857389652964,-149.870221880983,-134.03720456892404,507,21,151,,,,
00-0034367,Nyheim Hines,RB,NO,9,-0.3232169963307985,1.13489389854519,0.06666666666666668,29.801505817932924,104.0,model+realized+age_prior,0.7411764705882352,0.8283823529411766,0.93,False,13.864087508648005,14.423000092403548,8.336888664503144,18.8468843481674,12.24775,23,-119.79799911160845,-145.8642312860373,-134.13442680754432,508,21,137,,,,
00-0033891,Zay Jones,WR,ARI,17,1.8715560368319157,2.0312977950092197,3.6924306517045187,31.42505133470226,37.0,model+realized+age_prior,3.1621759616488325,0.9771428571428571,0.93,False,30.369256483372588,30.796637416965424,12.840767909379279,46.60560763924998,14.7325,23,-114.16142112436378,-150.8557273559236,-134.34328955172168,509,21,152,,,,
00-0035628,D'Ernest Johnson,RB,NE,16,0.185960422495618,0.9455723464718098,0.35771264072343506,30.510609171800137,300.0,model+realized+age_prior,0.7384750938156234,0.9765853658536585,0.86,False,13.718331864294003,14.224244621138581,8.632426121156659,18.37148685983244,14.51825,23,-119.94375475596244,-146.33962877437227,-134.46148546608785,510,21,138,,,,
00-0035311,Myles Gaskin,RB,SEA,11,-0.1824214037656822,1.0507390457025705,0.18090680674665818,29.541409993155373,234.0,model+realized+age_prior,0.7363144670638547,0.8761111111111111,0.93,False,13.654229287894784,14.175044367952331,7.920426088455951,18.423666480106476,12.8985,23,-120.00785733236167,-146.28744915409823,-134.4616328343168,511,21,139,,,,
00-0039684,Michael Wiley,RB,TB,12,-0.19999999999999998,1.0452051814496197,0.0,24.80766598220397,300.0,model+realized,0.6000000000000001,0.9005743243243243,1.0,False,13.956259240301685,14.607539755179046,9.223832355063571,18.1239688027302,13.34825,23,-119.70582737995475,-146.5871468314745,-134.49055307829062,512,21,140,,,,
00-0039686,Colson Yankoff,RB,WAS,17,0.03244568726939188,0.9179266022253317,0.6552951737239352,26.50239561943874,300.0,model+realized+age_prior,0.9256007181322758,0.9771428571428571,0.97,False,13.268478980534018,13.654471212156562,7.21349014822436,18.640597721518393,14.4385,23,-120.39360763972243,-146.0705179126863,-134.51590828985258,513,21,141,,,,
00-0040260,Ahmani Marshall,RB,CLE,13,0.0,1.1165101718996395,0.0,24.449007529089666,300.0,model+realized,0.5714285714285714,0.8382142857142857,1.0,False,13.87288982539077,14.478009412617912,9.26584600841214,18.06939438203974,12.44025,23,-119.78919679486567,-146.64172125216496,-134.55808524638027,514,21,142,,,,
00-0039573,Blake Watson,RB,TEN,14,-0.050664787218500824,0.9944627328841558,0.0,26.882956878850102,300.0,model+realized+age_prior,0.5454545454545454,0.9505448717948718,0.97,False,13.977591007330695,14.711987281650906,9.510684362955748,17.826023361788952,14.08075,23,-119.68449561292576,-146.88509227241576,-134.64482377564525,515,21,143,,,,
00-0032398,Chris Moore,WR,WAS,17,2.1768188542167257,2.1206417904019634,3.786780411161036,33.210130047912386,107.0,model+realized+age_prior,3.2904643201948613,0.9005743243243243,0.88,False,29.488185996985628,29.618519164624615,11.923096588722858,46.309545605487834,13.53325,23,-115.04249161075074,-151.15178938968572,-134.902605389165,516,21,153,,,,
00-0038840,Brycen Tremayne,WR,CAR,17,1.7727960413870631,2.111194659056986,2.5780179344970113,26.78713210130048,300.0,model+realized,2.383627519878761,0.9771428571428571,1.0,False,31.39733301765018,32.380160216448985,16.985495558137973,44.52992845031811,14.6355,23,-113.1333445900862,-152.93140654485546,-135.02227866520929,517,21,154,,,,
00-0039266,Kendall Milton,RB,CIN,17,0.034694703560475736,0.9479784011574452,0.04850712500726659,24.555783709787818,300.0,model+realized,0.5129848450049412,0.9771428571428571,1.0,False,13.581873964008578,14.414303245006376,8.321614367587552,17.38575698694023,14.282,23,-120.08021265624787,-147.32535864726447,-135.065042951307,518,21,144,,,,
00-0036182,Nick Westbrook-Ikhine,WR,MIA,17,2.024717067597108,2.228475241989782,1.6728585960423974,29.44832306639288,300.0,model+realized+age_prior,1.82104348943929,0.9771428571428571,0.97,False,32.48745227265296,33.94919732444169,19.811435056125863,43.49821853797795,14.5575,23,-112.04322533508342,-153.9631164571956,-135.09916545224513,519,21,155,,,,
00-0034838,Royce Freeman,RB,LAC,6,-0.38700584413606526,1.353902171091501,0.0,30.518822724161534,71.0,model+realized+age_prior,0.8571428571428571,0.6117934782608696,0.86,False,12.325495112706966,12.679726902971716,6.080991937560503,18.018664159872003,9.05875,23,-121.33659150754949,-146.6924514743327,-135.28231448928025,520,21,145,,,,
00-0039603,British Brooks,RB,HOU,17,-0.18312122963411773,0.7633744952801634,1.5484100004235846,26.78713210130048,300.0,model+realized+age_prior,1.5329188002880376,0.9771428571428571,0.97,False,11.078449328827276,11.251769239713106,2.705339728493426,18.884758331889923,14.34,23,-122.58363729142917,-145.8263573023148,-135.36713329741627,521,21,146,,,,
00-0036425,DeeJay Dallas,RB,JAX,17,-0.020816621667653974,0.8797398424700325,0.5093248125762992,27.958932238193018,144.0,model+realized+age_prior,0.8263408725518835,0.9771428571428571,0.97,False,12.653229421822408,13.159838163518138,6.688805189877125,17.58814116326645,14.412,23,-121.00885719843404,-147.12297447093826,-135.37162169831137,522,21,147,,,,
00-0040039,Amar Johnson,RB,LAC,17,-0.0018914307382260909,0.9209364758062308,0.19402850002906635,23.583846680355922,300.0,model+realized,0.611939380019765,0.9616,1.0,False,13.014776022926805,13.662724262995225,7.978968808996822,17.093546590980104,14.14425,23,-120.64731059732964,-147.6175690432246,-135.48095274257187,523,21,148,,,,
00-0039471,Frank Gore Jr.,RB,BUF,17,0.0,0.9223344898301371,0.0,24.470910335386723,300.0,model+realized,0.4799999999999999,0.9771428571428571,1.0,False,13.263577469381886,14.138876509502431,8.219426400958172,16.847018466467095,14.3155,23,-120.39850915087456,-147.8640971677376,-135.50458256014923,524,21,149,,,,
00-0039325,Carson Steele,RB,KC,17,0.0,0.9223344898301371,0.0,23.917864476386036,300.0,model+realized,0.4799999999999999,0.9771428571428571,1.0,False,13.333932400537872,14.115205406383456,9.130306215891379,16.72887874278092,14.42325,23,-120.32815421971857,-147.98223689142378,-135.53789968915643,525,21,150,,,,
00-0039811,MarShawn Lloyd,RB,GB,17,0.0,0.9223344898301371,0.0,25.65366187542779,88.0,model+realized,0.4799999999999999,0.9771428571428571,1.0,False,13.284665441059698,14.012026185560385,9.242546905077793,16.70204491515043,14.431,23,-120.37742117919674,-148.00907071905428,-135.5748284261184,526,21,151,122.1,29.9,21,-403.9
00-0040205,Kalel Mullings,RB,TEN,17,-0.0011623024879335482,0.9214753966868818,0.1175735064194511,23.90965092402464,188.0,model+realized,0.5599499843652267,0.9616,1.0,False,12.999491105232321,13.70158954559475,8.032470334475402,16.909083852603075,14.11125,23,-120.66259551502412,-147.8020317816016,-135.58928546164174,527,21,152,,,,
00-0039344,Jonathon Brooks,RB,CAR,17,0.0,0.9223344898301371,0.0,23.11567419575633,46.0,model+realized,0.4799999999999999,0.9771428571428571,1.0,False,13.211231143177029,13.98295448146846,8.910230223717354,16.674123644612113,14.40775,23,-120.45085547707941,-148.0369919895926,-135.62323055896167,528,21,153,125.1,16.2,21,-402.9
00-0040393,Kye Robichaux,RB,DET,17,0.0,0.9223344898301371,0.0,23.904175222450377,300.0,model+realized,0.4799999999999999,0.9616,1.0,False,13.155889291957832,13.873344953677165,9.062424074877056,16.640517067213704,14.26375,23,-120.50619732829861,-148.070598566991,-135.66661800957942,529,21,154,,,,
00-0040567,Brock Lampe,RB,NE,17,0.0,0.9223344898301371,0.0,23.422313483915126,300.0,model+realized,0.4799999999999999,0.9616,1.0,False,13.144422852362466,13.846156688145632,8.657581610292404,16.631022310362795,14.18,23,-120.51766376789398,-148.0800933238419,-135.67700002366536,530,21,155,,,,
00-0040272,Deion Hankins,RB,CHI,17,0.0,0.9223344898301371,0.0,25.965776865160848,300.0,model+realized,0.4799999999999999,0.9616,1.0,False,13.220036637810534,13.864503721357831,9.328811973607234,16.552595932893087,14.30675,23,-120.44204998244591,-148.1585197013116,-135.68610832782204,531,21,156,,,,
00-0040637,Lucas Scott,RB,BAL,17,0.0,0.9223344898301371,0.0,23.019849418206707,300.0,model+realized,0.4799999999999999,0.9616,1.0,False,13.130180279674663,13.84480830222467,8.782331436826858,16.590001513467275,14.18675,23,-120.53190634058178,-148.12111412073742,-135.7059706196674,532,21,157,,,,
00-0040618,Max Hurleman,RB,PIT,17,0.0,0.9223344898301371,0.0,24.867898699520875,300.0,model+realized,0.4799999999999999,0.9616,1.0,False,13.123746495249629,13.842181261964521,8.740551587518238,16.584287600148294,14.213,23,-120.53834012500681,-148.12682803405642,-135.7120084749841,533,21,158,,,,
00-0040332,Ja'Quinden Jackson,RB,JAX,17,0.0,0.9223344898301371,0.0,24.969199178644764,300.0,model+realized,0.4799999999999999,0.9616,1.0,False,13.12252903898832,13.874416334372162,8.77076567277872,16.582442283344776,14.20125,23,-120.53955758126813,-148.1286733508599,-135.7135712545436,534,21,159,,,,
00-0040568,Lan Larison,RB,NE,17,0.0,0.9223344898301371,0.0,24.889801505817932,300.0,model+realized,0.4799999999999999,0.9616,1.0,False,13.077293117375818,13.76779282150154,8.820825839405463,16.547165500105276,14.211,23,-120.58479350288063,-148.16395013409942,-135.75332965005097,535,21,160,,,,
00-0038636,Kenny McIntosh,RB,SEA,17,0.0,0.894664455135233,0.0,26.496919917864478,237.0,model+realized+age_prior,0.4799999999999999,0.9771428571428571,0.97,False,13.018809325200579,13.62977147509868,9.220176133958095,16.38111462043946,14.532,23,-120.64327729505587,-148.33000101376524,-135.87097534034604,536,21,161,,,,
00-0040429,Josh Williams,RB,TB,17,-0.01942933690455733,0.8807344653284439,0.26678918753996633,26.22861054072553,300.0,model+realized+age_prior,0.661416647527177,0.9616,0.97,False,12.494104674941267,13.033498448400536,7.413124350410155,16.761155604560617,14.16725,23,-121.16798194531518,-147.94996002964407,-135.89806989169608,537,21,162,,,,
00-0039244,Chris Collier,RB,LV,17,0.0,0.894664455135233,0.0,26.439425051334702,300.0,model+realized+age_prior,0.4799999999999999,0.9771428571428571,0.97,False,12.899265915098125,13.542220843286884,8.950963399654087,16.336845222910636,14.423,23,-120.76282070515832,-148.37427041129408,-135.949118043533,538,21,163,,,,
00-0035924,Jonathan Ward,RB,BAL,11,-0.3272727272727272,0.9635726316156841,0.0,28.919917864476385,300.0,model+realized+age_prior,0.631578947368421,0.8761111111111111,0.93,False,12.46760443165618,13.006425700628052,7.648673644658599,16.668771579688237,12.93275,23,-121.19448218860026,-148.04234405451646,-135.9608062148542,539,21,164,,,,
00-0039230,Dante Miller,RB,NYG,17,0.0,0.894664455135233,0.0,27.301848049281315,300.0,model+realized+age_prior,0.4799999999999999,0.9771428571428571,0.97,False,12.874547294395441,13.597461509911842,8.631843387521297,16.258495566677585,14.44225,23,-120.787539325861,-148.4526200675271,-136.00333373377737,540,21,165,,,,
00-0038098,Pierre Strong,RB,GB,17,-0.008991574461993041,0.8882178871840041,0.0,27.72621492128679,127.0,model+realized+age_prior,0.4799999999999999,0.9771428571428571,0.97,False,12.823066736564728,13.516090508782767,8.51344739091063,16.27549098521137,14.41975,23,-120.83901988369172,-148.43562464899333,-136.01715250460762,541,21,166,,,,
00-0038518,Deneric Prince,RB,NE,17,0.0,0.894664455135233,0.0,26.390143737166323,300.0,model+realized+age_prior,0.4799999999999999,0.9771428571428571,0.97,False,12.770929505041835,13.551965321200875,8.104167097149313,16.282814408352255,14.3025,23,-120.89115711521461,-148.42830122585244,-136.03658637606543,542,21,167,,,,
00-0037299,Keaontay Ingram,RB,KC,17,0.0,0.894664455135233,0.0,26.850102669404517,201.0,model+realized+age_prior,0.4799999999999999,0.9771428571428571,0.97,False,12.802761086179599,13.518969480229472,8.394188030831337,16.20571533335877,14.40875,23,-120.85932553407685,-148.50540030084593,-136.06466665579984,543,21,168,,,,
00-0038622,Deuce Vaughn,RB,DEN,17,-0.07058823529411765,0.8701605767866588,0.0,24.829568788501028,212.0,model+realized,0.4799999999999999,0.9771428571428571,1.0,False,12.682339219373107,13.291046456794282,8.886382416628635,16.02926551607636,14.52475,23,-120.97974740088334,-148.68185011812835,-136.2159038953681,544,21,169,,,,
00-0029892,Kyle Juszczyk,RB,SF,17,0.1279153692681688,0.8745173438061191,0.0,35.35934291581109,130.0,model+realized+age_prior,0.4799999999999999,0.9771428571428571,0.86,False,12.625161153304264,13.298118080697298,8.1110999755926,15.989182279113734,14.43175,23,-121.03692546695218,-148.72193335509098,-136.26367980542852,545,21,170,,,,
00-0036020,Salvon Ahmed,RB,IND,17,0.0,0.894664455135233,0.0,27.67419575633128,300.0,model+realized+age_prior,0.4799999999999999,0.9505448717948718,0.97,False,12.504952362940838,13.14830906860846,8.358932375784612,16.063353671851626,13.97425,23,-121.1571342573156,-148.6477619623531,-136.2769794950862,546,21,171,,,,
00-0036567,Elijah Mitchell,RB,NE,17,0.015462343594922422,0.8683997560740155,0.0,28.334017796030118,194.0,model+realized+age_prior,0.4799999999999999,0.9771428571428571,0.93,False,12.566503248129207,13.194241125788235,8.725975487793393,15.904897130062567,14.496,23,-121.09558337212724,-148.80621850414212,-136.33643269473544,547,21,172,,,,
00-0040400,Donovan Edwards,RB,MIA,17,-0.07058823529411765,0.8701605767866588,0.0,23.515400410677618,300.0,model+realized,0.4799999999999999,0.9616,1.0,False,12.335505939427286,12.979061884634689,7.803905601311379,15.804571708929506,14.1755,23,-121.32658068082915,-148.9065439252752,-136.49556046527448,548,21,173,,,,
00-0034972,Alexander Mattison,RB,MIA,17,0.0,0.8577710755420276,0.0,28.202600958247775,102.0,model+realized+age_prior,0.4799999999999999,0.9771428571428571,0.93,False,12.297203261550452,12.988268017082824,7.654498472570923,15.739614520522045,14.35475,23,-121.364883358706,-148.97150111368265,-136.54852312394317,549,21,174,,,,
00-0035973,Patrick Taylor,RB,SF,17,0.0,0.8577710755420276,0.0,28.34223134839151,300.0,model+realized+age_prior,0.4799999999999999,0.9771428571428571,0.93,False,12.310873006129697,12.996770457894474,7.859655797894887,15.650761068165114,14.40825,23,-121.35121361412675,-149.0603545660396,-136.59124113767882,550,21,175,,,,
00-0035806,JaMycal Hasty,RB,MIA,17,0.0,0.8577710755420276,0.0,29.968514715947983,300.0,model+realized+age_prior,0.4799999999999999,0.9771428571428571,0.93,False,12.238109436842544,12.93446739062357,7.647057002509774,15.676499731760522,14.3375,23,-121.4239771834139,-149.0346159024442,-136.60982847888056,551,21,176,,,,
00-0039385,Keilan Robinson,RB,NYJ,17,-0.07058823529411765,0.844055759483059,0.0,26.54072553045859,167.0,model+realized+age_prior,0.4799999999999999,0.9771428571428571,0.97,False,12.225469397766282,12.849146780372527,8.488287120005742,15.518236689605216,14.4835,23,-121.43661722249016,-149.1928789445995,-136.7025611696503,552,21,177,,,,
00-0038930,Carlos Washington,RB,ATL,17,-0.07058823529411765,0.844055759483059,0.0,27.682409308692677,300.0,model+realized+age_prior,0.4799999999999999,0.9771428571428571,0.97,False,12.156463891556822,12.853209837601181,7.736058353168842,15.534705702014412,14.37625,23,-121.50562272869962,-149.1764099321903,-136.7245556906195,553,21,178,,,,
00-0036670,Jermar Jefferson,RB,ARI,14,-0.2571428571428571,0.8542641234055179,0.0,26.379192334017795,257.0,model+realized+age_prior,0.5454545454545454,0.9505448717948718,0.97,False,11.909401644877052,12.546019720995936,7.528241397128485,15.576670274548217,14.04525,23,-121.7526849753794,-149.1344453596565,-136.81265318673178,554,21,179,,,,
00-0040547,Nate Carter,RB,ATL,17,-0.22217274290148534,0.7581198537725176,0.6972635589131526,24.279260780287473,300.0,model+realized,0.9541392200609438,0.9616,1.0,False,10.790835959934704,11.104954960874966,4.616669430375263,16.220996060527792,14.14375,23,-122.87125066032175,-148.4901195736769,-136.9616285626671,555,21,180,,,,
00-0038458,Owen Wright,RB,TB,13,-0.37054592065894904,0.8370893899263688,0.16641005886756874,27.50718685831622,300.0,model+realized+age_prior,0.6744443221561139,0.9253947368421053,0.97,False,11.411044070754718,11.943887449437355,6.3865796984304115,15.593569905819548,13.6385,23,-122.25104254950173,-149.11754572838515,-137.0276192978876,556,21,181,,,,
00-0038488,Brady Russell,TE,SEA,17,-0.9989263750079473,-0.10657425367802431,0.0,28.00273785078713,300.0,model+realized,0.4799999999999999,0.9771428571428571,1.0,False,-1.5709701468910537,-1.5378899943179993,-4.016885520319893,0.8503158264920574,14.87725,9,-119.06342060411396,-151.79033505190256,-137.06322355039768,557,21,187,,,,
00-0037509,Sincere McCormick,RB,MIN,17,-0.1411764705882353,0.8179866637431806,0.0,25.973990417522245,300.0,model+realized,0.4799999999999999,0.9771428571428571,1.0,False,11.82579715572351,12.440703860600095,8.17005638141753,14.999134193449782,14.48375,23,-121.83628946453294,-149.71198144075493,-137.16792005145504,558,21,182,,,,
00-0034681,Chase Edmonds,RB,WAS,15,-0.09670335886336048,0.8093477561667981,0.0,30.38466803559206,134.0,model+realized+age_prior,0.5217391304347826,0.976,0.86,False,11.572821705974752,12.222445597669605,6.764139931824892,15.09607683998348,14.33475,23,-122.0892649142817,-149.61503879422122,-137.22844054824844,559,21,183,,,,
00-0037594,Julius Chestnut,RB,TEN,17,-0.25869985028651254,0.7311215570096713,0.6274364275273117,25.848049281314168,300.0,model+realized,0.9066567707185719,0.9771428571428571,1.0,False,10.580802228209052,10.918526148905233,4.603703072688489,15.718297268730705,14.407,23,-123.0812843920474,-148.992818365474,-137.33262807743202,560,21,184,,,,
00-0038678,Jordan Mims,RB,TEN,17,-0.13578250242296408,0.7973143044850296,0.0,27.211498973305954,300.0,model+realized+age_prior,0.4799999999999999,0.9771428571428571,0.97,False,11.482787053006138,12.063462688547126,7.244221782190956,14.801780507439545,14.4025,23,-122.17929956725031,-149.90933512676514,-137.43081912498346,561,21,185,,,,
00-0031595,Michael Burton,RB,DEN,17,0.0,0.793207661253918,0.0,34.58179329226557,168.0,model+realized+age_prior,0.4799999999999999,0.9771428571428571,0.86,False,11.478659581625621,12.018320708660907,7.632751087223726,14.790037192901757,14.48775,23,-122.18342703863082,-149.92107844130294,-137.43913531010048,562,21,186,,,,
00-0034407,Ray-Ray McCloud,WR,NYG,13,1.7218693594270384,2.0831641443928235,2.399439037005878,29.87816563997262,187.0,model+realized+age_prior,2.2483676294047616,0.9253947368421053,0.97,False,29.285329751991018,30.01138927588261,16.512574645385993,41.745861458912444,13.90675,23,-115.24534785574536,-155.71547353626113,-137.50391698002903,563,21,156,,,,
00-0033897,Joe Mixon,RB,HOU,17,0.0,0.793207661253918,0.0,30.105407255304584,48.0,model+realized+age_prior,0.4799999999999999,0.9771428571428571,0.86,False,11.3741397942481,12.039112906662155,6.800723668211058,14.72435917611106,14.34675,23,-122.28794682600835,-149.98675645809365,-137.52229212365526,564,21,187,,,,
00-0034115,Jeff Wilson,RB,MIA,17,-0.028652402334504026,0.7749946994221593,0.0,30.792607802874745,300.0,model+realized+age_prior,0.4799999999999999,0.9771428571428571,0.86,False,11.243120483876112,11.832447940557708,7.278393555977578,14.451397755490653,14.479,23,-122.41896613638033,-150.25971787871404,-137.73137959466388,565,21,188,,,,
00-0039376,Spencer Rattler,QB,NO,17,6.40720111482139,5.928386575270627,7.307920562046119,25.924709103353866,150.0,model+realized,6.508148457840198,0.9771428571428571,1.0,False,92.10960406507223,93.52491679622761,58.13629254616184,126.00685136925475,14.949,8,-125.91465365064474,-147.41822586603573,-137.74161836910977,566,21,35,,,,
00-0035125,Alec Ingold,RB,MIA,17,-0.02474696832601122,0.7774771970397316,0.0,30.146475017111566,300.0,model+realized+age_prior,0.4799999999999999,0.9771428571428571,0.86,False,11.166147249324373,11.753799649469622,6.959488179216587,14.455822986553965,14.3425,23,-122.49593937093208,-150.25529264765075,-137.76358367312736,567,21,189,,,,
00-0036569,Gary Brightwell,RB,CIN,17,-0.1411764705882353,0.760727597281158,0.0,28.50650239561944,196.0,model+realized+age_prior,0.4799999999999999,0.976,0.93,False,10.942904060859245,11.516846985276215,6.579608296274655,14.295664351282854,14.329,23,-122.7191825593972,-150.41545128292185,-137.95213035733576,568,21,190,,,,
00-0029604,Kirk Cousins,QB,ATL,17,6.513559396153507,5.766719249274591,7.990497849468014,38.03422313483915,102.0,model+realized+age_prior,6.990228334886754,0.9771428571428571,0.96,False,90.51157964426402,90.69798182835243,55.455824994940244,126.70794401846409,14.94825,8,-127.51267807145295,-146.71713321682637,-138.07512840140834,569,21,36,,,,
00-0040177,Jordan James,RB,SF,17,-0.21176470588235294,0.7658127506997023,0.0,22.425735797399042,147.0,model+realized,0.4799999999999999,0.9616,1.0,False,10.807490126403183,11.358126715519514,6.7215125252548145,14.091751630538685,14.176,23,-122.85459649385326,-150.61936400366602,-138.1252186242503,570,21,191,,,,
00-0036984,Trey Sermon,RB,PIT,17,-0.21952083542461093,0.7372775605199359,0.0,27.586584531143053,88.0,model+realized+age_prior,0.4799999999999999,0.9771428571428571,0.97,False,10.673767609409893,11.181352924793218,6.823795362366005,13.865069980046092,14.459,23,-122.98831901084655,-150.84604565415862,-138.3100686646682,571,21,192,,,,
00-0038839,Mitchell Tinsley,WR,CIN,17,1.3739285931134506,1.8163795885938812,3.2659337913392803,26.962354551676935,300.0,model+realized,2.7676150406917452,0.9771428571428571,1.0,False,27.391522115716068,27.69981232826915,12.047359336944519,41.77870551405536,14.72575,23,-117.13915549202031,-155.6826294811182,-138.33806618602415,572,21,157,,,,
00-0037557,Ronnie Rivers,RB,LA,17,-0.38836934549208174,0.6162205200411275,0.9942111859926649,27.583846680355922,300.0,model+realized+age_prior,1.156063606475012,0.9771428571428571,0.97,False,8.795960946725053,8.90637850112377,2.313431847195155,14.91924546608172,14.428,23,-124.8661256735314,-149.79187016812298,-138.5752851455568,573,21,193,,,,
00-0033282,Curtis Samuel,WR,BUF,17,1.525308501035267,1.87042101318088,2.7060254118192915,30.05612594113621,40.0,model+realized+age_prior,2.418679684665593,0.9771428571428571,0.97,False,27.6673592182408,28.1908217470242,13.336803055042319,40.87369231100196,14.674,23,-116.86331838949557,-156.5876426841716,-138.7116967515674,574,21,158,,,,
00-0036842,Kene Nwangwu,RB,NYJ,17,-0.3557749035976856,0.6132145005037923,0.8454897640873429,28.55852156057495,119.0,model+realized+age_prior,1.0549330395793932,0.9771428571428571,0.93,False,8.766796541349489,8.956571514346392,2.5780463615858804,14.393127440264433,14.41275,23,-124.89529007890695,-150.31798819394027,-138.87777404217528,575,21,194,,,,
00-0039407,Dylan Laube,RB,LV,17,-0.44281127600628406,0.5771880229029016,1.0910060117373592,26.715947980835043,208.0,model+realized+age_prior,1.2218840879814044,0.9771428571428571,0.97,False,8.284433473968964,8.294938245693288,1.4139074873154764,14.774259690690835,14.49225,23,-125.37765314628749,-149.93685594351388,-138.885214684762,576,21,195,,,,
00-0039379,Jamari Thrash,WR,CLE,17,1.5833625643043645,1.9711786107784697,1.6756473727031767,25.700205338809035,156.0,model+realized,1.7302187886329508,0.9771428571428571,1.0,False,29.025239841671702,29.798121052431632,18.34960062595063,38.95194964893312,14.71725,23,-115.50543776606467,-158.50938534624044,-139.15760893516133,577,21,159,,,,
00-0037745,Velus Jones Jr.,RB,SEA,16,-0.4748855027883571,0.5755653843625398,0.8,29.308692676249144,71.0,model+realized+age_prior,1.0333333333333332,0.976,0.93,False,8.350507941621743,8.393463617151294,2.365327758513074,13.993282065868492,14.4625,23,-125.3115786786347,-150.7178335683362,-139.28501886797054,578,21,196,,,,
00-0040692,Jarquez Hunter,RB,LA,17,-0.3497668678280154,0.6638111527398649,0.0,23.67419575633128,117.0,model+realized,0.4799999999999999,0.9616,1.0,False,9.441520154938301,9.860967518061488,5.938033715513661,12.570638965147044,14.1925,23,-124.22056646531814,-152.14047666905765,-139.57651707737486,579,21,197,,,,
00-0035645,Gunner Olszewski,WR,NYG,17,0.9453845248008977,1.4546407363067606,4.956249174764416,29.763175906913073,300.0,model+realized+age_prior,3.850249438839803,0.9771428571428571,0.97,False,23.603026737355883,23.137985159222133,4.77082849727721,42.57900538307293,14.72075,23,-120.92765087038049,-154.88232961210062,-139.60272417832658,580,21,160,,,,
00-0039703,Cody Schrader,RB,DEN,17,-0.35234187124795097,0.6420506526622456,0.0,26.981519507186857,300.0,model+realized+age_prior,0.4799999999999999,0.9771428571428571,0.97,False,9.283078464313286,9.732111241811538,5.790234085999753,12.383375169149076,14.44875,23,-124.37900815594315,-152.32774046505563,-139.75081092595502,581,21,198,,,,
00-0032918,C.J. Ham,RB,MIN,17,-0.23234633519454354,0.6455162081867776,0.0,33.111567419575636,300.0,model+realized+age_prior,0.4799999999999999,0.9771428571428571,0.86,False,9.28471195522695,9.70972091256856,5.570078181371135,12.326616388748482,14.427,23,-124.37737466502949,-152.38449924545623,-139.7812931842642,582,21,199,,,,
00-0038409,Lew Nichols III,RB,PIT,17,-0.07058823529411765,0.8701605767866588,0.0,25.04312114989733,235.0,model+realized,0.4799999999999999,0.6978571428571428,1.0,False,8.950887317876317,9.260253692283003,4.812732651648567,12.454966677893795,10.28375,23,-124.71119930238012,-152.2561489563109,-139.86092161204206,583,21,200,,,,
00-0033376,Patrick Ricard,RB,BAL,17,-0.33911376529405857,0.5776492591409119,0.4380773501402262,32.26557152635181,300.0,model+realized+age_prior,0.7778925980953537,0.9771428571428571,0.86,False,8.352162716366404,8.505853940618387,3.5294835914698264,12.859287688642363,14.499,23,-125.30992390389004,-151.85182794556235,-139.9079711268098,584,21,201,,,,
00-0035567,Craig Reynolds,RB,NE,16,-0.3351201700628406,0.6196601213079737,0.1,30.21218343600274,300.0,model+realized+age_prior,0.5666666666666667,0.9765853658536585,0.86,False,8.915892817658833,9.298574019502963,4.803752741939414,12.362069138355318,14.39625,23,-124.74619380259762,-152.3490464958494,-139.9277627838861,585,21,202,,,,
00-0038489,Ben VanSumeren,RB,PHI,17,-0.07058823529411765,0.844055759483059,0.0,26.324435318275153,300.0,model+realized+age_prior,0.4799999999999999,0.6978571428571428,0.97,False,8.721524068816507,9.053025592875004,4.845998772106054,12.18058446575702,10.2805,23,-124.94056255143994,-152.53053116844768,-140.1150452907942,586,21,203,,,,
00-0037410,Jashaun Corbin,RB,NE,13,-0.18461538461538463,0.9604885509531766,0.0,26.031485284052017,300.0,model+realized+age_prior,0.5714285714285714,0.5984090909090909,0.97,False,8.54853857789367,8.787610948948018,4.400382332092104,12.20758827391502,8.87875,23,-125.11354804236278,-152.5035273602897,-140.17803666722259,587,21,204,,,,
00-0040184,KeAndre Lambert-Smith,WR,LAC,17,1.4048814869522024,1.8392578144746978,2.281479138371317,24.876112251882272,158.0,model+realized,2.104688552826078,0.9616,1.0,False,26.773971823347537,27.389098146684656,13.445615036115225,38.86654405987057,14.3755,23,-117.75670578438884,-158.594790935303,-140.21765261739165,588,21,161,,,,
00-0039363,Isaac Guerendo,RB,SF,17,-0.3927649545477038,0.6130690594616836,0.0,26.17659137577002,129.0,model+realized+age_prior,0.4799999999999999,0.9771428571428571,0.97,False,8.811690373602225,9.173239105737803,5.176535468177879,11.898787403433865,14.39875,23,-124.85039624665421,-152.81232823077085,-140.22945883791834,589,21,205,,,,
00-0038090,Skyy Moore,WR,SF,17,1.5139232014117425,1.9198538642926186,1.2921709957869125,25.973990417522245,54.0,model+realized,1.4548668240995655,0.9771428571428571,1.0,False,28.288503545213,29.27450050284518,18.828833919082744,37.11614592705853,14.69925,23,-116.24217406252338,-160.34518906811502,-140.49883231559878,590,21,162,,,,
00-0038396,Eric Gray,RB,NYG,17,-0.4235294117647059,0.5910122812221895,0.0,26.82546201232033,172.0,model+realized+age_prior,0.4799999999999999,0.9771428571428571,0.97,False,8.51148440885501,8.851098933251535,4.977150869169802,11.507038385694447,14.46625,23,-125.15060221140143,-153.20407724851026,-140.58001348181128,591,21,206,,,,
00-0040311,Theo Wease Jr.,WR,MIA,17,1.1301934432876957,1.6362275213313668,3.7016093479331236,25.1854893908282,300.0,model+realized,3.012669812764078,0.9616,1.0,False,24.37447367163259,24.33640148327388,8.132072941774457,39.99708415587274,14.38975,23,-120.1562039361038,-157.4642508393008,-140.67562973286215,592,21,163,139.7,4.3,24,-452.3
00-0039364,Sione Vaki,RB,DET,17,-0.47902236397101006,0.5682744816776515,0.09701425001453318,25.089664613278575,132.0,model+realized,0.5459696900098825,0.9771428571428571,1.0,False,8.177115339294476,8.487982358821425,4.143978174010656,11.525627783062172,14.40025,23,-125.48497128096197,-153.18548785114254,-140.7202553945613,593,21,207,,,,
00-0034959,Andrew Beck,RB,NYJ,17,-0.30513112084669164,0.5992504009591948,0.0,30.297056810403834,300.0,model+realized+age_prior,0.4799999999999999,0.9253947368421053,0.86,False,8.289971163395581,8.592818487442955,5.115297752848056,11.213804394997299,13.76375,23,-125.37211545686087,-153.4973112392074,-140.84097313715145,594,21,208,,,,
00-0033943,Josh Reynolds,WR,NYJ,17,1.4178134889494542,1.7193991131821886,2.628226308637018,31.540041067761805,117.0,model+realized+age_prior,2.3431934221133752,0.9776744186046511,0.93,False,25.625360505571553,25.977411465443083,12.304296233495817,38.571854025789875,14.67275,23,-118.90531710216483,-158.88948096938367,-140.89660722913518,595,21,164,,,,
00-0039623,Mason Tipton,WR,NO,17,1.2144675352696113,1.6985170675788694,2.5743931323712004,25.927446954141,300.0,model+realized,2.263867338495019,0.9771428571428571,1.0,False,25.292722237752624,25.666164983211722,12.08484631007077,38.077175376071914,14.65325,23,-119.23795536998375,-159.38415961910164,-141.3183677069986,596,21,165,,,,
00-0035594,Travis Homer,RB,CHI,17,-0.4804602427835672,0.5275068825677581,0.04850712500726659,28.0684462696783,204.0,model+realized+age_prior,0.5129848450049412,0.9771428571428571,0.93,False,7.590203384201476,7.877890598141203,4.080871020874442,10.692487570521283,14.37675,23,-126.07188323605497,-154.01862806368342,-141.44259289125063,597,21,209,,,,
00-0036187,Reggie Gilliam,RB,BUF,17,-0.6608378875118984,0.4035168580827617,0.9029363862681905,29.032169746748803,300.0,model+realized+age_prior,1.0939967426623696,0.9771428571428571,0.93,False,5.772191131343559,5.681720990376482,0.20463102441295225,11.39266315916862,14.4935,23,-127.88989548891288,-153.31845247503608,-141.87560183128065,598,21,210,,,,
00-0040649,Robbie Ouzts,RB,SEA,17,-0.5508312511568838,0.5151983476707013,0.0,23.98631074606434,175.0,model+realized,0.4799999999999999,0.9616,1.0,False,7.272596380315092,7.569310663206354,4.068933917287275,10.133430061610069,14.21175,23,-126.38949023994135,-154.57768557259465,-141.89299767290066,599,21,211,,,,
00-0040277,Jahdae Walker,WR,CHI,17,1.0423201306026253,1.5712776815206624,3.7050244104935315,24.15879534565366,300.0,model+realized,2.9994165991356017,0.9616,1.0,False,23.45250791121373,23.75184012303697,7.665803038780178,38.054268761506115,14.431,23,-121.07816969652265,-159.40706623366745,-142.1590627919523,600,21,166,,,,
00-0036630,Tylan Wallace,WR,BAL,17,1.1896336696533383,1.6801616016885808,2.5763631457586738,27.304585900068446,131.0,model+realized,2.2599897751247484,0.9771428571428571,1.0,False,24.902755811207644,25.331046484893385,12.57560910674173,36.733150273185665,14.6865,23,-119.62792179652874,-160.7281847219879,-142.23306640553128,601,21,167,,,,
00-0038614,Scott Matlock,RB,LAC,17,-0.6061326593254032,0.46009369199280264,0.0,26.17659137577002,200.0,model+realized+age_prior,0.4799999999999999,0.9771428571428571,0.97,False,6.67242857323662,6.874762686216323,3.4820086484626986,9.558369749176748,14.45525,23,-126.98965804701983,-155.15274588502797,-142.4793563579243,602,21,212,,,,
00-0038465,Malik Heath,WR,ATL,17,1.2574134116495501,1.7302596718596939,1.8093710314393134,26.420260095824776,300.0,model+realized,1.7526745075156462,0.9771428571428571,1.0,False,25.284160440773203,25.988577414121966,14.262657093055378,35.60485836032872,14.6615,23,-119.24651716696317,-161.85647663484485,-142.68199487429808,603,21,168,,,,
00-0035726,Jakob Johnson,RB,HOU,17,-0.4718463216622456,0.49327752113643836,0.0,31.71252566735113,300.0,model+realized+age_prior,0.4799999999999999,0.8761111111111111,0.86,False,6.401266912200437,6.5534251849050325,3.2269258437650836,9.2701969013709,12.907,23,-127.260819708056,-155.4409187328338,-142.7598741716838,604,21,213,,,,
00-0039589,Kameron Johnson,WR,TB,17,0.8123505874758147,1.401300193122585,3.9669035190450197,24.459958932238195,300.0,model+realized,3.1774943929506136,0.9771428571428571,1.0,False,22.032603452015188,21.901817990295857,6.038352031820332,38.04550840999821,14.70975,23,-122.49807415572118,-159.41582658517535,-142.80283799192097,605,21,169,,,,
00-0035021,Ashton Dulin,WR,IND,17,1.198334384678816,1.6359947880192331,2.254586827936747,29.297741273100616,300.0,model+realized+age_prior,2.0430097511395724,0.9771428571428571,0.97,False,24.251090627594543,24.706894959180723,12.029581351793034,35.6887712065134,14.79325,23,-120.27958698014183,-161.77256378866016,-143.1007242248269,606,21,170,,,,
00-0034860,Dante Pettis,WR,NO,14,1.315351373366528,1.786490888570307,3.266723666991672,30.858316221765914,44.0,model+realized+age_prior,2.7083572825447986,0.8283823529411766,0.97,False,22.939052856642686,23.122963908355324,9.048811420982025,36.44845241330875,12.4795,23,-121.59162475109369,-161.0128825818648,-143.2733165580178,607,21,171,,,,
00-0039394,Casey Washington,WR,ATL,17,1.2235607239936506,1.705238120114029,1.8318264752137738,25.489390828199863,187.0,model+realized,1.7608323358055553,0.9771428571428571,1.0,False,24.94742533289284,25.617342605780436,14.4740555867449,34.70662528828308,14.66225,23,-119.58325227484355,-162.75470970689048,-143.32755386246936,608,21,172,,,,
00-0034418,Cedrick Wilson Jr.,WR,MIA,17,1.3234156438558269,1.7256726125335335,0.9199984015331383,30.781656399726216,208.0,model+realized+age_prior,1.1617670647552807,0.9771428571428571,0.97,False,25.391573338309612,26.330636276009685,17.515175538275045,32.77066401770536,14.697,23,-119.13910426942677,-164.6906709774682,-144.19246595884954,609,21,173,,,,
00-0036862,Ben Skowronek,WR,PIT,17,1.0875679385616706,1.55658006208568,2.345599760251974,29.180013689253936,249.0,model+realized+age_prior,2.081628400118092,0.9771428571428571,0.97,False,23.053753027154634,23.470054052817606,11.11848529375365,34.18862887025872,14.7235,23,-121.47692458058174,-163.27270612491483,-144.46460442996494,610,21,174,,,,
00-0039521,Xavier Weaver,WR,ARI,17,1.115872384685579,1.6256423910602371,1.5690246127113872,25.88637919233402,300.0,model+realized,1.5595035821568475,0.9771428571428571,1.0,False,23.930783171762798,24.357538597889274,14.695234184671344,32.69726582280038,14.786,23,-120.59989443597358,-164.76406917237318,-144.89019054099336,611,21,175,,,,
00-0040718,Travis Hunter,WR,JAX,17,1.35122542154793,1.7995989835237138,0.0,23.290896646132786,2.0,model+realized,0.5420105126612307,0.9616,1.0,False,26.046911445788325,27.41117607089145,21.815562267275325,30.80301011489396,14.4715,23,-118.48376616194805,-166.6583248802796,-144.9797734570304,612,21,176,165.8,11.9,28,-446.2
00-0039305,Jack Westover,RB,NE,17,-0.8355532961399412,0.2956090702070751,0.0,27.23066392881588,300.0,model+realized+age_prior,0.4799999999999999,0.9505448717948718,0.97,False,4.129073142970773,4.169756162239585,1.4024450777188076,6.707543924710219,14.0895,23,-129.53301347728566,-158.00357170949448,-145.19182050500052,613,21,214,,,,
00-0040024,Darius Cooper,WR,PHI,17,0.9840974020726659,1.5282434908680838,1.966521264149702,24.774811772758383,300.0,model+realized,1.8172344596217975,0.9616,1.0,False,22.521157101930303,22.93936381321094,11.649467423639718,32.506512355827134,14.51275,23,-122.00952050580608,-164.95482263934642,-145.62943667925327,614,21,177,,,,
00-0037524,Tay Martin,WR,WAS,6,0.8708181827069346,1.9704044625810178,1.1214573851318055,28.71457905544148,300.0,model+realized,1.5351934134849716,0.7603629032258065,1.0,False,22.542628357399042,23.011476575643,12.721326516959044,31.712270211366647,11.412,23,-121.98804925033734,-165.74906478380692,-146.05660779374563,615,21,178,,,,
00-0035891,Cody White,WR,SEA,17,0.7027215379907918,1.320270026111916,3.193363983233318,27.759069130732374,300.0,model+realized,2.6514875085986565,0.9771428571428571,1.0,False,19.96422928980868,19.875431485225167,6.026098003593645,33.615590572718055,14.75525,23,-124.5664483179277,-163.8457444224555,-146.170061175418,616,21,179,,,,
00-0038824,Ryan Miller,WR,NYG,17,0.8555179469074246,1.433206502267688,2.2236694633764573,26.529774127310063,300.0,model+realized,1.992095235095991,0.9771428571428571,1.0,False,21.30729482053545,21.70235879993726,9.857599375212585,32.055480836288034,14.6795,23,-123.22338278720093,-165.40585415888552,-146.42374204162746,617,21,180,,,,
00-0036133,James Proche,WR,TEN,17,0.9422579721451045,1.4523991339896287,1.8103663912557137,29.946611909650922,201.0,model+realized+age_prior,1.7110491460538855,0.9771428571428571,0.97,False,21.456495677713416,21.883273828764473,11.395753871901794,30.801430373294234,14.74475,23,-123.07418193002296,-166.65990462187932,-147.04632941054396,618,21,181,,,,
00-0038896,Jacob Saylors,RB,DET,17,-0.9672165797262389,0.20121222036629047,0.26678918753996633,26.483230663928815,300.0,model+realized+age_prior,0.661416647527177,0.6601923076923077,0.97,False,1.946599479855006,1.865488071273818,-0.5891443268676924,4.679302384424345,9.74975,23,-131.71548714040145,-160.03181324978036,-147.28946650055985,619,21,215,,,,
00-0038821,Rakim Jarrett,WR,PIT,3,-0.2870568629455201,1.9509748739882278,0.0,25.60164271047228,300.0,model+realized,1.8282377151371103,0.6978571428571428,1.0,False,20.575299070375806,20.794972936934002,10.244925319975225,30.674193677680446,10.5065,23,-123.95537853736057,-166.7871413174931,-147.51284806643346,620,21,182,,,,
00-0033591,Noah Brown,WR,WAS,17,0.9402111301992575,1.4509316373075847,1.5440350117944408,30.652977412731005,239.0,model+realized+age_prior,1.52994380802022,0.9771428571428571,0.97,False,21.186580233934006,21.690658031757245,11.473636578898336,30.116526698181698,14.59675,23,-123.34409737380237,-167.34480829699186,-147.5444883815566,621,21,183,,,,
00-0040493,Silas Bolden,WR,HOU,3,-0.19950145605987915,1.9801600096167746,0.0,24.810403832991103,300.0,model+realized,1.8541604918923549,0.6911363636363637,1.0,False,20.55238824326038,20.837219168968016,9.832866026688578,30.584571252767283,10.38625,23,-123.978289364476,-166.87676374240627,-147.57245027233765,622,21,184,,,,
00-0040259,Gage Larvadain,WR,CLE,17,0.8980849684632088,1.4646690834176157,1.4065759426184359,23.66050650239562,300.0,model+realized,1.4364716409805365,0.9616,1.0,False,21.187274005132934,21.719947060553253,12.445099879082683,29.478515545369607,14.43925,23,-123.34340360260344,-167.98281944980394,-147.8950823185637,623,21,185,,,,
00-0038667,Elijah Cooks,WR,NO,4,0.0,1.8419944454730606,0.0,27.88501026694045,300.0,model+realized,1.7314392847633184,0.7179741379310345,1.0,False,20.0021725824801,20.256874951505836,10.267649687118595,29.397664082021638,10.84925,23,-124.52850502525628,-168.06367091315192,-148.47284626359888,624,21,186,,,,
00-0036841,Austin Trammell,WR,JAX,17,0.8377017027719952,1.420037973993675,1.3689035973447983,28.161533196440793,300.0,model+realized,1.4108544461944628,0.9771428571428571,1.0,False,20.698316745651656,21.24826258526009,11.97761468623336,28.79005084667521,14.63725,23,-123.83236086208473,-168.67128414849836,-148.49376866961222,625,21,187,,,,
00-0038938,Jalin Hyatt,WR,NYG,17,0.7883640493357835,1.3835710127582144,1.4203872711341792,24.933607118412045,73.0,model+realized,1.4458633443712419,0.9771428571428571,1.0,False,20.494215589291546,21.005855073116923,11.823537978540704,28.8672237216969,14.75025,23,-124.03646201844484,-168.59411127347667,-148.54316910871233,626,21,188,,,,
00-0035298,Scott Miller,WR,PIT,17,0.8205990872338942,1.3651750030250263,1.814686814658143,29.086926762491444,208.0,model+realized+age_prior,1.7139870339675374,0.9771428571428571,0.97,False,20.120579688507718,20.57849399419514,10.29040083652709,29.170896374409246,14.70575,23,-124.41009791922866,-168.29043862076432,-148.5442853050733,627,21,189,,,,
00-0036959,Michael Bandy,WR,DEN,17,0.6277004337501828,1.2648196447166833,2.2773178237980387,28.739219712525667,300.0,model+realized,2.028576120182666,0.9771428571428571,1.0,False,18.853163024742244,18.9878882145552,7.436763797691445,29.751205576041635,14.70725,23,-125.67751458299414,-167.71012941913193,-148.7954527428699,628,21,190,,,,
00-0038953,Dylan Drummond,WR,ATL,17,0.7549534185032913,1.3588761986646332,1.6462300961323006,26.622861054072555,300.0,model+realized,1.5994364653699644,0.9771428571428571,1.0,False,20.00747077713524,20.489348811842934,10.558074848373407,28.775713301752045,14.65675,23,-124.52320683060114,-168.68562169342152,-148.81253500515237,629,21,191,,,,
00-0040563,Efton Chism III,WR,NE,17,0.5223241970204012,1.1869328610468448,3.0437979371753543,24.84873374401095,300.0,model+realized,2.549782597279241,0.9616,1.0,False,17.639957126771318,17.459986933031374,4.396100258162803,30.39512648791617,14.4405,23,-126.89072048096506,-167.0662085072574,-148.98723889542583,630,21,192,,,,
00-0037387,Jalen Virgil,WR,ARI,3,-0.6131462799127257,1.8422784016658258,0.0,28.136892539356605,300.0,model+realized,1.7316914999007433,0.6978571428571428,1.0,False,19.411219347322373,19.50155086570076,9.94707067162285,28.831396077601624,10.49775,23,-125.119458260414,-168.62993891757193,-149.05022262185088,631,21,193,,,,
00-0036387,Jalen Reagor,WR,LAC,4,-0.15625134497412188,1.7794939074834117,0.0,27.66324435318275,21.0,model+realized,1.6759251520209097,0.7179741379310345,1.0,False,19.165109737734355,19.53886402805123,9.592277444858047,28.307117180917917,10.793,23,-125.36556787000202,-169.15421781425565,-149.44932533934153,632,21,194,,,,
00-0035934,Trishton Jackson,WR,ARI,4,-0.14000850891163505,1.7859910419084066,0.0,28.48186173853525,300.0,model+realized,1.6816960268728058,0.7179741379310345,1.0,False,19.107449304931233,19.51636665786478,9.416810814501915,28.1726526910708,10.73725,23,-125.42322830280514,-169.28868230410276,-149.54922800351883,633,21,195,,,,
00-0039392,Jha'Quan Jackson,WR,NO,3,-0.7826436406713474,1.7857792814129518,0.0,26.297056810403834,182.0,model+realized,1.6815079372877815,0.6978571428571428,1.0,False,18.701741468739183,18.98547398204802,9.413924373470183,27.634121818526726,10.47125,23,-125.8289361389972,-169.82721317664684,-150.0279885097045,634,21,196,,,,
00-0039062,Jonathan Mingo,WR,DAL,17,0.7278150260346243,1.3388173868399662,0.8488746876271653,25.366187542778917,39.0,model+realized,1.0572347875864725,0.9776744186046511,1.0,False,19.785878806591672,20.36069842285258,12.972246174061038,26.136441747256598,14.76475,23,-124.74479880114471,-171.32489324791698,-150.36385074686945,635,21,197,,,,
00-0038181,Lucky Jackson,WR,MIN,4,-0.20123323592349565,1.7086561165705523,0.0,29.125256673511295,300.0,model+realized+age_prior,1.659943653329928,0.7179741379310345,0.97,False,18.311503111326576,18.415244328167642,8.949544759622322,27.20573410306987,10.783,23,-126.2191744964098,-170.2556008921037,-150.43920901404147,636,21,198,,,,
00-0034928,Steven Sims,WR,ARI,5,0.05304732052756717,1.6476932386952172,0.0,29.420944558521562,300.0,model+realized+age_prior,1.6041206073344425,0.7388333333333333,0.97,False,18.242541614636522,18.39823810704083,9.097343954832503,26.90823576095206,11.06875,23,-126.28813599309986,-170.5530992342215,-150.63386577571674,637,21,199,,,,
00-0034353,Anthony Miller,WR,BAL,4,-0.1284067877753636,1.6652875092375112,0.0,31.89596167008898,51.0,model+realized+age_prior,1.6858179721098598,0.7179741379310345,0.93,False,18.122801093072866,18.269821120946744,9.04338980841025,26.970363963469897,10.86,23,-126.40787651466351,-170.49097103170365,-150.65357849903558,638,21,200,,,,
00-0040438,Antwane Wells Jr.,WR,NYG,4,-0.26807432932926395,1.734764713741355,0.0,25.415468856947296,300.0,model+realized,1.6361958556223943,0.6700000000000002,1.0,False,17.78506130432917,17.907108567764176,8.960535386483743,26.532609979222244,10.08525,23,-126.74561630340722,-170.92872501595133,-151.04632609530648,639,21,201,,,,
00-0034419,Braxton Berrios,WR,HOU,17,0.5007323106714713,1.135844431480924,2.131831579265337,30.90485968514716,210.0,model+realized+age_prior,1.9296454739004294,0.9771428571428571,0.97,False,16.90344887921801,17.115214488059188,6.416275382148821,26.97265048053208,14.74325,23,-127.62722872851836,-170.48868451464148,-151.20102941088606,640,21,202,,,,
00-0035228,Kyler Murray,QB,MIN,17,4.992150970158767,4.78483034767481,7.3601104930964345,29.06776180698152,1.0,model+realized+team_change_prior,7.250890856076248,0.9771428571428571,1.0,True,77.8766529806898,78.47669438711932,40.70398652157009,113.11101353236015,14.95475,8,-140.1476047350272,-160.31406370293033,-151.23915716737392,641,21,37,139.3,14.9,24,-501.7
00-0038573,Derius Davis,WR,LAC,17,0.6649981847579829,1.292387547635492,0.6972108297900074,25.971252566735114,125.0,model+realized,0.954103364257205,0.9771428571428571,1.0,False,19.035027003595417,19.762950009421694,12.819062543397512,24.829266449341358,14.69125,23,-125.49565060414096,-172.6320685458322,-151.42068047207115,642,21,203,,,,
00-0039473,Xavier Johnson,WR,CIN,5,-0.1891389198426242,1.5885681686834079,0.0,27.310061601642712,300.0,model+realized,1.5063413828469352,0.7388333333333333,1.0,False,17.56460730346599,17.891582258149143,8.722606847224997,25.87856255756839,11.02825,23,-126.96607030427039,-171.58277243760517,-151.50525647760452,643,21,204,,,,
00-0037300,Mike Woods,WR,GB,5,-0.2000373458240625,1.5836143386918449,0.0,26.45311430527036,202.0,model+realized,1.5019412995103647,0.7388333333333333,1.0,False,17.483581484504413,17.815808480933274,8.603720715212198,25.761237697773012,10.98675,23,-127.04709612323197,-171.70009729740053,-151.60624676902466,644,21,205,,,,
00-0038647,Ronnie Bell,WR,NO,17,0.36321941622150095,1.069333675238962,2.49811693787423,26.5927446954141,253.0,model+realized,2.1787195177544763,0.9771428571428571,1.0,False,15.7704995872849,15.755210686624903,4.294634140594745,26.91663848889606,14.60375,23,-128.7601780204515,-170.5446965062775,-151.7416631876558,645,21,206,,,,
00-0038891,Shedrick Jackson,WR,LV,17,0.6844868138310187,1.306792186515562,2.463975744724009,26.86652977412731,300.0,model+realized,2.1555035064123262,0.8051893939393939,1.0,False,15.833587632493572,15.903473737160965,4.808411710011279,26.554585492621516,12.1465,23,-128.69708997524282,-170.90674950255203,-151.91240271526289,646,21,207,,,,
00-0036620,Dee Eskridge,WR,MIA,17,0.5817773793166533,1.1939502220008826,1.2027236247979245,29.44284736481862,56.0,model+realized+age_prior,1.2978520648625886,0.9771428571428571,0.97,False,17.37006718065716,17.82951675854594,9.274774937648152,24.73437793078296,14.63575,23,-127.16061042707922,-172.7269570643906,-152.22210107760048,647,21,208,,,,
00-0036647,Cornell Powell,WR,PIT,3,-0.7999999999999999,1.7799938283034011,0.0,28.83778234086242,181.0,model+realized,1.6763691909308818,0.6117934782608696,1.0,False,16.327425609684134,16.347972631531885,7.274814874403593,25.038260921197473,9.1845,23,-128.20325199805225,-172.4230740739761,-152.52415413981038,648,21,209,,,,
00-0040522,Xavier Restrepo,WR,TEN,17,0.4859672877892581,1.1600603629194781,1.2360396909675102,24.38877481177276,300.0,model+realized,1.320506989857907,0.9616,1.0,False,16.91385575674637,17.174325719074872,9.223307796185628,24.124220359508918,14.516,23,-127.61682185099001,-173.33711463566465,-152.76298288256106,649,21,210,,,,
00-0034386,Justin Watson,WR,HOU,17,0.48471579989587243,1.1243612896248532,1.1635708224356307,30.409308692676248,144.0,model+realized+age_prior,1.271228159256229,0.9771428571428571,0.97,False,16.44361457110893,16.900471410477127,8.509380895413274,23.604191357244755,14.736,23,-128.08706303662746,-173.8571436379288,-153.2606073673432,650,21,211,,,,
00-0040668,Shedeur Sanders,QB,CLE,17,4.7654927203209265,4.71494993585724,8.537273466118684,24.56399726214921,144.0,model+realized,7.067388707615305,0.9616,1.0,False,75.45733994326694,75.68697029894273,41.985598622947066,110.80896157246485,14.7395,8,-142.56691777245004,-162.61611566282562,-153.5939766121566,651,21,38,,,,
00-0038092,Erik Ezukanma,WR,JAX,6,-0.12228880153221389,1.4738509704614438,0.0,26.600958247775495,125.0,model+realized,0.8571428571428571,0.7603629032258065,1.0,False,16.818862299135898,17.294302101305007,11.010019975386127,22.523035513641023,11.42575,23,-127.71181530860048,-174.93829948153254,-153.6863816037131,652,21,212,,,,
00-0038640,Jalen Brooks,WR,ARI,18,0.392103293040454,1.0615751553941157,1.231516945449028,26.31895961670089,244.0,model+realized,1.3141271160800962,0.9776744186046511,1.0,False,15.616739079590321,16.02664397132074,7.6682108214084845,22.73930703810022,14.68775,23,-128.91393852814605,-174.72202795707335,-154.10838771405605,653,21,213,,,,
00-0035544,Tom Kennedy,WR,DET,17,0.25495422010993096,0.959632226552237,1.8432707502761305,30.091718001368925,300.0,model+realized+age_prior,1.7334241101877688,0.9771428571428571,0.97,False,14.251523493337139,14.366100334690834,4.523227169250793,23.70300514342374,14.6615,23,-130.27915411439923,-173.7583298517498,-154.19270076994206,654,21,214,,,,
00-0040432,Beaux Collins,WR,NYG,17,0.43080838158271983,1.1192907365929063,0.7721246470539813,23.709787816564,300.0,model+realized,1.0050447599967072,0.9616,1.0,False,16.06241552967641,16.614269478808847,9.415924607056121,21.968031555917445,14.35725,23,-128.46826207805998,-175.49330343925612,-154.33203482671786,655,21,215,,,,
00-0037487,Deven Thompkins,WR,ATL,14,0.32277722777298756,1.1469412821776217,1.3083837861530279,26.691307323750856,300.0,model+realized,1.3780624093701086,0.8761111111111111,1.0,False,15.157056027975907,15.371979321929166,7.343786152303547,22.598495460241534,13.157,23,-129.37362157976048,-174.86283953493202,-154.39269145510485,656,21,216,,,,
00-0037098,Samori Toure,WR,NO,11,0.21565435263310762,1.2230671960996933,0.3919647479510927,28.44079397672827,258.0,model+realized,0.8585059067085273,0.8761111111111111,1.0,False,16.081107373852177,16.524044297141455,10.416700020738489,21.594781709217923,13.1465,23,-128.4495702338842,-175.86655328595563,-154.5289109125235,657,21,217,,,,
00-0037093,Dareke Young,WR,SEA,17,0.28223358538686383,1.009474582882926,1.2062338081814818,27.24435318275154,233.0,model+realized,1.3002389895634077,0.9771428571428571,1.0,False,14.71439199750503,14.990827158143105,6.973298852391078,21.954559513915928,14.6315,23,-129.81628561023135,-175.50677548125762,-154.9460550392958,658,21,218,,,,
00-0036345,K.J. Osborn,WR,ATL,7,-0.05940943757588991,1.3433812338421844,0.0,29.22655715263518,176.0,model+realized+age_prior,0.8,0.7825,0.97,False,15.684044916997436,16.133921608806038,9.981834810721764,21.09115838807397,11.70125,23,-128.84663269073894,-176.37017660709958,-154.9845818447373,659,21,219,,,,
00-0033589,David Moore,WR,CAR,17,0.49977471585228794,1.0883472435010495,0.45146819313409525,31.627652292950035,226.0,model+realized+age_prior,0.7869983713311848,0.9771428571428571,0.93,False,15.853487422390128,16.559282630061613,10.32467748708163,20.910347000744434,14.5955,23,-128.67719018534626,-176.55098799442914,-155.00777898034184,660,21,220,,,,
00-0038810,Thayer Thomas,WR,DEN,7,-0.1714285714285714,1.3246111119023545,0.0,28.28473648186174,300.0,model+realized,0.8,0.7825,1.0,False,15.643381074678452,16.0431372683126,10.173594869620585,20.87634732834971,11.826,23,-128.88729653305793,-176.58498766682385,-155.1210266566292,661,21,221,,,,
00-0034854,KhaDarel Hodge,WR,ATL,17,0.2845845211938438,0.940427374911919,1.4794673127216311,32.65982203969884,300.0,model+realized+age_prior,1.4860377726507092,0.9771428571428571,0.93,False,14.083790949479152,14.3368638984076,5.427621465942806,22.088980199505787,14.7295,23,-130.44688665825723,-175.37235479566777,-155.15589413383304,662,21,222,,,,
00-0039884,Tahj Washington,WR,MIA,17,0.2678399066384503,0.9988357768514897,1.1144109496527221,25.295003422313485,241.0,model+realized,1.237799445763851,0.9771428571428571,1.0,False,14.73218832029168,15.04863420611537,7.4074539481486195,21.454655979342274,14.70425,23,-129.7984892874447,-176.00667901583128,-155.21299363805733,663,21,223,,,,
00-0040443,Joaquin Davis,WR,MIN,6,-0.015624702504302434,1.5271830199753993,0.0,24.03832991101985,300.0,model+realized,0.8571428571428571,0.6635714285714285,1.0,False,15.114425612315104,15.539190711696993,8.780775187416136,21.02019187696894,9.91975,23,-129.41625199542128,-176.44114311820462,-155.2799421129521,664,21,224,,,,
00-0040172,Jordan Watkins,WR,SF,17,0.30879562661799226,1.0291073959668033,0.792752093881146,24.542094455852155,138.0,model+realized,1.0190714238391791,0.9616,1.0,False,14.880506202379813,15.225821105916651,8.696958529752818,20.709671399247842,14.52575,23,-129.65017140535656,-176.75166359592572,-155.5559921101696,665,21,225,,,,
00-0037828,Danny Gray,WR,PHI,9,0.0,1.2279962969820406,0.0,27.419575633127995,105.0,model+realized,0.7058823529411764,0.8283823529411766,1.0,False,15.29424670407751,15.741492526572095,10.188944289940565,20.154175979823794,12.47975,23,-129.23643090365886,-177.30715901534975,-155.67533136508885,666,21,226,,,,
00-0040388,Jakobie Keeney-James,WR,GB,15,0.24207140157392737,1.0500483561114056,0.9036961141150639,25.930184804928132,300.0,model+realized,1.1111061613793893,0.9175,1.0,False,14.495573676922008,14.915840277512643,7.591083121232473,20.75634480125313,13.78,23,-130.03510393081436,-176.70499019392042,-155.7035413755227,667,21,227,,,,
00-0040220,Tommy Mellott,WR,NO,6,-0.1422636316558599,1.4638635553996207,0.0,24.876112251882272,213.0,model+realized,0.8571428571428571,0.6635714285714285,1.0,False,14.60463700737268,15.028536796001479,8.613373533877674,20.33782553859588,9.97375,23,-129.9260406003637,-177.12350945657766,-155.8846484712814,668,21,228,,,,
00-0040406,Quentin Skinner,WR,NYJ,17,0.20580286723007124,0.9529823129409487,0.9701425001453319,24.687200547570157,300.0,model+realized,1.1396969000988257,0.9616,1.0,False,13.863236046745667,14.042854840269499,7.104602971358823,20.231034718150056,14.57375,23,-130.6674415609907,-177.2303002770235,-156.27701385480876,669,21,229,,,,
00-0040317,Jacoby Jones,WR,WAS,17,0.22043767584191865,0.9637993453931837,0.8488746876271653,25.12251882272416,300.0,model+realized,1.0572347875864725,0.9616,1.0,False,13.856761240329682,14.23143616359651,7.283963402326033,19.91923650253151,14.4025,23,-130.6739163674067,-177.54209849264205,-156.45141653628613,670,21,230,,,,
00-0035140,Mecole Hardman,WR,BUF,12,0.024929221978599342,1.0399497288041002,0.5773502691896257,28.473648186173854,56.0,model+realized,0.9464101615137754,0.9005743243243243,1.0,False,13.994528158165382,14.362249648311284,8.020151991239716,19.590802791269816,13.54775,23,-130.53614944957098,-177.87053220390374,-156.570059964454,671,21,231,,,,
00-0032688,Robbie Chosen,WR,WAS,15,0.731556124440546,1.2317186648941971,2.035003217500674,33.31416837782341,300.0,model+realized+age_prior,1.8489151418482659,0.6601923076923077,0.88,False,12.327238262740794,12.133734330755617,3.983301346702811,20.889321859438443,9.89375,23,-132.2034393449956,-176.57201313573512,-156.60615492990235,672,21,232,,,,
00-0035876,Andre Baccellia,WR,ARI,17,0.2756588108670811,0.9744765179255155,0.4662901141866888,29.648186173853524,300.0,model+realized+age_prior,0.7970772776469484,0.9771428571428571,0.97,False,14.419934580007924,14.787725638156907,9.62809629434156,19.104196175763537,14.77825,23,-130.11074302772846,-178.35713881941,-156.6462607131533,673,21,233,,,,
00-0038728,Jared Wayne,WR,HOU,17,0.24529949019193076,0.9821754690431928,0.970142500145332,25.900068446269678,300.0,model+realized,1.1396969000988257,0.9253947368421053,1.0,False,13.56964500259704,13.988216888674433,6.7123460603999785,19.760565010974545,13.8355,23,-130.96103260513934,-177.700769984199,-156.66788816362217,674,21,234,,,,
00-0040337,Eli Pancol,WR,IND,8,0.030808573740425928,1.3333152174752867,0.0,26.151950718685832,300.0,model+realized,0.75,0.69,1.0,False,13.795597702797755,14.139232038921476,8.45637863018318,19.005021487301203,10.365,23,-130.73507990493863,-178.45631350787235,-156.98175838655217,675,21,235,,,,
00-0034487,Trent Sherfield,WR,ARI,18,0.2514567204997885,0.9274075192089581,0.693880817025009,30.51334702258727,300.0,model+realized+age_prior,0.9419174887096217,0.9776744186046511,0.97,False,13.647758656099061,13.972164883508757,7.862807419843005,19.06677468083368,14.687,23,-130.88291895163732,-178.39456031433988,-157.01432170112372,676,21,236,,,,
00-0037382,Brandon Johnson,WR,PIT,10,-0.07304582493819346,1.105592887834292,0.0,28.10130047912389,300.0,model+realized,0.6666666666666666,0.8520357142857142,1.0,False,14.174762904053921,14.734264926117831,9.357869292166,18.545641638747362,12.82025,23,-130.35591470368246,-178.9156933564262,-157.0637929626915,677,21,237,,,,
00-0035703,Miles Boykin,WR,CHI,9,-0.08272327269581622,1.1430114633636141,0.0,29.88637919233402,93.0,model+realized+age_prior,0.7058823529411764,0.8051893939393939,0.97,False,13.9327145486421,14.364423484931686,8.913869988846466,18.56051373990258,12.16075,23,-130.59796305909427,-178.90082125527098,-157.16453506699145,678,21,238,,,,
00-0040154,Tai Felton,WR,MIN,17,0.16624905050029604,0.9237468831841583,0.7241628026251296,23.46611909650924,102.0,model+realized,0.9724307057850881,0.9616,1.0,False,13.301927824119364,13.684410082074779,7.224607754590116,18.81741435818758,14.45825,23,-131.22874978361702,-178.64392063698597,-157.30709375296993,679,21,239,,,,
00-0036527,DJ Turner,WR,LV,10,-0.06671826394024045,1.0762611850542723,0.0,29.61806981519507,300.0,model+realized+age_prior,0.6666666666666666,0.8520357142857142,0.97,False,13.802338180053518,14.327475680388073,9.11585293886707,18.120214160925517,12.84525,23,-130.72833942768287,-179.34112083424804,-157.46536920129373,680,21,240,,,,
00-0039415,Brenden Rice,WR,LV,10,-0.1498916024972197,1.0575642768599007,0.0,24.45722108145106,225.0,model+realized,0.6666666666666666,0.8520357142857142,1.0,False,13.64869303598663,14.104647244078318,9.063028242290182,17.906684825284152,12.8545,23,-130.88198457174974,-179.5546501698894,-157.65195065072658,681,21,241,,,,
00-0040383,Bryson Green,WR,ARI,8,-0.09208851543308874,1.2630883093761356,0.0,23.67145790554415,300.0,model+realized,0.75,0.69,1.0,False,13.186042285063127,13.469405419638335,7.915657262903631,18.24561964199221,10.43875,23,-131.34463532267324,-179.21571535318134,-157.6737293394527,682,21,242,,,,
00-0039650,Bryce Oliver,WR,TEN,17,0.12145631646364428,0.8906392102005461,0.4365641250653993,26.286105407255306,300.0,model+realized,0.7768636050444715,0.9771428571428571,1.0,False,13.155855387061733,13.567132662939766,8.043316408621907,17.851697644947652,14.72675,23,-131.37482222067464,-179.6096373502259,-157.90397054192783,683,21,243,,,,
00-0039456,John Rhys Plumlee,WR,PIT,10,-0.223297308375875,1.011685710685741,0.0,25.661875427789184,300.0,model+realized,0.6666666666666666,0.8761111111111111,1.0,False,13.33787211410438,13.759151710495363,8.778533763995911,17.620101698697294,13.154,23,-131.192805493632,-179.84123329647628,-157.94944078519634,684,21,244,,,,
00-0039853,Javon Baker,WR,SF,11,-0.113180880170051,1.0102914572270614,0.0,24.53388090349076,110.0,model+realized,0.631578947368421,0.8761111111111111,1.0,False,13.216084928073462,13.715679401407385,8.608776207418204,17.47019249182427,13.1385,23,-131.31459267966292,-179.9911425033493,-158.08669508269043,685,21,245,,,,
00-0040615,Cade McDonald,WR,CLE,8,-0.15,1.2299960324807577,0.0,25.319644079397673,300.0,model+realized,0.75,0.69,1.0,False,12.637760740454729,13.019592003585739,7.394625050380116,17.535047972417463,10.3215,23,-131.89291686728166,-179.9262870227561,-158.3112704527926,686,21,246,,,,
00-0036271,Quez Watkins,WR,PHI,14,0.0,0.9209972227365305,0.0,28.229979466119097,200.0,model+realized,0.5454545454545454,0.9505448717948718,1.0,False,13.125749352548246,13.64398386196773,9.33688256091322,16.7616202649878,14.26575,23,-131.40492825518814,-180.69971473018575,-158.51706081643684,687,21,247,,,,
00-0036176,Mason Kinsey,WR,TEN,17,-0.05190355273417166,0.7625036547065083,1.1832159566199232,28.008213552361397,300.0,model+realized,1.2845868505015476,0.9771428571428571,1.0,False,11.40326382417873,11.620920962075427,4.140783644822696,18.159588363743268,14.6915,23,-133.12741378355764,-179.3017466314303,-158.5232968498876,688,21,248,,,,
00-0035341,Trenton Irwin,WR,NYJ,12,-0.05373999915926632,0.9578784739374906,0.0,30.72689938398357,300.0,model+realized+age_prior,0.6000000000000001,0.9005743243243243,0.97,False,13.05582714782241,13.460275808514243,9.311033567119466,16.797149504466788,13.62875,23,-131.47485045991397,-180.66418549070676,-158.52898472685,689,21,249,,,,
00-0036331,Devin Duvernay,WR,CHI,17,0.017587698933296037,0.8138667537650713,0.8571498599153717,28.969199178644764,92.0,model+realized,1.0628619047424528,0.9771428571428571,1.0,False,11.90497467020066,12.216233654790344,5.662707279639039,17.659793508284892,14.67125,23,-132.62570293753572,-179.80154148688865,-158.57241413967984,690,21,250,,,,
00-0038911,Malik Cunningham,WR,DET,16,0.07851939152644184,0.8943752145069853,0.025,27.904175222450377,300.0,model+realized,0.5166666666666667,0.9765853658536585,1.0,False,13.067022780458174,13.63061304447669,9.21860189904226,16.590645315447844,14.63125,23,-131.46365482727822,-180.87068967972573,-158.63752399612434,691,21,251,,,,
00-0036497,Tim Jones,WR,JAX,17,0.03207431599249921,0.8245742533305693,0.6063390625908325,28.298425735797398,300.0,model+realized,0.892310562561766,0.9771428571428571,1.0,False,12.117195427607069,12.335662339953751,6.8089212019214616,17.29172934485944,14.72625,23,-132.4134821801293,-180.1696056503141,-158.67935008873096,692,21,252,,,,
00-0039810,Jermaine Burton,WR,CIN,14,-0.01807034603750203,0.9083479805102791,0.0,25.177275838466805,80.0,model+realized,0.5454545454545454,0.9505448717948718,1.0,False,12.949928917564627,13.494157408435935,9.01133845071217,16.590646723047236,14.23125,23,-131.58074869017176,-180.87068827212633,-158.69021546024678,693,21,253,,,,
00-0038752,Jake Bobo,WR,SEA,17,0.02048419477367802,0.8160076419949189,0.7088204783922621,28.076659822039698,300.0,model+realized,0.9619979253067382,0.9771428571428571,1.0,False,11.879577295245175,12.223198134285502,6.119694146910169,17.18427525501256,14.6735,23,-132.6511003124912,-180.277059740161,-158.8453779977096,694,21,254,,,,
00-0039816,Anthony Gould,WR,IND,17,0.048578363609172635,0.8367728972211541,0.43173725670079643,25.404517453798768,142.0,model+realized,0.7735813345565415,0.9771428571428571,1.0,False,12.294960014633267,12.675067296624412,7.455542123372882,16.77574062566699,14.71825,23,-132.23571759310312,-180.68559436950656,-158.88314982012503,695,21,255,,,,
00-0035639,Parris Campbell,WR,DAL,13,-0.040796318090811565,0.9133107657875554,0.0,29.127994524298426,59.0,model+realized+age_prior,0.5714285714285714,0.9253947368421053,0.97,False,12.715906607206012,13.169989078854659,8.8319199392906,16.402018992834314,13.95075,23,-131.81477100053036,-181.05931600233924,-158.89927075152525,696,21,256,,,,
00-0034054,River Cracraft,WR,WAS,8,-0.4125127822236524,1.0043895173682496,0.0,31.83299110198494,300.0,model+realized+age_prior,0.75,0.8051893939393939,0.93,False,12.171932616702472,12.501350391439118,7.073843196857522,16.842314688290223,12.05625,23,-132.35874499103392,-180.61902030688333,-158.9018964147511,697,21,257,,,,
adp:fernando mendoza,Fernando Mendoza,QB,LV,0,6.00131098219804,6.00131098219804,,,,rookie_market_prior,2.991026242700099,0.85,1.0,False,78.11130282765366,80.01843926964901,58.14855545327355,98.7300478359672,13.01025,8,-139.91295488806333,-174.6950293993233,-159.04309586925632,698,21,39,171.1,13.8,29,-526.9
00-0040534,Ke'Shawn Williams,WR,CIN,17,-0.001093652108807101,0.8000587986469951,0.664045090602243,24.67898699520876,300.0,model+realized,0.9315506616095253,0.9616,1.0,False,11.592791402839316,11.853972588049121,5.903737419246727,16.89641123265641,14.46,23,-132.93788620489707,-180.56492376251714,-159.13275686158812,699,21,258,,,,
00-0038496,Xavier Gipson,WR,NYG,17,-0.009923653884338492,0.7935322755955154,0.6156655891367154,25.4839151266256,300.0,model+realized,0.8986526006129665,0.9771428571428571,1.0,False,11.706992743959932,12.046920374184644,6.100908515851767,16.80260093507491,14.65525,23,-132.82368486377644,-180.65873406009865,-159.13296192175366,700,21,259,,,,
00-0038519,Nikko Remigio,WR,KC,17,-0.02309043622424141,0.783800306039935,0.7819188313524169,26.82546201232033,300.0,model+realized,1.0117048053196436,0.9771428571428571,1.0,False,11.415197894425216,11.665982303188043,5.451373287188547,16.89654875807561,14.659,23,-133.11547971331117,-180.56478623709796,-159.2125983013939,701,21,260,,,,
00-0038941,Tyler Scott,WR,LA,15,-0.028665895924811197,0.8566645721837352,0.0,24.8870636550308,133.0,model+realized,0.5217391304347826,0.976,1.0,False,12.623494944329394,13.106549865261622,9.061501488429863,15.896523048711394,14.722,23,-131.90718266340699,-181.56481194646216,-159.21887876908733,702,21,261,,,,
00-0037132,Britain Covey,WR,PHI,17,-0.030922945139344515,0.7546707285104739,0.9701425001453319,29.456536618754278,300.0,model+realized+age_prior,1.1396969000988257,0.9771428571428571,0.97,False,10.941592281131896,11.133054506819818,4.37635478270772,17.116231862571748,14.688,23,-133.58908532660448,-180.34510313260182,-159.30489511990302,703,21,262,,,,
00-0036955,Terrace Marshall Jr.,WR,PHI,14,-0.0857142857142857,0.8609972227365306,0.0,26.22861054072553,59.0,model+realized,0.5454545454545454,0.9505448717948718,1.0,False,12.391744764593664,12.771584449437132,8.65439556873131,15.870646454061907,14.4145,23,-132.13893284314273,-181.59068854111166,-159.33739847702566,704,21,263,,,,
00-0040633,Kyrese Rowan,WR,DEN,11,-0.0779075759789342,1.0331153599389604,0.0,25.598904859685145,300.0,model+realized,0.631578947368421,0.7685526315789473,1.0,False,11.936782302552059,12.300775876434148,7.513553880007583,16.171034786060936,11.547,23,-132.59389530518433,-181.29030020911262,-159.3769180023449,705,21,264,,,,
00-0040617,Luke Floriea,WR,CLE,14,0.0,0.9209972227365305,0.0,24.856947296372347,300.0,model+realized,0.5454545454545454,0.8768181818181817,1.0,False,12.175800404884656,12.623411185954854,8.403708645030601,15.778401143970381,13.227,23,-132.35487720285172,-181.6829338512032,-159.48530835944504,706,21,265,,,,
00-0040366,Hal Presley,WR,TEN,12,-0.04364668322094957,0.9942324586710675,0.0,24.607802874743328,300.0,model+realized,0.6000000000000001,0.802,1.0,False,11.902969154343715,12.340961538391753,7.516177484464368,15.942578874246193,11.98725,23,-132.62770845339267,-181.51875612092738,-159.51778467053677,707,21,266,,,,
00-0040646,Jalen Royals,WR,KC,17,-0.021889713418076495,0.7846877968097091,0.5820855000871992,23.534565366187543,133.0,model+realized,0.8758181400592954,0.9616,1.0,False,11.313721444469188,11.529929900792984,5.827897943201529,16.368919918815372,14.40025,23,-133.21695616326718,-181.09241507635818,-159.54845856546723,708,21,267,,,,
00-0040352,Coleman Owen,WR,IND,17,0.06984377194982473,0.85249080773381,0.0,25.44284736481862,300.0,model+realized,0.4799999999999999,0.9616,1.0,False,12.271650367474088,12.830258827475422,8.967688532196377,15.453626485218726,14.41525,23,-132.2590272402623,-182.00770850995482,-159.6208019385932,709,21,268,,,,
00-0035976,Dan Chisena,WR,CAR,14,-0.07143370829009899,0.8448638181254574,0.0,29.51403148528405,300.0,model+realized+age_prior,0.5454545454545454,0.9505448717948718,0.97,False,12.099604195272867,12.528703241327435,8.621268374053916,15.574232146980766,14.3205,23,-132.43107341246352,-181.8871028481928,-159.63188960211463,710,21,269,,,,
00-0036277,Quintez Cephus,WR,HOU,15,-0.04441871152944992,0.8454125610375647,0.0,28.418891170431213,166.0,model+realized,0.5217391304347826,0.9505448717948718,1.0,False,12.143364764501689,12.647300806316503,8.544329636789067,15.425127165708721,14.34475,23,-132.3873128432347,-182.03620782946484,-159.69420508566128,711,21,270,,,,
00-0037257,David Bell,WR,CLE,17,0.0,0.8008671502056787,0.0,25.713894592744694,99.0,model+realized,0.4799999999999999,0.9771428571428571,1.0,False,11.82426986137599,12.300751156945317,8.557939542179579,14.948084167425973,14.72375,23,-132.70640774636038,-182.51325082774758,-160.10017144112334,712,21,271,,,,
00-0039907,Ja'Lynn Polk,WR,NO,17,0.0,0.8008671502056787,0.0,24.39151266255989,37.0,model+realized,0.4799999999999999,0.9771428571428571,1.0,False,11.808271698160052,12.286677647142179,8.530171926510132,14.936104869381863,14.72275,23,-132.72240590957634,-182.5252301257917,-160.1139592284948,713,21,272,,,,
00-0037422,Kendric Pryor,WR,CIN,16,-0.0507188656973699,0.8003837547078495,0.0,28.65160848733744,300.0,model+realized,0.5,0.9765853658536585,1.0,False,11.701039533923883,12.163284305383437,8.235714529704351,15.012750030446208,14.62975,23,-132.8296380738125,-182.44858496472736,-160.12005886381567,714,21,273,,,,
00-0036183,Kristian Wilkerson,WR,TEN,15,-0.07054055542087477,0.8019514780816648,0.0,29.639972621492127,300.0,model+realized+age_prior,0.5217391304347826,0.976,0.97,False,11.696130569624662,12.182617873726809,8.136511479300111,15.014614337711915,14.592,23,-132.8345470381117,-182.44672065746164,-160.12124252875418,715,21,274,,,,
00-0039052,Trey Palmer,WR,NO,17,0.0,0.8008671502056787,0.0,25.415468856947296,191.0,model+realized,0.4799999999999999,0.9771428571428571,1.0,False,11.737966603643661,12.276348660185985,8.265030528837158,14.972566233018092,14.62825,23,-132.79271100409272,-182.48876876215547,-160.12554277102726,716,21,275,,,,
00-0039259,Dayton Wade,WR,BAL,17,0.0,0.8008671502056787,0.0,25.97946611909651,300.0,model+realized,0.4799999999999999,0.9771428571428571,1.0,False,11.756479369978186,12.22732097338258,8.531345361496045,14.941714530581152,14.63925,23,-132.77419823775818,-182.5196204645924,-160.134180462517,717,21,276,,,,
00-0036936,Rondale Moore,WR,MIN,17,0.0,0.8008671502056787,0.0,26.22861054072553,49.0,model+realized,0.4799999999999999,0.9771428571428571,1.0,False,11.751350870886164,12.268360721834854,8.254536861510038,14.931868045389914,14.6345,23,-132.7793267368502,-182.52946694978365,-160.1419038539636,718,21,277,,,,
00-0039562,David White,WR,BUF,17,0.0,0.8008671502056787,0.0,26.12183436002738,300.0,model+realized,0.4799999999999999,0.9771428571428571,1.0,False,11.771968867068107,12.253364474102383,8.535511512390524,14.894179494933542,14.66775,23,-132.75870874066828,-182.56715550024,-160.15335445843272,719,21,278,,,,
00-0038477,Bryce Ford-Wheaton,WR,NYG,17,0.0,0.8008671502056787,0.0,26.480492813141684,300.0,model+realized,0.4799999999999999,0.9771428571428571,1.0,False,11.816899974599036,12.291175716266235,8.67700701260396,14.855081743886267,14.71975,23,-132.71377763313734,-182.60625325128728,-160.15463922311983,720,21,279,,,,
00-0039236,Johnny Wilson,WR,PHI,17,0.0,0.8008671502056787,0.0,25.412731006160165,185.0,model+realized,0.4799999999999999,0.9771428571428571,1.0,False,11.771374826993501,12.30548561765838,8.41738249235248,14.891607839814892,14.68725,23,-132.75930278074287,-182.56972715535866,-160.15503618678156,721,21,280,,,,
00-0039747,Ainias Smith,WR,CAR,17,0.0,0.8008671502056787,0.0,25.253935660506503,152.0,model+realized,0.4799999999999999,0.9771428571428571,1.0,False,11.775189026086935,12.30286955005776,8.363617090981702,14.887964416486643,14.63675,23,-132.75548858164944,-182.5733705786869,-160.15532368002005,722,21,281,,,,
00-0038612,A.T. Perry,WR,DEN,17,0.0,0.8008671502056787,0.0,26.850102669404517,195.0,model+realized,0.4799999999999999,0.9771428571428571,1.0,False,11.778027688499938,12.239827464482625,8.428595483256542,14.882506519746647,14.71525,23,-132.75264991923643,-182.57882847542692,-160.15704812514122,723,21,282,,,,
00-0039365,Jacob Cowing,WR,SF,17,0.0,0.8008671502056787,0.0,25.571526351813826,135.0,model+realized,0.4799999999999999,0.9771428571428571,1.0,False,11.797857562409344,12.310915120977171,8.495925735518648,14.85252217982782,14.7335,23,-132.73282004532703,-182.60881281534574,-160.16461606883732,724,21,283,,,,
00-0039722,JaQuae Jackson,WR,LAC,17,0.0,0.8008671502056787,0.0,26.587268993839835,300.0,model+realized,0.4799999999999999,0.9771428571428571,1.0,False,11.738464422118689,12.239734650006003,8.378181794934505,14.887952976296074,14.66475,23,-132.7922131856177,-182.57338201887748,-160.17185604391057,725,21,284,,,,
00-0036261,Brandon Aiyuk,WR,SF,17,0.0,0.8008671502056787,0.0,28.459958932238195,25.0,model+realized,0.4799999999999999,0.9771428571428571,1.0,False,11.78269303784156,12.210002541212328,8.622371317286493,14.85153478060263,14.74475,23,-132.7479845698948,-182.60980021457092,-160.17198317446667,726,21,285,148.2,14.3,25,-577.8
00-0038977,Tank Dell,WR,HOU,17,0.0,0.8008671502056787,0.0,26.84188911704312,69.0,model+realized,0.4799999999999999,0.9771428571428571,1.0,False,11.75962384019383,12.248251171568802,8.366740321280878,14.867077197565209,14.6985,23,-132.77105376754255,-182.59425779760835,-160.17381598407874,727,21,286,160.6,18.5,27,-566.4
00-0039552,Joshua Cephus,WR,JAX,17,0.0,0.8008671502056787,0.0,25.492128678986994,300.0,model+realized,0.4799999999999999,0.9771428571428571,1.0,False,11.759361703163702,12.255358795562476,8.504542027938816,14.858995286407641,14.6785,23,-132.77131590457267,-182.60233970876592,-160.17837899687896,728,21,287,,,,
00-0039505,John Jiles,WR,NE,17,0.0,0.8008671502056787,0.0,26.1492128678987,300.0,model+realized,0.4799999999999999,0.976,1.0,False,11.70018100657939,12.14276998696396,8.47874548200312,14.892498946836223,14.6625,23,-132.830496601157,-182.56883604833735,-160.18658329710618,729,21,288,,,,
00-0039386,Bub Means,WR,NO,17,0.0,0.8008671502056787,0.0,25.639972621492127,170.0,model+realized,0.4799999999999999,0.9771428571428571,1.0,False,11.723536382539967,12.29104691047031,8.370378563089078,14.833747708932039,14.61175,23,-132.8071412251964,-182.62758728624152,-160.20838655877122,730,21,289,,,,
00-0036635,Ihmir Smith-Marsette,WR,NYG,17,0.0,0.8008671502056787,0.0,27.00889801505818,157.0,model+realized,0.4799999999999999,0.9771428571428571,1.0,False,11.693447211111154,12.2669764046369,8.26575609775487,14.830029191179715,14.59675,23,-132.83723039662522,-182.63130580399385,-160.22397187067799,731,21,290,,,,
00-0040445,Courtney Jackson,WR,SEA,17,0.0,0.8008671502056787,0.0,25.470225872689937,300.0,model+realized,0.4799999999999999,0.9616,1.0,False,11.629059553541296,12.022704599634597,8.348228109621324,14.778183214389548,14.51425,23,-132.90161805419507,-182.68315178078402,-160.281461603819,732,21,291,,,,
00-0040570,Jeremiah Webb,WR,NE,17,0.0,0.8008671502056787,0.0,25.29226557152635,300.0,model+realized,0.4799999999999999,0.9616,1.0,False,11.619523773788174,12.105002046189894,8.35993998770668,14.76730789912384,14.4685,23,-132.91115383394822,-182.69402709604972,-160.29173412810405,733,21,292,,,,
00-0040461,Luke Grimm,WR,LAC,12,-0.1563177598675003,0.919118407573367,0.0,25.065023956194388,300.0,model+realized,0.6000000000000001,0.802,1.0,False,11.100261952663402,11.406536790676011,6.812200855341301,15.152798530757371,12.04075,23,-133.43041565507298,-182.3085364644162,-160.31338210021175,734,21,293,,,,
00-0040049,Josh Kelly,WR,HOU,17,0.0,0.8008671502056787,0.0,25.169062286105408,300.0,model+realized,0.4799999999999999,0.9616,1.0,False,11.602702914890644,12.02214375411407,8.266018344633252,14.736046711917934,14.5065,23,-132.92797469284574,-182.72528828325562,-160.31649716757119,735,21,294,,,,
00-0040609,Tru Edwards,WR,LA,17,0.0,0.8008671502056787,0.0,25.229295003422312,300.0,model+realized,0.4799999999999999,0.9616,1.0,False,11.606808891447349,12.058883446138157,8.438966158099982,14.722006736642111,14.49875,23,-132.92386871628904,-182.73932825853146,-160.32237146452238,736,21,295,,,,
00-0040265,Ja'Seem Reed,WR,CAR,17,0.0,0.8008671502056787,0.0,23.449691991786448,300.0,model+realized,0.4799999999999999,0.9616,1.0,False,11.572647298825506,12.053623952683193,8.292345819891318,14.746126685421686,14.42325,23,-132.95803030891088,-182.71520830975186,-160.3244782093734,737,21,296,,,,
00-0040419,Garrett Greene,WR,TB,17,0.0,0.8008671502056787,0.0,24.8870636550308,300.0,model+realized,0.4799999999999999,0.9616,1.0,False,11.599436881913052,12.0736125367786,8.364627859114918,14.717049335832549,14.458,23,-132.93124072582333,-182.74428565934102,-160.32841543925807,738,21,297,,,,
00-0040769,Jaden Smith,WR,TB,17,0.0,0.8008671502056787,0.0,24.71731690622861,300.0,model+realized,0.4799999999999999,0.9616,1.0,False,11.582030879653168,12.039102692890197,8.223361045312041,14.730771945949147,14.44425,23,-132.94864672808322,-182.7305630492244,-160.32870070471085,739,21,298,,,,
00-0040456,Da'Quan Felton,WR,NYG,17,0.0,0.8008671502056787,0.0,25.631759069130734,300.0,model+realized,0.4799999999999999,0.9616,1.0,False,11.550767989203125,11.980894760953674,8.166061719685386,14.747883929371117,14.40825,23,-132.97990961853324,-182.71345106580245,-160.33335741453132,740,21,299,,,,
00-0040551,Nick Nash,WR,ATL,17,0.0,0.8008671502056787,0.0,27.15126625598905,300.0,model+realized,0.4799999999999999,0.9616,1.0,False,11.575713211380583,12.009675807655913,8.331636297970583,14.724423054603546,14.47475,23,-132.9549643963558,-182.73691194057002,-160.33503554567363,741,21,300,,,,
00-0040323,Chandler Brayboy,WR,JAX,17,0.0,0.8008671502056787,0.0,25.032169746748803,300.0,model+realized,0.4799999999999999,0.9616,1.0,False,11.55182032299864,12.039644383450547,8.246057646442766,14.733025835821577,14.43775,23,-132.97885728473773,-182.728309159352,-160.34105581577558,742,21,301,,,,
00-0040361,Stephen Gosnell,WR,BUF,17,0.0,0.8008671502056787,0.0,24.859685147159478,300.0,model+realized,0.4799999999999999,0.9616,1.0,False,11.508201985241138,12.035017007002766,7.9547929637617685,14.767788404704401,14.34525,23,-133.02247562249525,-182.69354659046917,-160.34156465488093,743,21,302,,,,
00-0040247,Junior Bergen,WR,SF,17,0.0,0.8008671502056787,0.0,23.857631759069132,252.0,model+realized,0.4799999999999999,0.9616,1.0,False,11.543511424046756,12.046486662243506,8.106471494820834,14.738237365517687,14.39725,23,-132.98716618368962,-182.72309762965588,-160.34192847897106,744,21,303,,,,
00-0040048,Traeshon Holden,WR,DAL,17,0.0,0.8008671502056787,0.0,24.969199178644764,300.0,model+realized,0.4799999999999999,0.9616,1.0,False,11.57622812105289,12.014823370572637,8.420981063313395,14.685422259043303,14.50175,23,-132.9544494866835,-182.77591273613027,-160.35625427387922,745,21,304,,,,
00-0040405,Jamaal Pritchett,WR,NYJ,17,0.0,0.8008671502056787,0.0,23.227926078028748,300.0,model+realized,0.4799999999999999,0.9616,1.0,False,11.523796832436613,12.012308383362553,8.07163367520519,14.719719105082934,14.3785,23,-133.00688077529978,-182.74161589009063,-160.36098508843475,746,21,305,,,,
00-0040498,Dontae Fleming,WR,MIN,17,0.0,0.8008671502056787,0.0,24.758384668035593,300.0,model+realized,0.4799999999999999,0.9616,1.0,False,11.569247236598608,12.007934423768667,8.29712363711295,14.664380278789363,14.43125,23,-132.96143037113777,-182.7969547163842,-160.3709687610233,747,21,306,,,,
00-0040302,A.J. Henning,WR,MIA,17,0.0,0.8008671502056787,0.0,24.97741273100616,300.0,model+realized,0.4799999999999999,0.9616,1.0,False,11.534880641745099,12.038484674097399,8.036376300668342,14.688917262450456,14.39925,23,-132.99579696599127,-182.7724177327231,-160.37293838769378,748,21,307,,,,
00-0039710,Jeshaun Jones,WR,MIN,17,-0.016837905921163125,0.7884217414813407,0.0,26.694045174537987,300.0,model+realized,0.4799999999999999,0.9771428571428571,1.0,False,11.54506118102908,12.051626793858457,8.031127980865502,14.67353719279018,14.6445,23,-132.9856164267073,-182.78779780238338,-160.37681618332914,749,21,308,,,,
00-0040375,Jordan Moore,WR,CIN,17,0.0,0.8008671502056787,0.0,24.372347707049965,300.0,model+realized,0.4799999999999999,0.9616,1.0,False,11.506948526690234,12.033240551166863,8.123778085459096,14.694654478578194,14.39525,23,-133.02372908104616,-182.76668051659536,-160.38235237059823,750,21,309,,,,
00-0040558,Isaiah Neyor,WR,GB,17,0.0,0.8008671502056787,0.0,25.234770704996578,300.0,model+realized,0.4799999999999999,0.9616,1.0,False,11.501378491097807,12.010352242109375,7.990369759942342,14.65993369246962,14.401,23,-133.02929911663858,-182.80140130270394,-160.40395531897454,751,21,310,,,,
00-0039437,Cornelius Johnson,WR,BAL,17,-0.02835219963034284,0.7799111765658601,0.0,25.754962354551676,253.0,model+realized,0.4799999999999999,0.9765853658536585,1.0,False,11.537221524549317,11.991423732431162,8.457167895406583,14.606540844834326,14.70625,23,-132.99345608318706,-182.85479415033925,-160.41719202012075,752,21,311,,,,
00-0039397,Tejhaun Palmer,WR,ARI,17,-0.018934203733324634,0.7868723039680039,0.0,26.286105407255306,191.0,model+realized,0.4799999999999999,0.9771428571428571,1.0,False,11.509781129935382,11.969642336130168,8.205133556993031,14.563346838579887,14.685,23,-133.020896477801,-182.89798815659367,-160.45329690113698,753,21,312,,,,
00-0040597,Brennan Presley,WR,LA,17,-0.013245257419920936,0.791077177330085,0.0,24.577686516084874,300.0,model+realized,0.4799999999999999,0.9616,1.0,False,11.498054503436379,11.87010556270349,8.348153351975027,14.465945756581323,14.5705,23,-133.0326231043,-182.99538923859222,-160.51214447816074,754,21,313,,,,
00-0037156,Irvin Charles,WR,NYJ,17,0.0,0.7768411356995083,0.0,29.385352498288842,300.0,model+realized+age_prior,0.4799999999999999,0.9771428571428571,0.97,False,11.45078421616192,11.854517083025693,8.366509123894826,14.493050712128602,14.7495,23,-133.07989339157444,-182.96828428304497,-160.51850838188324,755,21,314,,,,
00-0040653,Ricky White III,WR,SEA,17,-0.013620496146907567,0.7907998269666601,0.0,24.566735112936346,238.0,model+realized,0.4799999999999999,0.9616,1.0,False,11.322869146558691,11.81773780260502,7.933210564652425,14.524384044624588,14.37,23,-133.20780846117768,-182.93695095054898,-160.5588368303319,756,21,315,,,,
00-0040753,Will Sheppard,WR,GB,17,-0.029136688501446933,0.7793313369654787,0.0,24.553045859000683,300.0,model+realized,0.4799999999999999,0.9616,1.0,False,11.332792587085462,11.748616769562336,8.117956412470024,14.493252962771452,14.48675,23,-133.19788502065092,-182.9680820324021,-160.57149337711405,757,21,316,,,,
00-0035045,D.J. Montgomery,WR,IND,17,0.0,0.7768411356995083,0.0,29.78781656399726,300.0,model+realized+age_prior,0.4799999999999999,0.9771428571428571,0.97,False,11.37009289684627,11.813771327893377,8.280104414535582,14.435973719362643,14.66925,23,-133.1605847108901,-183.02536127581092,-160.58621182159655,758,21,317,,,,
00-0037055,Lance McCutcheon,WR,TEN,10,0.0,1.151246528420663,0.0,27.50718685831622,300.0,model+realized,0.6666666666666666,0.6117934782608696,1.0,False,10.540515167187769,10.745825357843177,5.900259606228421,14.993775034260882,9.2155,23,-133.9901624405486,-182.46755996091267,-160.65273107674884,759,21,318,,,,
00-0040275,JP Richardson,WR,CHI,17,-0.028695678535707037,0.7796573008531995,0.0,24.4435318275154,300.0,model+realized,0.4799999999999999,0.9616,1.0,False,11.259905303775449,11.689777931626555,7.920975994852767,14.328111493559705,14.46625,23,-133.27077230396094,-183.13322350161386,-160.69512046267005,760,21,319,,,,
00-0034411,Russell Gage,WR,SF,12,-0.04691225819926673,0.9622937464249569,0.0,30.60917180013689,194.0,model+realized+age_prior,0.6000000000000001,0.7388333333333333,0.97,False,10.635092615441778,10.919984795459278,6.537209112721018,14.553680923433394,11.089,23,-133.8955849922946,-182.90765407174015,-160.85222298598967,761,21,320,,,,
00-0040315,Ja'Corey Brooks,WR,WAS,17,-0.047165848037987686,0.7660054364384704,0.0,24.83504449007529,300.0,model+realized,0.4799999999999999,0.9616,1.0,False,11.045868640478968,11.460040629159526,7.55578544383682,14.115351216622871,14.43875,23,-133.4848089672574,-183.34598377855067,-160.9084551134687,762,21,321,,,,
00-0036775,Brandon Smith,WR,NE,15,-0.18548553136176907,0.7446505468716225,0.0,27.72621492128679,300.0,model+realized,0.5217391304347826,0.976,1.0,False,10.825065631050284,11.287405229865044,7.1808524265929075,14.184675175873892,14.61375,23,-133.7056119766861,-183.27665981929965,-160.96968829012354,763,21,322,,,,
00-0034317,Keith Kirkwood,WR,BAL,17,0.0,0.7448064496912812,0.0,31.682409308692677,300.0,model+realized+age_prior,0.4799999999999999,0.9771428571428571,0.93,False,11.02162269605321,11.417814216153568,7.99702039810161,13.986213204370932,14.774,23,-133.50905491168317,-183.47512179080263,-160.99039169519887,764,21,323,,,,
00-0033292,Trent Taylor,WR,SF,17,0.0,0.7448064496912812,0.0,32.33949349760438,177.0,model+realized+age_prior,0.4799999999999999,0.9771428571428571,0.93,False,11.028768987549089,11.433738910249243,7.993898186688554,13.97974717707367,14.8015,23,-133.5019086201873,-183.48158781809988,-160.99073217903924,765,21,324,,,,
00-0031544,Amari Cooper,WR,LV,17,0.0,0.7448064496912812,0.0,32.20807665982204,4.0,model+realized+age_prior,0.4799999999999999,0.9771428571428571,0.93,False,10.899777303005253,11.312522215996978,7.762571191766706,14.001259046045309,14.6695,23,-133.6309003047311,-183.46007594912825,-161.03694690914955,766,21,325,,,,
00-0033536,Mike Williams,WR,LAC,17,0.0,0.7448064496912812,0.0,31.90965092402464,7.0,model+realized+age_prior,0.4799999999999999,0.9776744186046511,0.93,False,10.923694969299408,11.359172515433293,7.531353808489595,13.914769610018565,14.70425,23,-133.60698263843696,-183.546565385155,-161.07375314913187,767,21,326,,,,
00-0040053,Tyrone Broden,WR,SEA,17,-0.07058823529411765,0.7486932371622004,0.0,25.51129363449692,300.0,model+realized,0.4799999999999999,0.9616,1.0,False,10.813560309458538,11.195259356802392,7.522546438163499,13.94197972866045,14.45025,23,-133.71711729827786,-183.51935526651312,-161.10834818080724,768,21,327,,,,
00-0040629,Dalevon Campbell,WR,LAC,17,-0.08010179390097778,0.741661476452782,0.0,24.739219712525667,300.0,model+realized,0.4799999999999999,0.9616,1.0,False,10.790380512008651,11.220529716677296,7.54502684566099,13.834859348136652,14.533,23,-133.74029709572773,-183.6264756470369,-161.17769529894778,769,21,328,,,,
00-0038740,Jalen Cropper,WR,DAL,17,-0.09434001938673403,0.7311375706589622,0.0,25.3305954825462,300.0,model+realized,0.4799999999999999,0.9771428571428571,1.0,False,10.779295208414178,11.196626648718283,7.524014505789236,13.74904398296287,14.71975,23,-133.7513823993222,-183.7122910122107,-161.22988213641088,770,21,329,,,,
00-0040390,Jackson Meeks,WR,DET,17,-0.08127667001981773,0.7407930897562481,0.0,23.44147843942505,300.0,model+realized,0.4799999999999999,0.9616,1.0,False,10.664804156417157,11.125161551419811,7.07481770657375,13.83803346742628,14.3705,23,-133.86587345131923,-183.6233015277473,-161.23245889335467,771,21,330,,,,
00-0035602,Alex Bachman,WR,LV,17,-0.1536372291196424,0.6666899223002516,0.541851401379078,30.258726899383984,300.0,model+realized+age_prior,0.848458952937773,0.9771428571428571,0.97,False,9.862174582818364,10.103433630735882,4.82953342385317,14.476119435229965,14.66875,23,-134.668503024918,-182.98521555994358,-161.24269491918207,772,21,331,,,,
00-0040120,Jimmy Holiday,WR,KC,17,-0.07691250321755216,0.7440187782622706,0.0,24.709103353867214,300.0,model+realized,0.4799999999999999,0.9616,1.0,False,10.703492765844677,11.052272475901443,7.449611962123013,13.787131666038558,14.43875,23,-133.8271848418917,-183.674203329135,-161.24304500987552,773,21,332,,,,
00-0037570,Dennis Houston,WR,TB,17,0.0,0.8008671502056787,0.0,27.356605065023956,300.0,model+realized,0.4799999999999999,0.8761111111111111,1.0,False,10.532613109951056,10.903285318206875,7.204619214262059,13.701945902492882,13.18525,23,-133.99806449778532,-183.75938909268066,-161.36679302497777,774,21,333,,,,
00-0038492,Jason Brownlee,WR,KC,17,-0.12374340145230883,0.7094046360887547,0.0,27.586584531143053,300.0,model+realized,0.4799999999999999,0.9771428571428571,1.0,False,10.331096830114808,10.746740474733679,7.060933184427831,13.395209963154533,14.624,23,-134.19958077762158,-184.06612503201902,-161.62618011754017,775,21,334,,,,
00-0036463,Chris Blair,WR,ATL,17,-0.15406532323750802,0.6869927808562162,0.0,28.903490759753595,300.0,model+realized,0.4799999999999999,0.9771428571428571,1.0,False,10.055798676218446,10.44862724269985,6.862097979109072,13.062929786968972,14.6825,23,-134.47487893151794,-184.3984052082046,-161.9328183836956,776,21,335,,,,
00-0037708,Maurice Alexander,WR,CHI,17,-0.020205653894809227,0.7623545603636211,0.0,29.639972621492127,300.0,model+realized+age_prior,0.4799999999999999,0.8283823529411766,0.97,False,9.446008052874431,9.746436629273056,6.203766557155352,12.60392514287182,12.43475,23,-135.08466955486196,-184.85740985230174,-162.45967671845384,777,21,336,,,,
00-0032208,Phillip Dorsett,WR,LV,17,0.0,0.7047630921809972,0.0,33.65366187542779,29.0,model+realized+age_prior,0.4799999999999999,0.8761111111111111,0.88,False,9.312500993746033,9.560177593895723,6.173464955050249,12.31367288004687,13.1855,23,-135.21817661399035,-185.14766211512668,-162.67939363961534,778,21,337,,,,
00-0037380,Kaden Davis,WR,CLE,17,-0.13081985482653813,0.7041742140295418,0.0,27.93429158110883,300.0,model+realized,0.4799999999999999,0.8520357142857142,1.0,False,8.975266994548814,9.26661226318037,5.670257776797816,12.058998888481671,12.75625,23,-135.55541061318758,-185.40233610669188,-162.97121963461495,779,21,338,,,,
00-0034867,Malik Turner,WR,SF,17,0.10990360124077414,0.855637239371698,0.0,30.587268993839835,300.0,model+realized+age_prior,0.4799999999999999,0.6785648148148148,0.97,False,8.723345161423959,8.966742294595853,5.367096905678089,11.981619221815443,10.20275,23,-135.80733244631242,-185.47971577335812,-163.12714327618755,780,21,339,,,,
00-0040431,Dalen Cambre,WR,NYG,16,-0.325322544475483,0.6006719883237672,0.0,25.39356605065024,300.0,model+realized,0.5,0.96,1.0,False,8.697944081546263,9.00618912340638,5.553416530895234,11.654439636736171,14.4825,23,-135.8327335261901,-185.80689535843737,-163.3185225339261,781,21,340,,,,
00-0032950,Carson Wentz,QB,MIN,17,4.226823771617455,4.316803321598153,7.065443660354745,33.67008898015058,2.0,model+realized,5.97574858103573,0.9771428571428571,1.0,False,68.60372097377518,69.39851584375448,38.15384562991522,98.5368495802729,14.9405,8,-149.4205367419418,-174.88822765501757,-163.42776674413346,782,21,40,,,,
00-0031763,DeAndre Carter,WR,CLE,17,-0.24576552341651475,0.5449086473848642,0.0,33.39356605065024,300.0,model+realized+age_prior,0.4799999999999999,0.9771428571428571,0.88,False,8.05132168646165,8.317738064032397,5.058017193472599,10.75481877079611,14.80025,23,-136.47935592127473,-186.70651622437745,-164.10429408798123,783,21,341,,,,
00-0038576,Charlie Jones,WR,CIN,17,-0.3538019221170596,0.5393613816843739,0.0,27.84120465434634,131.0,model+realized,0.4799999999999999,0.9771428571428571,1.0,False,7.9229067009118985,8.19280233772088,4.911818847980462,10.71505043991435,14.651,23,-136.60777090682447,-186.7462845552592,-164.18395341346357,784,21,342,,,,
00-0036646,Simi Fehoko,WR,ARI,17,-0.36424347594048795,0.5316437114670571,0.0,28.82135523613963,179.0,model+realized,0.4799999999999999,0.9771428571428571,1.0,False,7.784344662301465,7.9788145850930885,4.794554430777427,10.641520510155313,14.71775,23,-136.74633294543492,-186.81981448501824,-164.28674779220574,785,21,343,,,,
00-0040241,Dominic Lovett,WR,DET,17,-0.3604547698049917,0.53444405948025,0.0,23.813826146475016,244.0,model+realized,0.4799999999999999,0.9616,1.0,False,7.726166404067186,7.937757506476794,4.669178789967306,10.530907220142902,14.46225,23,-136.8045112036692,-186.93042777503067,-164.37376531791801,786,21,344,,,,
00-0040506,Myles Price,WR,MIN,17,-0.5074845577079515,0.4257698684215406,0.7859052479933757,24.709103353867214,300.0,model+realized,1.0144155686354954,0.9616,1.0,False,6.1293373266463655,6.0805338064604975,0.989524881848977,11.29508130318626,14.398,23,-138.40134028109,-186.1662536919873,-164.67204265708352,787,21,345,,,,
00-0032951,Laquon Treadwell,WR,IND,17,-0.41765361202298507,0.4577149885572206,0.0,31.21697467488022,23.0,model+realized+age_prior,0.4799999999999999,0.9771428571428571,0.93,False,6.718772051452396,6.871791160532031,3.815613197199137,9.481287700717878,14.7575,23,-137.811905556284,-187.9800472944557,-165.40438351227843,788,21,346,,,,
00-0040075,LaJohntay Wester,WR,BAL,17,-0.53917059928354,0.40234975073523604,0.485071250072666,24.427104722792606,203.0,model+realized,0.8098484500494127,0.9616,1.0,False,5.7358085981904,5.769049428025079,1.4510767060847398,9.922907381429296,14.41975,23,-138.79486900954598,-187.53842761374426,-165.60382624185505,789,21,347,,,,
00-0036898,Davis Mills,QB,HOU,17,3.7566672617836714,3.9692963360688345,7.9627712808160105,27.863107460643395,67.0,model+realized,6.506683683799256,0.9771428571428571,1.0,False,64.45824184895336,64.29433751576836,32.820559008839595,96.31166270738707,14.94725,8,-153.56601586676362,-177.1134145279034,-166.5170851303905,790,21,41,,,,
00-0033572,Jamal Agnew,WR,WAS,16,-0.6587060213913181,0.3331364883907569,0.5,31.41409993155373,165.0,model+realized+age_prior,0.8333333333333333,0.7825,0.93,False,3.9119572980622164,3.785030951835558,0.11088192936409356,7.847905916377256,11.7485,23,-140.61872030967416,-189.61342907879632,-167.56581013269135,791,21,348,,,,
00-0040704,Dillon Gabriel,QB,CLE,17,4.17298695928379,4.277010895090662,6.374405393261952,25.675564681724847,94.0,model+realized,5.496768044137298,0.9616,1.0,False,65.79351996989152,66.51041100088432,37.681473724170736,93.31047248491844,14.71625,8,-152.23073774582545,-180.11460475037205,-167.56686459832608,792,21,42,,,,
00-0028118,Tyrod Taylor,QB,NYJ,17,3.529622108951473,3.6494211393990605,6.908563100793613,37.07871321013005,180.0,model+realized+age_prior,5.7515523089962315,0.9771428571428571,0.96,False,58.99655189867787,59.2224229275689,30.753994662939345,86.84262014482591,15.0035,8,-159.0277058170391,-186.58245709046457,-174.18281901742313,793,21,43,,,,
00-0029263,Russell Wilson,QB,NYG,17,3.417336574649924,3.569747229842483,7.626998291672582,37.75496235455168,75.0,model+realized+age_prior,6.221161843414068,0.9771428571428571,0.96,False,58.024670542817645,58.29911787555772,27.130936199068014,87.4532261010221,14.98875,8,-159.99958717289934,-185.97185113426838,-174.28433235165232,794,21,44,,,,
00-0022942,Philip Rivers,QB,IND,4,8.956969068392315,5.693251369754703,7.021535919346041,44.73100616016427,4.0,model+realized+age_prior,5.0918721305440195,0.6700000000000002,0.9,False,58.848372166418876,59.09024795500888,32.19903152568501,85.62433681524604,10.177,8,-159.1758855492981,-187.80074042004443,-174.9195557282086,795,21,45,,,,
00-0038128,Malik Willis,QB,MIA,17,2.658930854667056,3.094767429236031,8.097716090500636,27.27173169062286,86.0,model+realized+team_change_prior,7.375428568815085,0.9771428571428571,1.0,True,55.80683939824753,55.63422496061969,22.297361766802346,87.923153519382,14.8595,8,-162.21741831746942,-185.50192371590848,-175.02389628661092,796,21,46,165.8,14.5,28,-630.2
00-0035100,Jake Browning,QB,CIN,17,2.760666172433779,3.233121617853697,6.152186364116706,30.390143737166323,300.0,model+realized,5.1076040264192075,0.9771428571428571,1.0,False,51.622719488817715,52.13150114545924,26.45142250423887,76.35600339468637,14.9605,8,-166.40153822689925,-197.06907384060412,-183.26868281443694,797,21,47,,,,
00-0031503,Jameis Winston,QB,NYG,17,2.190360178936655,2.81159110092104,8.105219814125594,32.65160848733744,1.0,model+realized,6.339538301491101,0.9771428571428571,1.0,False,48.49328905956204,48.31155137602491,18.22988683661543,78.07593488612639,14.88775,8,-169.53096865615493,-195.34914234916408,-183.73096418730995,798,21,48,,,,
00-0035993,Tyler Huntley,QB,BAL,17,2.712276116637799,3.1973550548740595,5.250730761466614,28.57494866529774,300.0,model+realized,4.4864577845874525,0.9771428571428571,1.0,False,49.32506377597525,49.89252123556244,26.109375598595854,72.60925600939848,14.89775,8,-168.69919393974172,-200.815821225892,-186.36333894712436,799,21,49,,,,
00-0033357,Taysom Hill,QB,NO,17,3.085336218061597,3.3341713246458964,3.8698958794322955,36.02464065708419,300.0,model+realized+age_prior,3.6103715661828835,0.9771428571428571,0.96,False,50.78321016067782,51.83227744628549,31.113958635927517,70.3358956333618,14.93825,8,-167.24104755503916,-203.08918160192866,-186.9575212808284,800,21,50,,,,
00-0033869,Mitchell Trubisky,QB,BUF,17,1.5008926511822727,2.301984667363453,6.9723852362267635,32.03285420944559,2.0,model+realized,5.4529969314720965,0.9771428571428571,1.0,False,39.57320199715271,39.24805582611187,14.184465457372244,64.81910888331056,15.0055,8,-178.45105571856425,-208.60596835197993,-195.03625766694287,801,21,51,,,,
00-0040234,Quinn Ewers,QB,MIA,17,2.0166782749240433,2.6832175196943266,4.3773397105064245,23.46611909650924,231.0,model+realized,3.7753047119676024,0.9616,1.0,False,40.93186212806998,40.92990969727816,21.378391755562102,60.22873751823694,14.80825,8,-177.092395587647,-213.19633971705355,-196.9495648588206,802,21,52,,,,
00-0040206,Riley Leonard,QB,IND,17,1.5769651194906333,2.358212143939198,5.505618787683553,23.967145790554415,189.0,model+realized,4.468418213948681,0.9616,1.0,False,37.49162106136839,37.43805904943932,16.32043915682417,58.993602901512766,14.739,8,-180.53263665434858,-214.43147433377771,-199.1769973780346,803,21,53,,,,
00-0040398,Brady Cook,QB,NYJ,17,1.9499548106678086,2.6339001765484142,3.0897958242081494,24.8870636550308,300.0,model+realized,2.8885282320978676,0.9616,1.0,False,39.302772759692864,39.88153058812165,23.24294290171673,55.1710051744341,14.7205,8,-178.7214849560241,-218.25407206085637,-200.46440786368186,804,21,54,,,,
00-0038102,Kenny Pickett,QB,LV,17,1.7009938180022208,2.449885529795589,2.153262230963549,28.238193018480494,20.0,model+realized,2.209721531007985,0.9771428571428571,1.0,False,36.872419214088644,37.63033637134033,24.6942247603422,49.236470473560445,14.9645,8,-181.15183850162833,-224.18860676173003,-204.82206104468426,805,21,55,,,,
00-0026300,Josh Johnson,QB,WAS,17,1.4496863074120019,2.0377228502060145,4.275136048746767,40.2984257357974,160.0,model+realized+age_prior,3.6102363498491274,0.9771428571428571,0.9,False,32.22755292055324,32.23104435634863,14.01331858935978,50.20522110513422,14.953,8,-185.79670479516375,-223.21985613015624,-206.37943802940964,806,21,56,,,,
00-0040494,Max Brosmer,QB,MIN,17,1.6602864104931954,2.4197974459845697,1.2854582611568806,25.429158110882955,300.0,model+realized,1.6127533556227402,0.9616,1.0,False,35.392621105072415,36.55076878887213,25.575386676506795,45.24524831265327,14.61975,8,-182.63163661064456,-228.1798289226372,-207.6831423822405,807,21,57,,,,
00-0038400,Tanner McKee,QB,PHI,17,1.287483211058492,2.14424725509805,2.9201294290412787,26.34633812457221,188.0,model+realized,2.6614915507652777,0.9771428571428571,1.0,False,32.75900853456585,33.024340821650725,18.660018834922298,46.605831652655155,15.061,8,-185.26524918115112,-226.81924558263532,-208.11994720196742,808,21,58,,,,
00-0034771,Mason Rudolph,QB,PIT,17,1.2925676268101094,2.1480053015231584,2.8338038248345736,31.12662559890486,76.0,model+realized,2.603647148453409,0.9771428571428571,1.0,False,32.81672553124125,33.106227096073624,19.215410982063705,46.44461125404888,14.997,8,-185.20753218447572,-226.9804659812416,-208.18264577269696,809,21,59,,,,
00-0037012,Trey Lance,QB,LAC,17,1.236169549114665,2.106319765835221,2.0920233661950056,26.313483915126625,3.0,model+realized,2.0897302047760906,0.9771428571428571,1.0,False,31.653111378805423,32.595027266522905,19.364648328818884,43.09125978184949,14.974,8,-186.37114633691155,-230.333817453441,-210.55061545100273,810,21,60,,,,
00-0037324,Chris Oladokun,QB,KC,17,1.11008555493823,2.013127248400465,2.2606798821177145,28.993839835728952,241.0,model+realized,2.1831644276526228,0.9005743243243243,1.0,False,27.737277621931025,27.907692796503618,15.962042304220303,39.56281137895397,13.75725,8,-190.28698009378596,-233.8622658563365,-214.25338726318876,811,21,61,,,,
00-0039398,Joe Milton III,QB,DAL,17,0.9379715013971563,1.8859125131744539,1.9652473276469629,26.48870636550308,193.0,model+realized,1.9532594420823612,0.9771428571428571,1.0,False,28.189446068850533,28.721567762102737,17.190264404363287,38.73101938436183,14.95975,8,-189.83481164686643,-234.69405785092863,-214.50739705910064,812,21,62,,,,
00-0033662,Cooper Rush,QB,BAL,17,0.9822212603029302,1.918618856713504,0.6572849681924612,32.77754962354552,300.0,model+realized,1.0713035979898895,0.9771428571428571,1.0,False,28.85710493207059,29.519765615348117,22.768655607741668,35.26718741372834,15.04575,8,-189.16715278364637,-238.15788982156215,-216.11205815450006,813,21,63,,,,
00-0040330,Seth Henigan,QB,IND,5,-0.07933035254026087,2.4576200469599523,0.0,23.479808350444902,300.0,model+realized,2.3352095059526894,0.6617307692307692,1.0,False,24.93533921214227,24.937868637268537,12.6599523445764,37.295719335011654,10.12875,8,-193.0889185035747,-236.12935790027882,-216.76116017176196,814,21,64,,,,
00-0037013,Zach Wilson,QB,MIA,17,0.763651391127155,1.7570672142792356,0.389260233535054,27.080082135523615,2.0,model+realized,0.8522055255590941,0.9771428571428571,1.0,False,26.27617214808638,27.087786765461367,20.959028105850315,31.80304902677109,14.9185,8,-191.7480855676306,-241.6220282085194,-219.17875402011944,815,21,65,,,,
00-0038122,Desmond Ridder,QB,GB,7,-0.03956550066659977,2.088731828814968,0.0,27.003422313483917,74.0,model+realized,1.1052390865991584,0.7825,1.0,False,25.108418304686882,25.67283749865014,17.558637692590864,32.60891098243314,12.0055,8,-192.91583941103008,-240.81616625285733,-219.26101917403506,816,21,66,,,,
00-0027973,Andy Dalton,QB,CAR,17,0.6641135014245019,1.6161559013625313,1.5943493970896092,38.841889117043124,35.0,model+realized+age_prior,1.6548884527958172,0.9771428571428571,0.96,False,24.13172815332958,24.56235443171211,14.335051482873274,33.35306853545856,14.945,8,-193.89252956238738,-240.0720086998319,-219.29124308798188,817,21,67,,,,
00-0035289,Gardner Minshew,QB,KC,17,0.6194308187112624,1.65046939988488,0.4601885802709197,30.2943189596167,178.0,model+realized,0.8761275651370446,0.9771428571428571,1.0,False,24.687636017384648,25.43304434990244,19.36037724912539,30.343363678392603,14.9085,8,-193.33662169833232,-243.08171355689788,-220.6964222205434,818,21,68,,,,
00-0036928,Kyle Trask,QB,ATL,8,-0.024138753150709923,1.9455258752896503,0.0,28.490075290896645,64.0,model+realized,0.9851341646991432,0.8051893939393939,1.0,False,23.88929591573863,24.516919948521576,17.1286201367753,30.676353274087596,12.3065,8,-194.13496179997833,-242.74872396120287,-220.87253098865182,819,21,69,,,,
00-0040673,Jalen Milroe,QB,SEA,17,0.6254026561731573,1.6548833667045417,0.49682817481913966,23.718001368925393,92.0,model+realized,0.9020490781917007,0.9616,1.0,False,24.406190790789058,25.17157845315164,18.95822899497299,30.236666043365993,14.69,8,-193.61806692492792,-243.18841119192447,-220.881756271776,820,21,70,,,,
00-0034438,Logan Woodside,QB,ARI,8,-0.05328713909740328,1.9288696547486825,0.0,31.59479808350445,249.0,model+realized,0.9791991813919285,0.8051893939393939,1.0,False,23.711839421775498,24.277081237065655,16.89723928376753,30.788673975298405,12.29375,8,-194.31241829394148,-242.63640325999208,-220.8906100252693,821,21,71,,,,
00-0039164,Anthony Richardson,QB,IND,17,0.5405663707549194,1.592178286178018,0.5501791152193342,24.279260780287473,4.0,model+realized,0.9240280566222564,0.9771428571428571,1.0,False,23.774170406844828,24.432899404244026,18.055227252337147,29.45378545719295,14.9355,8,-194.25008730887214,-243.9712917780975,-221.59674976694606,822,21,72,,,,
00-0038582,Clayton Tune,QB,GB,17,0.4631828223431344,1.5349817503953944,0.9996058046579573,27.444216290212182,139.0,model+realized,1.2165947475966545,0.9771428571428571,1.0,False,23.028153825943242,23.74771697513237,15.945002574662285,29.66350900350817,14.9575,8,-194.99610388977374,-243.7615682317823,-221.81710927787844,823,21,73,,,,
00-0038579,Aidan O'Connell,QB,LV,17,0.31353678825670017,1.424373812157595,1.1593202876736717,28.0,135.0,model+realized,1.2999768659759128,0.9771428571428571,1.0,False,21.375071589173398,21.891334530058444,14.089464383921795,28.72446363301036,14.95425,8,-196.64918612654358,-244.7006136022801,-223.07747123819865,824,21,74,,,,
00-0033949,Joshua Dobbs,QB,NE,17,0.31245911927833836,1.4235772742170667,0.34599387957864564,31.59753593429158,135.0,model+realized,0.7467332609483086,0.9771428571428571,1.0,False,21.369944212879503,21.94263533789767,16.8633156250999,26.047366448589745,15.008,8,-196.65431350283745,-247.37771078670073,-224.55218200896226,825,21,75,,,,
00-0038416,Tyson Bagent,QB,CHI,17,0.2839987374133739,1.4025413397951365,0.4621178866658059,26.23134839151266,300.0,model+realized,0.8209004189447202,0.9771428571428571,1.0,False,20.983913360468456,21.677439696914576,16.14721710014255,26.02181327487746,14.93725,8,-197.04034435524852,-247.40326396041303,-224.739950138089,826,21,76,,,,
00-0036679,Shane Buechele,QB,KC,17,0.21590000042596902,1.3522074907174895,0.9507396501424252,28.646132785763175,300.0,model+realized,1.1416847705143913,0.9771428571428571,1.0,False,20.098004975628857,20.651951658803306,13.262895950902967,26.63745751862002,14.88275,8,-197.9262527400881,-246.78761971667046,-224.80000457720843,827,21,77,,,,
00-0035704,Drew Lock,QB,SEA,17,0.30548195320326543,1.4184202384224478,0.15996323106926055,29.806981519507186,42.0,model+realized,0.6190563770763563,0.9771428571428571,1.0,False,21.20486205211305,21.96420664670475,17.43579171884681,25.373895092644446,14.91975,8,-196.81939566360393,-248.05118214264604,-224.9968782270771,828,21,78,,,,
00-0033319,Nick Mullens,QB,JAX,17,0.2569643501136598,1.3825594013562175,0.14228182472494097,31.449691991786448,300.0,model+realized,0.5988550898767402,0.9771428571428571,1.0,False,20.544528216831974,21.279939805584192,16.94230403380477,24.651982847535905,14.899,8,-197.479729498885,-248.77309438775455,-225.69108018776325,829,21,79,,,,
00-0039577,Kedon Slovis,QB,ARI,17,0.22701516461148263,1.3604230468546081,0.01940285000290664,25.39082819986311,300.0,model+realized,0.5102492735251755,0.9771428571428571,1.0,False,20.43900044868056,21.107485921989028,17.354863891043923,23.989220337789643,14.99975,8,-197.5852572670364,-249.43585689750083,-226.10308706379186,830,21,80,,,,
00-0038550,Hendon Hooker,QB,NYJ,13,-0.09371479722531269,1.3795884165964059,0.0,28.632443531827516,68.0,model+realized,0.5969356273912586,0.9253947368421053,1.0,False,19.47632836891018,20.111508244545767,15.490192419970315,23.716533584424244,14.11675,8,-198.5479293468068,-249.70854365086623,-226.6862672140395,831,21,81,,,,
00-0039534,Carter Bradley,QB,JAX,14,-0.037910100653050664,1.3449865435059036,0.0,26.480492813141684,300.0,model+realized,0.5608353388504078,0.9505448717948718,1.0,False,19.465430347638847,20.190598668409198,15.684956547676249,23.509072579234363,14.458,8,-198.5588273680781,-249.91600465605612,-226.805274876466,832,21,82,,,,
00-0031345,Jimmy Garoppolo,QB,LA,17,0.13616017354215101,1.2932693578033632,0.1325651892910228,34.83093771389459,62.0,model+realized,0.5718855145252985,0.9771428571428571,1.0,False,19.302317493929984,19.913098461257746,15.838945023240456,23.05350805432933,14.96,8,-198.72194022178698,-250.37156918096113,-227.12923614933277,833,21,83,,,,
00-0032436,Jeff Driskel,QB,WAS,15,-0.04154175557447789,1.276540283125886,0.0,33.35797399041752,207.0,model+realized,0.5217391304347826,0.976,1.0,False,19.103063072136273,19.713258801776703,15.900898648500787,22.69697372922523,14.9725,8,-198.9211946435807,-250.72810350606525,-227.4149945179472,834,21,84,,,,
00-0034401,Mike White,QB,CAR,15,-0.09857590617066962,1.2358016041286064,0.0,31.43874058863792,171.0,model+realized,0.5217391304347826,0.976,1.0,False,18.405725905531106,19.140755957741398,15.080460323222098,22.032618481498787,14.85575,8,-199.61853181018586,-251.3924587537917,-228.09419162916907,835,21,85,,,,
00-0038391,Sean Clifford,QB,CIN,16,-0.040848364329982685,1.2171317477264116,0.0,28.134154688569474,149.0,model+realized,0.5,0.9765853658536585,1.0,False,18.134169684239456,18.826554562482066,15.02834614601945,21.575040412439705,14.92325,8,-199.89008803147752,-251.85003682285077,-228.4680598667328,836,21,86,,,,
00-0039152,Will Levis,QB,TEN,17,0.0,1.1926292295330776,0.0,27.1813826146475,33.0,model+realized,0.4799999999999999,0.9771428571428571,1.0,False,17.83872612982413,18.467326968070722,14.855787992264533,21.17658782441894,14.94775,8,-200.18553158589285,-252.24848941087154,-228.82015838963113,837,21,87,,,,
00-0035251,Will Grier,QB,DAL,17,0.0,1.1926292295330776,0.0,31.41409993155373,100.0,model+realized,0.4799999999999999,0.9771428571428571,1.0,False,17.872383703976155,18.459939875806413,15.001068049597498,21.13770467028731,14.98,8,-200.1518740117408,-252.28737256500315,-228.8263982160351,838,21,88,,,,
00-0037077,Sam Howell,QB,PHI,17,0.0004694091530228862,1.1929761841244424,0.0,25.95756331279945,144.0,model+realized,0.4799999999999999,0.9771428571428571,1.0,False,17.845683957444,18.46431608875651,14.995920157679222,21.1283848237818,14.943,8,-200.17857375827296,-252.29669241150867,-228.8435390175526,839,21,89,,,,
00-0037327,Skylar Thompson,QB,PIT,17,0.0,1.1926292295330776,0.0,29.242984257357975,247.0,model+realized,0.4799999999999999,0.9771428571428571,1.0,False,17.812932641559335,18.39198699156546,14.95067476588241,21.152546925667274,14.95575,8,-200.21132507415763,-252.2725303096232,-228.8449879536637,840,21,90,,,,
00-0039677,Sam Hartman,QB,WAS,17,0.0,1.1926292295330776,0.0,27.093771389459274,300.0,model+realized,0.4799999999999999,0.9771428571428571,1.0,False,17.843610168941737,18.439387596464336,14.897379770150579,21.122859156961244,14.9435,8,-200.18064754677522,-252.30221807832922,-228.8475113391299,841,21,91,,,,
00-0039797,Jordan Travis,QB,NYJ,17,0.0,1.1926292295330776,0.0,26.33264887063655,171.0,model+realized,0.4799999999999999,0.9771428571428571,1.0,False,17.77380856407226,18.40145332544531,14.80085119841774,21.173143008131337,14.881,8,-200.25044915164472,-252.25193422715913,-228.85126594317762,842,21,92,,,,
00-0031280,Derek Carr,QB,NO,17,0.0,1.1926292295330776,0.0,35.43052703627652,36.0,model+realized,0.4799999999999999,0.9771428571428571,1.0,False,17.860255481216292,18.438034055991256,15.101989333360123,21.079048263158086,14.99825,8,-200.16400223450069,-252.3460289721324,-228.86411694019813,843,21,93,,,,
00-0039107,Stetson Bennett,QB,LA,17,0.0,1.1926292295330776,0.0,28.843258042436688,128.0,model+realized,0.4799999999999999,0.9771428571428571,1.0,False,17.870320220419107,18.450048489165972,15.078010400158638,21.070459063260255,15.004,8,-200.15393749529787,-252.35461817203023,-228.86431186750067,844,21,94,,,,
00-0033537,Deshaun Watson,QB,CLE,17,0.0,1.1926292295330776,0.0,30.965092402464066,12.0,model+realized,0.4799999999999999,0.9771428571428571,1.0,False,17.75862231037461,18.317891593401296,14.803177610982761,21.0677926088703,14.9075,8,-200.26563540534235,-252.35728462642018,-228.91604247693516,845,21,95,,,,
00-0040203,Will Howard,QB,PIT,17,0.0018271677689370492,1.193979744840553,0.0,24.93634496919918,185.0,model+realized,0.4799999999999999,0.9616,1.0,False,17.58076610887453,18.19548740771726,14.395095215496262,20.955474874848065,14.69325,8,-200.44349160684243,-252.46960236044242,-229.05785252132245,846,21,96,,,,
00-0038476,Tommy DeVito,QB,NE,17,-0.02187199081893734,1.1764629754495153,0.0,28.0684462696783,300.0,model+realized,0.4799999999999999,0.9771428571428571,1.0,False,17.602205446631135,18.181924893088024,14.697545144872253,20.885485671932422,14.99675,8,-200.42205226908584,-252.53959156335804,-229.08669888093556,847,21,97,,,,
00-0040589,Kurtis Rourke,QB,SF,17,0.0,1.1926292295330776,0.0,25.8507871321013,227.0,model+realized,0.4799999999999999,0.9616,1.0,False,17.53065779304894,18.108412234945007,14.497501505634375,20.940212504999195,14.7065,8,-200.49359992266804,-252.4848647302913,-229.08879556686082,848,21,98,,,,
00-0040014,Kyle McCord,QB,PHI,17,0.0,1.1926292295330776,0.0,23.95071868583162,181.0,model+realized,0.4799999999999999,0.9616,1.0,False,17.54806390796952,18.16373956285949,14.455902850153572,20.923513954073208,14.68925,8,-200.47619380774745,-252.50156328121727,-229.09014701815585,849,21,99,,,,
00-0038998,Jake Haener,QB,NO,17,-0.021428621427256676,1.1767906832607575,0.0,27.479808350444902,127.0,model+realized,0.4799999999999999,0.9771428571428571,1.0,False,17.590818550076,18.18578376492753,14.786725379907717,20.853019187750217,14.95375,8,-200.43343916564098,-252.57205804754025,-229.10967955068557,850,21,100,,,,
00-0040656,Hunter Dekkers,QB,NO,17,0.0,1.1926292295330776,0.0,25.16084873374401,300.0,model+realized,0.4799999999999999,0.9616,1.0,False,17.517387669916424,18.13615496464856,14.511370541618815,20.876865759623108,14.68975,8,-200.50687004580055,-252.54821147566736,-229.1296078322273,851,21,101,,,,
00-0040222,Cam Miller,QB,MIA,17,0.0,1.1926292295330776,0.0,25.204654346338124,215.0,model+realized,0.4799999999999999,0.9616,1.0,False,17.50532875567724,18.142103859520653,14.367592507960333,20.876668459871834,14.669,8,-200.51892896003972,-252.54840877541864,-229.1351428584981,852,21,102,,,,
00-0036879,Sam Ehlinger,QB,DEN,17,-0.020802288307979807,1.1772536251315273,0.0,27.920602327173167,218.0,model+realized,0.4799999999999999,0.9771428571428571,1.0,False,17.63942949115221,18.183145323480126,14.782659611524853,20.76058604310225,15.0485,8,-200.38482822456476,-252.66449119218822,-229.13864285675766,853,21,103,,,,
00-0040415,Connor Bazelak,QB,TB,17,-0.026361916617235852,1.1731443346420771,0.0,25.94113620807666,300.0,model+realized,0.4799999999999999,0.9616,1.0,False,17.30976581968727,17.892852992153788,14.181366360185434,20.687487671042835,14.71675,8,-200.7144918960297,-252.73758956424763,-229.32719561354958,854,21,104,,,,
00-0038108,Bailey Zappe,QB,CLE,17,-0.04651034956256541,1.1582520146390074,0.0,27.351129363449694,137.0,model+realized,0.4799999999999999,0.9765853658536585,1.0,False,17.326523780609197,17.912809019552157,14.33294630811833,20.541010828989922,14.98325,8,-200.69773393510778,-252.88406640630055,-229.40021679426383,855,21,105,,,,
00-0040464,DJ Uiagalelei,QB,LAC,17,-0.03717644933323787,1.1651509843737278,0.0,25.374401095140314,300.0,model+realized,0.4799999999999999,0.9616,1.0,False,17.12355568207318,17.721055159724195,14.006854717334548,20.504880431026084,14.6875,8,-200.9007020336438,-252.92019680426438,-229.51142415748512,856,21,106,,,,
00-0034955,Brett Rypien,QB,MIN,17,-0.07519522413547812,1.1370501508242459,0.0,30.146475017111566,300.0,model+realized,0.4799999999999999,0.9771428571428571,1.0,False,17.015884832878353,17.606987347593428,14.055610918795546,20.313698687205832,14.95925,8,-201.00837288283861,-253.11137854808464,-229.66502599872393,857,21,107,,,,
00-0032156,Trevor Siemian,QB,TEN,17,0.0,1.1926292295330776,0.0,34.68309377138946,250.0,model+realized,0.4799999999999999,0.9253947368421053,1.0,False,16.82692225461287,17.411003797929133,13.627379916061868,20.352268090400102,14.13925,8,-201.1973354611041,-253.07280914489036,-229.72884598718656,858,21,108,,,,
00-0034899,John Wolford,QB,MIN,11,-0.030635874973642098,1.5937339796794538,0.0,30.87748117727584,300.0,model+realized,0.7240276689553429,0.6428499999999999,1.0,False,15.67020145233911,15.905885486384342,10.231947944313713,21.26161461759628,9.85975,8,-202.35405626337786,-252.1634626176942,-229.74922975825183,859,21,109,,,,
00-0038658,Adrian Martinez,QB,SF,17,-0.09255889863044428,1.124216130545358,0.024253562503633294,26.650239561943874,300.0,model+realized,0.49649242250247055,0.9771428571428571,1.0,False,16.7453387219682,17.29675027163949,13.737944783749583,20.077977701901073,14.93075,8,-201.27891899374876,-253.3470995333894,-229.91641829055112,860,21,110,,,,
00-0028986,Case Keenum,QB,CHI,17,-0.039080005973389474,1.1171942474175929,0.0,38.53798767967146,300.0,model+realized+age_prior,0.4799999999999999,0.9771428571428571,0.96,False,16.724872030102226,17.29859659391728,13.631508310097308,19.994750386981615,14.95375,8,-201.29938568561474,-253.43032684830885,-229.9714033250965,861,21,111,,,,
00-0034577,Kyle Allen,QB,DET,17,-0.13035966587395198,1.0962764330175478,0.05285941398709244,30.483230663928815,300.0,model+realized,0.5159444015112228,0.9771428571428571,1.0,False,16.381965129595848,16.951468999677516,13.42941920264934,19.72074007904741,14.924,8,-201.64229258612113,-253.70433715624307,-230.2764170996882,862,21,112,,,,
00-0040211,Graham Mertz,QB,HOU,17,-0.1078787556254542,1.1128927579838288,0.0,25.73579739904175,197.0,model+realized,0.4799999999999999,0.9616,1.0,False,16.403879016987396,16.959437192491492,13.314986410768647,19.68171253110947,14.72675,8,-201.62037869872958,-253.743364704181,-230.28802100172786,863,21,113,,,,
00-0033936,C.J. Beathard,QB,DET,17,0.0,1.1926292295330776,0.0,32.79123887748118,104.0,model+realized,0.4799999999999999,0.8761111111111111,1.0,False,15.990164971559118,16.491900398380025,12.5167072311542,19.64348640071635,13.41225,8,-202.03409274415785,-253.78159083457413,-230.49521669388682,864,21,114,,,,
00-0031237,Teddy Bridgewater,QB,TB,17,0.2486389658344541,1.3764058564541959,0.7507701927706913,33.80698151950719,32.0,model+realized,1.0112238870563792,0.6785648148148148,1.0,False,14.272998339163863,14.321782798497146,8.586261816272449,20.109334910855022,10.38025,8,-203.7512593765531,-253.31574232443546,-231.0117249978884,865,21,115,,,,
00-0035282,Easton Stick,QB,ATL,17,-0.21607577918045148,1.0329210449214394,0.0,30.978781656399725,166.0,model+realized,0.4799999999999999,0.9771428571428571,1.0,False,15.577671387114826,15.99518896146558,12.768366574681718,18.570748385643352,15.03625,8,-202.44658632860214,-254.85432884964712,-231.27084471517688,866,21,116,,,,
00-0035264,Jarrett Stidham,QB,DEN,17,-0.2273076042322675,1.0246192611874885,0.024253562503633294,30.064339493497606,133.0,model+realized,0.49649242250247055,0.9771428571428571,1.0,False,15.41162347193314,15.809325144185502,12.482960647029259,18.62520230937071,15.04725,8,-202.61263424378382,-254.79987492591977,-231.3156166189586,867,21,117,,,,
00-0032434,Brandon Allen,QB,TEN,17,-0.26019137222915195,1.0003138674506609,0.213431350031973,33.987679671457904,201.0,model+realized,0.6251333180217415,0.9771428571428571,1.0,False,14.99309308277558,15.424319270120753,11.288046685484327,18.734492891018334,14.97475,8,-203.0311646329414,-254.69058434427214,-231.44384547417332,868,21,118,,,,
00-0039331,Emory Jones,QB,ATL,17,0.0,1.1926292295330776,0.0,26.340862422997947,300.0,model+realized,0.4799999999999999,0.6978571428571428,1.0,False,12.733273311049588,12.984116561848463,8.63612827274057,16.681960515810527,10.70075,8,-205.29098440466737,-256.74311671947993,-233.58965717781427,869,21,119,,,,
