{
  "drive_outcomes": {
    "td": 0.22058351005719426,
    "fg": 0.14523488207698734,
    "def_td": 0.022877707088233404,
    "safety": 0.00257052888631836
  },
  "drives_mean": 11.194964028776978,
  "drives_sd": 1.699896224464452,
  "league_ppg": 22.88956834532374,
  "hfa_points": 1.4640287769784173,
  "margin_sd": 14.25146226539,
  "total_mean": 45.77913669064748,
  "total_sd": 13.917663750247723,
  "seasons": [
    2019,
    2020,
    2021,
    2022,
    2023
  ],
  "n_games": 1390
}